{"Version":"1.0","author":"O. Conrad, V. Olaya, V. Wichmann (c) 2002-11","library_description":"Tools for the manipulation of gridded data.","library_name":"grid_tools","library_name_title":"Grid Tools","tools":[{"author":"O.Conrad (c) 2003","parameters":[{"inputs":[{"constraints":"","description":"","identifier":"INPUT","name":"Grids","optional":"false","type":"Grid list (input)"},{"constraints":"","description":"use this grid's system for output grids","identifier":"TARGET_TEMPLATE","name":"Target System","optional":"true","type":"Grid (optional input)"}]},{"outputs":[{"constraints":"","description":"","identifier":"OUTPUT","name":"Resampled Grids","optional":"true","type":"Grid list (optional output)"}]},{"optionals":[{"constraints":"","description":"","identifier":"PARAMETERS_GRID_SYSTEM","name":"Grid system","type":"Grid system"},{"constraints":"Default: 0","description":"","identifier":"KEEP_TYPE","name":"Preserve Data Type","type":"Boolean"},{"constraints":"Available Choices:\n[0] Nearest Neighbour\n[1] Bilinear Interpolation\n[2] Bicubic Spline Interpolation\n[3] B-Spline Interpolation\n[4] Mean Value\n[5] Mean Value (cell area weighted)\n[6] Minimum Value\n[7] Maximum Value\n[8] Majority\nDefault: 5","description":"","identifier":"SCALE_UP","name":"Upscaling Method","type":"Choice"},{"constraints":"Available Choices:\n[0] Nearest Neighbour\n[1] Bilinear Interpolation\n[2] Bicubic Spline Interpolation\n[3] B-Spline Interpolation\nDefault: 3","description":"","identifier":"SCALE_DOWN","name":"Downscaling Method","type":"Choice"},{"constraints":"Available Choices:\n[0] user defined\n[1] grid or grid system\nDefault: 0","description":"","identifier":"TARGET_DEFINITION","name":"Target Grid System","type":"Choice"},{"constraints":"Minimum: 0.000000\nDefault: 1.000000","description":"","identifier":"TARGET_USER_SIZE","name":"Cellsize","type":"Floating point"},{"constraints":"Default: 0.000000","description":"","identifier":"TARGET_USER_XMIN","name":"Left","type":"Floating point"},{"constraints":"Default: 100.000000","description":"","identifier":"TARGET_USER_XMAX","name":"Right","type":"Floating point"},{"constraints":"Default: 0.000000","description":"","identifier":"TARGET_USER_YMIN","name":"Bottom","type":"Floating point"},{"constraints":"Default: 100.000000","description":"","identifier":"TARGET_USER_YMAX","name":"Top","type":"Floating point"},{"constraints":"Available Choices:\n[0] nodes\n[1] cells\nDefault: 0","description":"","identifier":"TARGET_USER_FITS","name":"Fit","type":"Choice"},{"constraints":"","description":"","identifier":"TARGET_SYSTEM","name":"Grid System","type":"Grid system"}]}],"tool_description":"Resampling of grids.","tool_id":"0","tool_name":"Resampling","tool_path":"http://geomodeling.njnu.edu.cn/OpenGMS/page/model-item-info/model-item-info.html?OThhYmY3M2MtYTI4OC00NWE2LWIwZTktNGJjMzBmMzhkN2NjYjA=","oid":"5b90e7bbd15d75093cb58752","stateId":"A469FEEE-4992-4552-A4C0-5ABF03B0FC3F"},{"author":"V.Olaya (c) 2005","parameters":[{"inputs":[{"constraints":"","description":"","identifier":"INPUT","name":"Grid","optional":"false","type":"Grid (input)"}]},{"outputs":[{"constraints":"","description":"","identifier":"OUTPUT","name":"Aggregated Grid","optional":"true","type":"Data Object Grid (optional output)"}]},{"optionals":[{"constraints":"","description":"","identifier":"PARAMETERS_GRID_SYSTEM","name":"Grid system","type":"Grid system"},{"constraints":"Minimum: 2\nDefault: 2","description":"","identifier":"SIZE","name":"Aggregation Size","type":"Integer"},{"constraints":"Available Choices:\n[0] Sum\n[1] Minimum\n[2] Maximum\n[3] Median\n[4] Mean\nDefault: 0","description":"","identifier":"METHOD","name":"Method","type":"Choice"}]}],"tool_description":"Resamples a raster layer to a lower resolution, aggregatingthe values of a group of cells. This should be used in any case in which a normalresampling will result in wrong values in the resulting layer, such as, for instance,the number of elements of a given class in each cell.","tool_id":"1","tool_name":"Aggregate","tool_path":"http://geomodeling.njnu.edu.cn/OpenGMS/page/model-item-info/model-item-info.html?YTEyNzVhNjgtYzU4Zi00NWI3LTg3Y2YtMDYxMDEwM2ViMTYyM2I=","oid":"5b90e7bbd15d75093cb58753","stateId":"8745370A-1F29-47a4-9D87-73F56F770561"},{"author":"O.Conrad (c) 2003","parameters":[{"inputs":[{"constraints":"","description":"","identifier":"GRIDS","name":"Grids","optional":"false","type":"Grid list (input)"}]},{"outputs":[{"constraints":"","description":"","identifier":"CLIPPED","name":"Clipped Grids","optional":"false","type":"Grid list (output)"}]},{"optionals":[{"constraints":"","description":"","identifier":"PARAMETERS_GRID_SYSTEM","name":"Grid system","type":"Grid system"},{"constraints":"Default: 1","description":"","identifier":"RUN_ONCE","name":"Run Once","type":"Boolean"}]}],"tool_description":"Clip selected grids to interactively defined extent.","tool_id":"2","tool_name":"Clip Grids","tool_path":"http://geomodeling.njnu.edu.cn/OpenGMS/page/model-item-info/model-item-info.html?MTQ5MTM0NzYtMzA4Ny00OWY1LWJjYWQtZDY2YmZjZTlhN2IzMTY=","oid":"5b90e7bbd15d75093cb5875c","stateId":"54434944-A696-4f37-A411-1AD669208152"},{"author":"O.Conrad (c) 2003-17","parameters":[{"inputs":[{"constraints":"","description":"","identifier":"GRIDS","name":"Grids","optional":"false","type":"Grid list (input)"},{"constraints":"","description":"use this grid's system for output grids","identifier":"TARGET_TEMPLATE","name":"Target System","optional":"true","type":"Grid (optional input)"}]},{"outputs":[{"constraints":"","description":"","identifier":"TARGET_OUT_GRID","name":"Target Grid","optional":"false","type":"Grid (output)"}]},{"optionals":[{"constraints":"Default: Mosaic","description":"","identifier":"NAME","name":"Name","type":"Text"},{"constraints":"Available Choices:\n[0] 1 bit\n[1] 1 byte unsigned integer\n[2] 1 byte signed integer\n[3] 2 byte unsigned integer\n[4] 2 byte signed integer\n[5] 4 byte unsigned integer\n[6] 4 byte signed integer\n[7] 4 byte floating point\n[8] 8 byte floating point\n[9] same as first grid in list\nDefault: 9","description":"","identifier":"TYPE","name":"Data Storage Type","type":"Choice"},{"constraints":"Available Choices:\n[0] Nearest Neighbour\n[1] Bilinear Interpolation\n[2] Bicubic Spline Interpolation\n[3] B-Spline Interpolation\nDefault: 3","description":"","identifier":"RESAMPLING","name":"Resampling","type":"Choice"},{"constraints":"Available Choices:\n[0] first\n[1] last\n[2] minimum\n[3] maximum\n[4] mean\n[5] blend boundary\n[6] feathering\nDefault: 1","description":"","identifier":"OVERLAP","name":"Overlapping Areas","type":"Choice"},{"constraints":"Minimum: 0.000000\nDefault: 10.000000","description":"blending distance given in map units","identifier":"BLEND_DIST","name":"Blending Distance","type":"Floating point"},{"constraints":"Available Choices:\n[0] none\n[1] match histogram of first grid in list\n[2] match histogram of overlapping area\n[3] regression\nDefault: 0","description":"","identifier":"MATCH","name":"Match","type":"Choice"},{"constraints":"Available Choices:\n[0] user defined\n[1] grid or grid system\nDefault: 0","description":"","identifier":"TARGET_DEFINITION","name":"Target Grid System","type":"Choice"},{"constraints":"Minimum: 0.000000\nDefault: 1.000000","description":"","identifier":"TARGET_USER_SIZE","name":"Cellsize","type":"Floating point"},{"constraints":"Default: 0.000000","description":"","identifier":"TARGET_USER_XMIN","name":"Left","type":"Floating point"},{"constraints":"Default: 100.000000","description":"","identifier":"TARGET_USER_XMAX","name":"Right","type":"Floating point"},{"constraints":"Default: 0.000000","description":"","identifier":"TARGET_USER_YMIN","name":"Bottom","type":"Floating point"},{"constraints":"Default: 100.000000","description":"","identifier":"TARGET_USER_YMAX","name":"Top","type":"Floating point"},{"constraints":"Available Choices:\n[0] nodes\n[1] cells\nDefault: 0","description":"","identifier":"TARGET_USER_FITS","name":"Fit","type":"Choice"},{"constraints":"","description":"","identifier":"TARGET_SYSTEM","name":"Grid System","type":"Grid system"}]}],"tool_description":"Merges multiple grids into one single grid.","tool_id":"3","tool_name":"Mosaicking","tool_path":"http://geomodeling.njnu.edu.cn/OpenGMS/page/model-item-info/model-item-info.html?MTA2Mzk5YTQtYTE0OC00YWVmLWJkOWQtNDE5MTU2NTQ0NzU2MWE=","oid":"5b90e7bbd15d75093cb58767","stateId":"7E5F02E4-FC31-4477-B86E-7A6F4A2AE79D"},{"author":"Victor Olaya (c) 2004","parameters":[{"inputs":[{"constraints":"","description":"use this grid's system for output grids","identifier":"TEMPLATE","name":"Target System","optional":"true","type":"Grid (optional input)"}]},{"outputs":[{"constraints":"","description":"","identifier":"OUT_GRID","name":"Target Grid","optional":"false","type":"Grid (output)"}]},{"optionals":[{"constraints":"Default: Constant Grid","description":"","identifier":"NAME","name":"Name","type":"Text"},{"constraints":"Default: 1.000000","description":"","identifier":"CONST","name":"Constant Value","type":"Floating point"},{"constraints":"Available Choices:\n[0] bit\n[1] unsigned 1 byte integer\n[2] signed 1 byte integer\n[3] unsigned 2 byte integer\n[4] signed 2 byte integer\n[5] unsigned 8 byte integer\n[6] signed 8 byte integer\n[7] 4 byte floating point number\n[8] 8 byte floating point number\nDefault: 7","description":"","identifier":"TYPE","name":"Data Type","type":"Choice"},{"constraints":"Available Choices:\n[0] user defined\n[1] grid or grid system\nDefault: 0","description":"","identifier":"DEFINITION","name":"Target Grid System","type":"Choice"},{"constraints":"Minimum: 0.000000\nDefault: 1.000000","description":"","identifier":"USER_SIZE","name":"Cellsize","type":"Floating point"},{"constraints":"Default: 0.000000","description":"","identifier":"USER_XMIN","name":"Left","type":"Floating point"},{"constraints":"Default: 100.000000","description":"","identifier":"USER_XMAX","name":"Right","type":"Floating point"},{"constraints":"Default: 0.000000","description":"","identifier":"USER_YMIN","name":"Bottom","type":"Floating point"},{"constraints":"Default: 100.000000","description":"","identifier":"USER_YMAX","name":"Top","type":"Floating point"},{"constraints":"Available Choices:\n[0] nodes\n[1] cells\nDefault: 0","description":"","identifier":"USER_FITS","name":"Fit","type":"Choice"},{"constraints":"","description":"","identifier":"SYSTEM","name":"Grid System","type":"Grid system"}]}],"tool_description":"Constant grid creation.","tool_id":"4","tool_name":"Constant Grid","tool_path":"http://geomodeling.njnu.edu.cn/OpenGMS/page/model-item-info/model-item-info.html?NTg2OWJjNjMtNDNlOS00MTNkLWE2YWQtODQxMzBjOTVlY2I5OWU=","oid":"5b90e7bbd15d75093cb58770","stateId":"7194CC0F-E1ED-47af-A8D1-97D3400D983F"},{"author":"O.Conrad (c) 2003","parameters":[{"inputs":[{"constraints":"","description":"","identifier":"ORIGINAL","name":"Grid","optional":"false","type":"Grid (input)"},{"constraints":"","description":"","identifier":"ADDITIONAL","name":"Patch Grid","optional":"false","type":"Grid (input)"}]},{"outputs":[{"constraints":"","description":"","identifier":"COMPLETED","name":"Completed Grid","optional":"false","type":"Grid (output)"}]},{"optionals":[{"constraints":"","description":"","identifier":"PARAMETERS_GRID_SYSTEM","name":"Grid system","type":"Grid system"},{"constraints":"","description":"","identifier":"ADDITIONAL_GRIDSYSTEM","name":"Grid system","type":"Grid system"},{"constraints":"Available Choices:\n[0] Nearest Neighbour\n[1] Bilinear Interpolation\n[2] Bicubic Spline Interpolation\n[3] B-Spline Interpolation\nDefault: 3","description":"","identifier":"RESAMPLING","name":"Resampling","type":"Choice"}]}],"tool_description":"Fill gaps of a grid with data from another grid. ","tool_id":"5","tool_name":"Patching","tool_path":"http://geomodeling.njnu.edu.cn/OpenGMS/page/model-item-info/model-item-info.html?NTNiZmU1OWQtNjE1MC00MjYyLWE2OTEtMGExY2Q3NzE3YzVmOGY=","oid":"5b90e7bbd15d75093cb58771","stateId":"257E576A-995A-46ea-8BEA-5336AE346A18"},{"author":"O.Conrad (c) 2001","parameters":[{"inputs":[{"constraints":"","description":"","identifier":"INPUT","name":"Grid","optional":"false","type":"Grid (input)"}]},{"outputs":[{"constraints":"","description":"","identifier":"RESULT","name":"Changed Grid","optional":"false","type":"Grid (output)"}]},{"optionals":[{"constraints":"","description":"","identifier":"PARAMETERS_GRID_SYSTEM","name":"Grid system","type":"Grid system"},{"constraints":"Available Choices:\n[0] Neumann\n[1] Moore\nDefault: 1","description":"Neumann: the four horizontally and vertically neighboured cells; Moore: all eight adjacent cells","identifier":"MODE","name":"Neighbourhood","type":"Choice"}]}],"tool_description":"Closes one cell gaps using the mean value of the surrounding cell values. If the target is not set, the changes will be stored to the original grid. ","tool_id":"6","tool_name":"Close One Cell Gaps","tool_path":"http://geomodeling.njnu.edu.cn/OpenGMS/page/model-item-info/model-item-info.html?NWRhOTBhNDMtY2E5ZS00YjBkLWJmZmUtZDI0ZGMzMDc2NTRhMGY=","oid":"5b90e7bbd15d75093cb58772","stateId":"0286F31A-F0E3-4886-A3C3-1272DF294315"},{"author":"O.Conrad (c) 2002","parameters":[{"inputs":[{"constraints":"","description":"","identifier":"INPUT","name":"Grid","optional":"false","type":"Grid (input)"},{"constraints":"","description":"","identifier":"MASK","name":"Mask","optional":"true","type":"Grid (optional input)"}]},{"outputs":[{"constraints":"","description":"","identifier":"RESULT","name":"Changed Grid","optional":"true","type":"Grid (optional output)"}]},{"optionals":[{"constraints":"","description":"","identifier":"PARAMETERS_GRID_SYSTEM","name":"Grid system","type":"Grid system"},{"constraints":"Default: 0.100000","description":"","identifier":"THRESHOLD","name":"Tension Threshold","type":"Floating point"}]}],"tool_description":"Close gaps of a grid data set (i.e. eliminate no data values). If the target is not set, the changes will be stored to the original grid. ","tool_id":"7","tool_name":"Close Gaps","tool_path":"http://geomodeling.njnu.edu.cn/OpenGMS/page/model-item-info/model-item-info.html?M2Q1NWVkZTItMTZiYS00ZGUyLWI5MTAtNDkwNmZlY2Y1ZWJkNWY=","oid":"5b90e7bbd15d75093cb58773","stateId":"8F52D92F-E43E-4601-9C0C-64ACF0A91E32"},{"author":"Victor Olaya (c) 2004","parameters":[{"inputs":[{"constraints":"","description":"","identifier":"FEATURES","name":"Features","optional":"false","type":"Grid (input)"}]},{"outputs":[{"constraints":"","description":"","identifier":"BUFFER","name":"Buffer","optional":"false","type":"Grid (output)"}]},{"optionals":[{"constraints":"","description":"","identifier":"PARAMETERS_GRID_SYSTEM","name":"Grid system","type":"Grid system"},{"constraints":"Available Choices:\n[0] fixed\n[1] cell's value\nDefault: 0","description":"","identifier":"TYPE","name":"Type","type":"Choice"},{"constraints":"Minimum: 0.000000\nDefault: 1000.000000","description":"Fixed buffer distance given in map units.","identifier":"DISTANCE","name":"Distance","type":"Floating point"}]}],"tool_description":"This tool creates buffers around features in a grid. Features are defined by any value greater than zero. With the buffer distance method 'cell's value', the feature grid's cell values are used as buffer distance. In any case the buffer distance has to be specified using map units. The output buffer grid cell values refer to 1 := inside the buffer, 2 := feature location. ","tool_id":"8","tool_name":"Grid Buffer","tool_path":"http://geomodeling.njnu.edu.cn/OpenGMS/page/model-item-info/model-item-info.html?OGUwMWVkOWYtOGQ0Mi00Nzg1LTgxYjQtZGE2MTNlNGE3NDgxMDI=","oid":"5b90e7bbd15d75093cb58774","stateId":"3CABFF71-879E-4916-9669-AFDFC4CCFF76"},{"author":"","parameters":[{"inputs":[{"constraints":"","description":"","identifier":"FEATURES","name":"Features Grid","optional":"false","type":"Grid (input)"},{"constraints":"","description":"","identifier":"VALUE","name":"Value Grid","optional":"false","type":"Grid (input)"},{"constraints":"","description":"","identifier":"THRESHOLDGRID","name":"Threshold Grid","optional":"true","type":"Grid (optional input)"}]},{"outputs":[{"constraints":"","description":"","identifier":"BUFFER","name":"Buffer Grid","optional":"false","type":"Grid (output)"}]},{"optionals":[{"constraints":"","description":"","identifier":"PARAMETERS_GRID_SYSTEM","name":"Grid system","type":"Grid system"},{"constraints":"Default: 0.000000","description":"Threshold (Grid Units)","identifier":"THRESHOLD","name":"Threshold","type":"Floating point"},{"constraints":"Available Choices:\n[0] Absolute\n[1] Relative from cell value\nDefault: 0","description":"","identifier":"THRESHOLDTYPE","name":"Threshold Type","type":"Choice"}]}],"tool_description":"(c) 2004 by Victor Olaya. Threshold Buffer Creation","tool_id":"9","tool_name":"Threshold Buffer","tool_path":"http://geomodeling.njnu.edu.cn/OpenGMS/page/model-item-info/model-item-info.html?MDcyNzMyY2QtNTI3Mi00MmE0LWFkMmUtZTM3M2MxZWI0ZjZlMjQ=","oid":"5b90e7bbd15d75093cb58775","stateId":"59B8EC19-CA99-420d-8DDA-34D64D3D2E88"},{"author":"Copyrights (c) 2006 by Volker Wichmann","parameters":[{"inputs":[{"constraints":"","description":"Grid with features to be buffered [Category/NoData]","identifier":"SOURCE","name":"Source Grid","optional":"false","type":"Grid (input)"}]},{"outputs":[{"constraints":"","description":"Grid with euclidian distance to nearest source cell [grid units]","identifier":"DISTANCE","name":"Distance Grid","optional":"false","type":"Grid (output)"},{"constraints":"","description":"Grid with category of nearest source cell [Category]","identifier":"ALLOC","name":"Allocation Grid","optional":"false","type":"Grid (output)"},{"constraints":"","description":"Reclassification of distance grid to buffer zones with a width equal to the equidistance value.","identifier":"BUFFER","name":"Buffer Grid","optional":"false","type":"Grid (output)"}]},{"optionals":[{"constraints":"","description":"","identifier":"PARAMETERS_GRID_SYSTEM","name":"Grid system","type":"Grid system"},{"constraints":"Default: 500.000000","description":"Buffer distance (grid units).","identifier":"DIST","name":"Buffer distance","type":"Floating point"},{"constraints":"Default: 100","description":"Reclassify buffer distance to intervals of euqidistance ...","identifier":"IVAL","name":"Equidistance","type":"Integer"}]}],"tool_description":"This tool calculates the euclidian distance within a buffer distance from all NoData cells to the nearest valid neighbour in a source grid. Additionally, the source cells define the zones that will be used in the euclidean allocation calculations. Cell values in the source grid are treated as IDs (integer) and used in the allocation grid to identify the grid value of the closest source cell. If a cell is at an equal distance to two or more sources, the cell is assigned to the source that is first encountered in the tools scanning process. The buffer grid is a reclassification of the distance grid using a user specified equidistance to create a set of discrete distance buffers from source features. The buffer zones are coded with the maximum distance value of the corresponding buffer interval. The output value type for the distance grid is floating-point. The output values for the allocation and buffer grid are of type integer. The duration of tool execution is dependent on the number of source cells and the buffer distance.","tool_id":"10","tool_name":"Grid Proximity Buffer","tool_path":"http://geomodeling.njnu.edu.cn/OpenGMS/page/model-item-info/model-item-info.html?MTRkYWJiZDktZTEzNi00MWE1LTg3YmUtMjgwYWNhNmRhNDZhNDA=","oid":"5b90e7bbd15d75093cb58754","stateId":"B9F81D59-5B87-4339-B7C9-6627E3937F94"},{"author":"O.Conrad (c) 2003","parameters":[{"inputs":[{"constraints":"","description":"","identifier":"INPUT","name":"Grid","optional":"false","type":"Grid (input)"}]},{"outputs":[{"constraints":"","description":"","identifier":"OUTPUT","name":"Converted Grid","optional":"true","type":"Grid (optional output)"}]},{"optionals":[{"constraints":"","description":"","identifier":"PARAMETERS_GRID_SYSTEM","name":"Grid system","type":"Grid system"},{"constraints":"Available Choices:\n[0] bit\n[1] unsigned 1 byte integer\n[2] signed 1 byte integer\n[3] unsigned 2 byte integer\n[4] signed 2 byte integer\n[5] unsigned 4 byte integer\n[6] signed 4 byte integer\n[7] 4 byte floating point number\n[8] 8 byte floating point number\nDefault: 7","description":"","identifier":"TYPE","name":"Data storage type","type":"Choice"},{"constraints":"Default: 0.000000","description":"","identifier":"OFFSET","name":"Offset","type":"Floating point"},{"constraints":"Default: 1.000000","description":"","identifier":"SCALE","name":"Scale","type":"Floating point"}]}],"tool_description":"Changes a grid's data storage type, offset and scaling, e.g. from 4 byte floating point to 2 byte signed integer. This might be useful to increase precision or to save memory. If the target is not set, the original grid's storage type will be changed.","tool_id":"11","tool_name":"Change Data Storage","tool_path":"http://geomodeling.njnu.edu.cn/OpenGMS/page/model-item-info/model-item-info.html?MTMxNGE3OTQtZjhkYi00Y2IxLWEyYzgtODljYjhhNjI4ZjI1ODU=","oid":"5b90e7bbd15d75093cb58755","stateId":"D264C6C7-9043-438c-B8F0-A948A7CB1329"},{"author":"O.Conrad (c) 2001","parameters":[{"inputs":[{"constraints":"","description":"","identifier":"INPUT","name":"Grid","optional":"false","type":"Grid (input)"},{"constraints":"","description":"Synchronize with look-up table classification of another grid (gui only).","identifier":"GRID","name":"Grid Classification","optional":"false","type":"Grid (input)"}]},{"outputs":[{"constraints":"","description":"","identifier":"OUTPUT","name":"Changed Grid","optional":"true","type":"Grid (optional output)"}]},{"optionals":[{"constraints":"","description":"","identifier":"PARAMETERS_GRID_SYSTEM","name":"Grid system","type":"Grid system"},{"constraints":"Available Choices:\n[0] identity\n[1] range\n[2] synchronize look-up table classification\nDefault: 0","description":"","identifier":"METHOD","name":"Replace Condition","type":"Choice"}]}],"tool_description":"Changes values of a grid according to the rules of a user defined lookup table. Values or value ranges that are not listed in the lookup table remain unchanged. If the target is not set, the changes will be stored to the original grid. ","tool_id":"12","tool_name":"Change Grid Values","tool_path":"http://geomodeling.njnu.edu.cn/OpenGMS/page/model-item-info/model-item-info.html?MGIwODgzNzktMTFlOS00YTFkLTk2ZjItOGYzZDc1OWM1MDlkOTY=","oid":"5b90e7bbd15d75093cb58756","stateId":"E8CEB9D2-BF22-4af0-9DAA-33181DCEC9BA"},{"author":"Victor Olaya (c) 2004","parameters":[{"inputs":[{"constraints":"","description":"The grid to modify.","identifier":"GRID","name":"Grid","optional":"false","type":"Grid (input)"}]},null,{"optionals":[{"constraints":"","description":"","identifier":"PARAMETERS_GRID_SYSTEM","name":"Grid system","type":"Grid system"},{"constraints":"Default: 0.000000","description":"The value to apply.","identifier":"VALUE","name":"Value","type":"Floating point"},{"constraints":"Available Choices:\n[0] set\n[1] add\n[2] subtract\nDefault: 0","description":"Choose how to apply the new value.","identifier":"METHOD","name":"Method","type":"Choice"},{"constraints":"Minimum: 0.000000\nDefault: 0.000000","description":"Change all values within radius.","identifier":"RADIUS","name":"Radius","type":"Floating point"}]}],"tool_description":"The tool allows one to interactively change cell values of the input grid. Once the tool is executed and running, you can use the Action tool to select grid cells. While working on a grid, you can change (and apply) the 'New Value' and the 'Method' parameters without stopping and re-starting the tool.\n","tool_id":"13","tool_name":"Change Cell Values","tool_path":"","oid":"","stateId":""},{"author":"(c) 2003 by O.Conrad","parameters":[{"inputs":[{"constraints":"","description":"","identifier":"GRID_LIST","name":"Grids to request","optional":"false","type":"Grid list (input)"}]},{"outputs":[{"constraints":"","description":"","identifier":"VALUES","name":"Values","optional":"false","type":"Table (output)"}]},{"optionals":[{"constraints":"Available Choices:\n[0] Single value\n[1] Collect values\nDefault: 0","description":"","identifier":"METHOD","name":"Method","type":"Choice"},{"constraints":"Available Choices:\n[0] Nearest Neighbour\n[1] Bilinear Interpolation\n[2] Bicubic Spline Interpolation\n[3] B-Spline Interpolation\nDefault: 3","description":"","identifier":"RESAMPLING","name":"Resampling","type":"Choice"}]}],"tool_description":"The tool reads out grids values from one or more input grids and reports these in a table. Besides the grid value(s), the x- and y-coordinates of the queried cell(s) are reported. The reported grid coordinates (column, row) are those of the first input grid.\n","tool_id":"14","tool_name":"Grid Value Request","tool_path":"http://geomodeling.njnu.edu.cn/OpenGMS/page/model-item-info/model-item-info.html?ZTU4MzA3YjUtOWVjNC00ZjU2LWI1ZWQtY2IxNzJjYzI5OWI5ODE=","oid":"5b90e7bbd15d75093cb58757","stateId":"FF27BE9A-BD44-45e7-80DF-E5E000E9D249"},{"author":"Copyrights (c) 2005 by Volker Wichmann","parameters":[{"inputs":[{"constraints":"","description":"Grid to reclassify","identifier":"INPUT","name":"Grid","optional":"false","type":"Grid (input)"},{"constraints":"","description":"Lookup table used in method \"user supplied table\"","identifier":"RETAB_2","name":"Lookup Table","optional":"true","type":"Table (optional input)"}]},{"outputs":[{"constraints":"","description":"Reclassified grid.","identifier":"RESULT","name":"Reclassified Grid","optional":"false","type":"Grid (output)"}]},{"optionals":[{"constraints":"","description":"","identifier":"PARAMETERS_GRID_SYSTEM","name":"Grid system","type":"Grid system"},{"constraints":"Available Choices:\n[0] single\n[1] range\n[2] simple table\n[3] user supplied table\nDefault: 0","description":"Select the desired method: 1. a single value or a range defined by a single value is reclassified, 2. a range of values is reclassified, 3. the lookup table is used to reclassify the grid.","identifier":"METHOD","name":"Method","type":"Choice"},{"constraints":"Default: 0.000000","description":"Value to reclassify.","identifier":"OLD","name":"old value","type":"Floating point"},{"constraints":"Default: 1.000000","description":"New value.","identifier":"NEW","name":"new value","type":"Floating point"},{"constraints":"Available Choices:\n[0] =\n[1] <\n[2] <=\n[3] >=\n[4] >\nDefault: 0","description":"Select the desired operator (<;.;=; >;.); it is possible to define a range above or below the old value.","identifier":"SOPERATOR","name":"operator","type":"Choice"},{"constraints":"Default: 0.000000","description":"Minimum value of the range to be reclassified.","identifier":"MIN","name":"minimum value","type":"Floating point"},{"constraints":"Default: 10.000000","description":"Maximum value of the range to be reclassified.","identifier":"MAX","name":"maximum value","type":"Floating point"},{"constraints":"Default: 5.000000","description":"new value","identifier":"RNEW","name":"new value","type":"Floating point"},{"constraints":"Available Choices:\n[0] <=\n[1] <\nDefault: 0","description":"Select operator: eg. min < value < max.","identifier":"ROPERATOR","name":"operator","type":"Choice"},{"constraints":"Available Choices:\n[0] min <= value < max\n[1] min <= value <= max\n[2] min < value <= max\n[3] min < value < max\nDefault: 0","description":"Select the desired operator (min < value < max; min . value < max; min .value . max; min < value . max).","identifier":"TOPERATOR","name":"operator","type":"Choice"},{"constraints":"","description":"","identifier":"F_MIN","name":"minimum value","type":"Table field"},{"constraints":"","description":"","identifier":"F_MAX","name":"maximum value","type":"Table field"},{"constraints":"","description":"","identifier":"F_CODE","name":"new value","type":"Table field"},{"constraints":"Default: 0","description":"Use this option to reclassify No-Data values independently of the method settings.","identifier":"NODATAOPT","name":"no data values","type":"Boolean"},{"constraints":"Default: 0.000000","description":"new value","identifier":"NODATA","name":"new value","type":"Floating point"},{"constraints":"Default: 0","description":"Use this option to reclassify all other values that are not specified in the options above.","identifier":"OTHEROPT","name":"other values","type":"Boolean"},{"constraints":"Default: 0.000000","description":"new value","identifier":"OTHERS","name":"new value","type":"Floating point"},{"constraints":"Available Choices:\n[0] NoData value of input grid\n[1] user defined NoData value\nDefault: 0","description":"Choose how to handle the NoData value of the output grid.","identifier":"RESULT_NODATA_CHOICE","name":"Assign ...","type":"Choice"},{"constraints":"Default: -99999.000000","description":"User defined NoData value for output grid.","identifier":"RESULT_NODATA_VALUE","name":"NoData Value","type":"Floating point"}]}],"tool_description":"The tool can be used to reclassify the values of a grid. It provides three different options:\n(a) reclassification of single values\n(b) reclassification of a range of values\n(c) reclassification of value ranges specified in a lookup table\n\nIn addition to these methods, two special cases (NoData values and values not included in the reclassification setup) are supported.\nWith reclassification mode (a) and (b), the 'NoData option' is evaluated before the 'Method' settings. In reclassification mode (c) the option is evaluated only if the NoData value is not included in the lookup table.\nThe 'other values' option is always evaluated after checking the 'Method' settings.\n\nThe tool allows one to define the NoData value of the output grid (header): by default, the output grid gets assigned the NoData value of the input grid. But it is also possible to assign a user defined NoData value.\n\n","tool_id":"15","tool_name":"Reclassify Grid Values","tool_path":"http://geomodeling.njnu.edu.cn/OpenGMS/page/model-item-info/model-item-info.html?ZGQ0YzQ4MDgtYzc1Ni00ZDlmLTlhYjItMTVlNDU3YmRhODliMGE=","oid":"5b90e7bbd15d75093cb58758","stateId":"568130EE-7F28-4161-A74D-520B2A91385D"},{"author":"A.Ringeler (c) 2005, O.Conrad (c) 2006","parameters":[{"inputs":[{"constraints":"","description":"","identifier":"GRID_IN","name":"Grid","optional":"false","type":"Grid (input)"}]},{"outputs":[{"constraints":"","description":"","identifier":"GRID_OUT","name":"Changed Grid","optional":"true","type":"Grid (optional output)"}]},{"optionals":[{"constraints":"","description":"","identifier":"PARAMETERS_GRID_SYSTEM","name":"Grid system","type":"Grid system"},{"constraints":"Default: 1.000000","description":"","identifier":"FILL","name":"Fill Value","type":"Floating point"},{"constraints":"Available Choices:\n[0] value at mouse position\n[1] fixed value\n[2] tolerance as absolute values\nDefault: 0","description":"","identifier":"METHOD","name":"Value to be replaced","type":"Choice"},{"constraints":"Default: 0.000000","description":"","identifier":"ZFIXED","name":"Fixed value to be replaced","type":"Floating point"},{"constraints":"Default: 1.000000","description":"","identifier":"DZMAX","name":"Upper Tolerance","type":"Floating point"},{"constraints":"Default: -1.000000","description":"","identifier":"DZMIN","name":"Lower Tolerance","type":"Floating point"},{"constraints":"Default: 0","description":"","identifier":"NODATA","name":"Fill NoData","type":"Boolean"}]}],"tool_description":"Interactively use the flood fill method to replace a grid's cell values. If the target is not set, the changes will be stored to the original grid. ","tool_id":"16","tool_name":"Change Grid Values - Flood Fill","tool_path":"http://geomodeling.njnu.edu.cn/OpenGMS/page/model-item-info/model-item-info.html?YzllNjE1ZDEtNTdlZi00N2YzLTk2YWEtZDRhMjk5MDc4MzNlNGE=","oid":"5b90e7bbd15d75093cb58759","stateId":"F9AD94D1-ED71-4315-9307-1302B86A4D32"},{"author":"V.Olaya (c) 2004","parameters":[{"inputs":[{"constraints":"","description":"","identifier":"INPUT","name":"Grids","optional":"false","type":"Grid list (input)"}]},{"outputs":[{"constraints":"","description":"","identifier":"OUTPUT","name":"Cropped Grids","optional":"false","type":"Grid list (output)"}]},{"optionals":[{"constraints":"","description":"","identifier":"PARAMETERS_GRID_SYSTEM","name":"Grid system","type":"Grid system"}]}],"tool_description":"Crop grids to valid data cells","tool_id":"17","tool_name":"Crop to Data","tool_path":"http://geomodeling.njnu.edu.cn/OpenGMS/page/model-item-info/model-item-info.html?NTM0MTE0YmQtYjIxNC00YmEzLWE1ZmUtN2NmZjU1YzRkN2M3ZGM=","oid":"5b90e7bbd15d75093cb5875a","stateId":"0928FCF2-9BCA-498f-97F3-B7156C0BCF56"},{"author":"","parameters":[{"inputs":[{"constraints":"","description":"","identifier":"INPUT","name":"Grid","optional":"false","type":"Grid (input)"}]},{"outputs":[{"constraints":"","description":"","identifier":"OUTPUT","name":"Result","optional":"false","type":"Grid (output)"}]},{"optionals":[{"constraints":"","description":"","identifier":"PARAMETERS_GRID_SYSTEM","name":"Grid system","type":"Grid system"}]}],"tool_description":"(c) 2005 Victor Olaya.","tool_id":"18","tool_name":"Invert Data/No-Data","tool_path":"http://geomodeling.njnu.edu.cn/OpenGMS/page/model-item-info/model-item-info.html?YzMwNjE1ZWItMmMxMC00OGFlLWFjMDQtNzRjMGM0MTUzNzMzNzQ=","oid":"5b90e7bbd15d75093cb5875b","stateId":"82493482-099F-4c38-8080-4D2D37E7E8CE"},{"author":"","parameters":[{"inputs":[{"constraints":"","description":"","identifier":"GRID1","name":"Grid 1","optional":"false","type":"Grid (input)"},{"constraints":"","description":"","identifier":"GRID2","name":"Grid 2","optional":"false","type":"Grid (input)"}]},{"outputs":[{"constraints":"","description":"","identifier":"RESULT","name":"Result","optional":"false","type":"Grid (output)"}]},{"optionals":[{"constraints":"","description":"","identifier":"PARAMETERS_GRID_SYSTEM","name":"Grid system","type":"Grid system"}]}],"tool_description":"(c) 2005 by Victor Olaya.","tool_id":"20","tool_name":"Combine Grids","tool_path":"http://geomodeling.njnu.edu.cn/OpenGMS/page/model-item-info/model-item-info.html?MTFjZDQzNTYtZTQzMC00NTdkLWE4YWUtMDQ2OTlmZTQzZWE0M2Y=","oid":"5b90e7bbd15d75093cb5875d","stateId":"2193FED8-B56D-43cd-8086-EE781BADAB8E"},{"author":"Victor Olaya (c) 2004","parameters":[{"inputs":[{"constraints":"","description":"","identifier":"GRID","name":"Grid","optional":"false","type":"Grid (input)"}]},{"outputs":[{"constraints":"","description":"","identifier":"INDEX","name":"Index","optional":"false","type":"Grid (output)"}]},{"optionals":[{"constraints":"","description":"","identifier":"PARAMETERS_GRID_SYSTEM","name":"Grid system","type":"Grid system"},{"constraints":"Available Choices:\n[0] ascending\n[1] descending\nDefault: 0","description":"","identifier":"ORDER","name":"Sorting Order","type":"Choice"}]}],"tool_description":"Creates an index grid according to the cell values either in ascending or descending order.","tool_id":"21","tool_name":"Grid Cell Index","tool_path":"http://geomodeling.njnu.edu.cn/OpenGMS/page/model-item-info/model-item-info.html?ZTg4MjIxNDQtZTczMS00NzRlLTk1MjgtODBjYTNhYTUzZWE4YjY=","oid":"5b90e7bbd15d75093cb5875e","stateId":"19BB88CD-6A0F-45fd-855B-0F0F147E96CB"},{"author":"Victor Olaya (c) 2004","parameters":[{"inputs":[{"constraints":"","description":"The table with the (numeric) data values for each class. The tool creates a grid for each table column (besides the ID).","identifier":"TABLE","name":"Table","optional":"false","type":"Table (input)"},{"constraints":"","description":"The grid coded with the class IDs.","identifier":"CLASSES","name":"Classes","optional":"false","type":"Grid (input)"}]},{"outputs":[{"constraints":"","description":"The output grids, one grid for each table column.","identifier":"GRIDS","name":"Grids","optional":"true","type":"Grid list (optional output)"}]},{"optionals":[{"constraints":"","description":"","identifier":"PARAMETERS_GRID_SYSTEM","name":"Grid system","type":"Grid system"},{"constraints":"","description":"The attribute with the class IDs, used to link the table and the grid.","identifier":"ID_FIELD","name":"Attribute","type":"Table field"}]}],"tool_description":"Creates several grids using a classified grid and a table with data values for each class.","tool_id":"22","tool_name":"Grids from classified grid and table","tool_path":"http://geomodeling.njnu.edu.cn/OpenGMS/page/model-item-info/model-item-info.html?MzM2NGZhNjktZDAzNS00ZjcxLWI5N2QtMjAwZDQxODU4MzlkNGQ=","oid":"5b90e7bbd15d75093cb5875f","stateId":"0A3BE099-BE54-4929-A4F4-A3FDC82A8A97"},{"author":"Volker Wichmann (c) 2007","parameters":[{"inputs":[{"constraints":"","description":"","identifier":"SHAPESLIST","name":"Shapes Layers","optional":"false","type":"Shapes list (input)"},{"constraints":"","description":"","identifier":"GRIDLIST","name":"Grids","optional":"false","type":"Grid list (input)"}]},{"outputs":[{"constraints":"","description":"","identifier":"GRID","name":"Dummy Grid","optional":"true","type":"Data Object Grid (optional output)"}]},{"optionals":[{"constraints":"Default: 0.000000","description":"Value which is assigned to the dummy grid.","identifier":"INIT","name":"Initialization Value","type":"Floating point"},{"constraints":"Minimum: 0.000000\nDefault: 10.000000","description":"","identifier":"CELLSIZE","name":"Cellsize","type":"Floating point"},{"constraints":"Available Choices:\n[0] lower left coordinate and number of rows and columns\n[1] lower left and upper right coordinates\n[2] one or more shapes layers\n[3] one or more grids\nDefault: 0","description":"","identifier":"M_EXTENT","name":"Extent Definition","type":"Choice"},{"constraints":"Available Choices:\n[0] extent to cell size\n[1] cell size to left-right extent\n[2] cell size to bottom-top extent\nDefault: 0","description":"","identifier":"ADJUST","name":"Adjust","type":"Choice"},{"constraints":"Default: 0.000000","description":"","identifier":"XMIN","name":"Left","type":"Floating point"},{"constraints":"Default: 100.000000","description":"","identifier":"XMAX","name":"Right","type":"Floating point"},{"constraints":"Minimum: 1\nDefault: 10","description":"","identifier":"NX","name":"Columns","type":"Integer"},{"constraints":"Default: 0.000000","description":"","identifier":"YMIN","name":"Bottom","type":"Floating point"},{"constraints":"Default: 100.000000","description":"","identifier":"YMAX","name":"Top","type":"Floating point"},{"constraints":"Minimum: 1\nDefault: 10","description":"","identifier":"NY","name":"Rows","type":"Integer"},{"constraints":"Default: 0","description":"","identifier":"USEOFF","name":"Use Offset","type":"Boolean"},{"constraints":"Default: 0.000000","description":"Positive values result in a shift in E direction.","identifier":"XOFFSET","name":"X Offset","type":"Floating point"},{"constraints":"Default: 0.000000","description":"Positive values result in a shift in N direction.","identifier":"YOFFSET","name":"Y Offset","type":"Floating point"}]}],"tool_description":"This tool creates a new user specified Grid System for use with other tools.\n\nFirst of all, please consider the following issues before using the tool:\n(a) all calculations of the tool refer to the lower left corner of the grid system, i.e. the xMin and yMin values. This coordinate is fixed unless you specify an offset.\n(b) the tool follows the philosophy of SAGA in that the values describing the extent refer to the cell centers. If you like to match the extent with the border of a grid, use an offset.\n\nThe tool provides four possibilities to set/determine the extent of the grid system:\n(1) by specifying the coordinate of the lower left cell (xMin, yMin) and the number of cells in W-E (NX) and S-N (NY) direction\n(2) by specifying the coordinates the of lower left (xMin, yMin) and the upper right (xMax, yMax) cell\n(3) by the extent of the shape(s) provided in the Data Objects section\n(4) by the extent of the grid(s) provided in the Data Objects section\n\nAfter selecting the appropriate method to determine the extent, the next step is to specify the Cellsize of the new grid system.\nFor all methods supplied to determine the extent but number (1), three possibilities are provided to adjust Cellsize and grid system extent (please remember, the lower left corner is fixed!):\n(I) adjust the extent to match the Cellsize\n(II) adjust the Cellsize to match the extent in E-W direction\n(III) adjust the Cellsize to match the extent in S-N direction\n\nFinally it is possible to apply an offset to the lower left corner of the grid system. In this case check the Use Offset option and specify the offset in W-E and S-N direction. Positive values result in a shift in E/N, negative in W/S direction.\nIn order to create the grid system the tool needs to create a dummy grid.","tool_id":"23","tool_name":"Create Grid System","tool_path":"http://geomodeling.njnu.edu.cn/OpenGMS/page/model-item-info/model-item-info.html?ZTBjYTVkZDItMTRlMy00OWY4LWI1NDMtMGNiMzhhYzcxMWIyMmE=","oid":"5b90e7bbd15d75093cb58760","stateId":"0147BA6D-39FD-45d7-AA08-F63B49C19368"},{"author":"O.Conrad (c) 2010","parameters":[{"inputs":[{"constraints":"","description":"","identifier":"GRID","name":"Grid","optional":"false","type":"Grid (input)"},{"constraints":"","description":"","identifier":"MASK","name":"Mask","optional":"false","type":"Grid (input)"}]},{"outputs":[{"constraints":"","description":"","identifier":"MASKED","name":"Masked Grid","optional":"true","type":"Grid (optional output)"}]},{"optionals":[{"constraints":"","description":"","identifier":"PARAMETERS_GRID_SYSTEM","name":"Grid system","type":"Grid system"},{"constraints":"","description":"","identifier":"MASK_GRIDSYSTEM","name":"Grid system","type":"Grid system"}]}],"tool_description":"","tool_id":"24","tool_name":"Grid Masking","tool_path":"http://geomodeling.njnu.edu.cn/OpenGMS/page/model-item-info/model-item-info.html?Njk0ZmJlYmEtZDkxZS00ZDk3LWIzZmYtNWEzYmViOGRmNDk4Y2I=","oid":"5b90e7bbd15d75093cb58761","stateId":"654D087B-5A33-4ca6-AE3A-E83DDE7011CC"},{"author":"O.Conrad (c) 2010","parameters":[{"inputs":[{"constraints":"","description":"","identifier":"GRID","name":"Grid","optional":"false","type":"Grid (input)"},{"constraints":"","description":"","identifier":"MASK","name":"Mask","optional":"true","type":"Grid (optional input)"}]},{"outputs":[{"constraints":"","description":"","identifier":"CLOSED","name":"Closed Gaps Grid","optional":"true","type":"Grid (optional output)"}]},{"optionals":[{"constraints":"","description":"","identifier":"PARAMETERS_GRID_SYSTEM","name":"Grid system","type":"Grid system"},{"constraints":"Minimum: 0\nDefault: 0","description":"is ignored if set to zero","identifier":"MAXGAPCELLS","name":"Only Process Gaps with Less Cells","type":"Integer"},{"constraints":"Minimum: 2\nDefault: 1000","description":"","identifier":"MAXPOINTS","name":"Maximum Points","type":"Integer"},{"constraints":"Minimum: 2\nDefault: 20","description":"","identifier":"LOCALPOINTS","name":"Number of Points for Local Interpolation","type":"Integer"},{"constraints":"Default: 0","description":"","identifier":"EXTENDED","name":"Extended Neighourhood","type":"Boolean"},{"constraints":"Available Choices:\n[0] Neumann\n[1] Moore\nDefault: 0","description":"","identifier":"NEIGHBOURS","name":"Neighbourhood","type":"Choice"},{"constraints":"Minimum: 0\nDefault: 0","description":"","identifier":"RADIUS","name":"Radius (Cells)","type":"Integer"},{"constraints":"Minimum: 0.000000\nDefault: 0.000000","description":"","identifier":"RELAXATION","name":"Relaxation","type":"Floating point"}]}],"tool_description":"","tool_id":"25","tool_name":"Close Gaps with Spline","tool_path":"http://geomodeling.njnu.edu.cn/OpenGMS/page/model-item-info/model-item-info.html?MzMwYTUwNmQtZjhmNS00YmJiLWEzMGUtMjdhN2Y0N2E5NDI5NjY=","oid":"5b90e7bbd15d75093cb58762","stateId":"A79A6755-77AA-47ef-9DC3-DE1FD7CF1DD8"},{"author":"O.Conrad (c) 2010","parameters":[{"inputs":[{"constraints":"","description":"","identifier":"FEATURES","name":"Features","optional":"false","type":"Grid (input)"}]},{"outputs":[{"constraints":"","description":"","identifier":"DISTANCE","name":"Distance","optional":"false","type":"Grid (output)"},{"constraints":"","description":"","identifier":"DIRECTION","name":"Direction","optional":"true","type":"Grid (optional output)"},{"constraints":"","description":"","identifier":"ALLOCATION","name":"Allocation","optional":"true","type":"Grid (optional output)"}]},{"optionals":[{"constraints":"","description":"","identifier":"PARAMETERS_GRID_SYSTEM","name":"Grid system","type":"Grid system"}]}],"tool_description":"Calculates a grid with euclidean distance to feature cells (not no-data cells).","tool_id":"26","tool_name":"Proximity Grid","tool_path":"http://geomodeling.njnu.edu.cn/OpenGMS/page/model-item-info/model-item-info.html?MWYyODMzYWUtMTBhNi00OWQ0LThmNDItMzBjNjk3YjQ1YmQyOWU=","oid":"5b90e7bbd15d75093cb58763","stateId":"3E44DADE-3EF5-41a4-856E-1A894C143CF0"},{"author":"O.Conrad (c) 2010","parameters":[{"inputs":[{"constraints":"","description":"","identifier":"GRID","name":"Grid","optional":"false","type":"Grid (input)"}]},{"outputs":[{"constraints":"","description":"","identifier":"TILES","name":"Tiles","optional":"false","type":"Grid list (output)"}]},{"optionals":[{"constraints":"","description":"","identifier":"PARAMETERS_GRID_SYSTEM","name":"Grid system","type":"Grid system"},{"constraints":"Default: 0","description":"Save tiles to disk individually","identifier":"TILES_SAVE","name":"Save Tiles to Disk","type":"Boolean"},{"constraints":"","description":"","identifier":"TILES_PATH","name":"Output Directory","type":"File path"},{"constraints":"Default: tile","description":"The base name of the tiles","identifier":"TILES_NAME","name":"Base Name","type":"Text"},{"constraints":"Minimum: 0\nDefault: 0","description":"","identifier":"OVERLAP","name":"Overlapping Cells","type":"Integer"},{"constraints":"Available Choices:\n[0] symmetric\n[1] bottom / left\n[2] top / right\nDefault: 0","description":"","identifier":"OVERLAP_SYM","name":"Add Cells","type":"Choice"},{"constraints":"Available Choices:\n[0] number of grid cells per tile\n[1] coordinates (offset, range, cell size, tile size)\nDefault: 0","description":"","identifier":"METHOD","name":"Tile Size Definition","type":"Choice"},{"constraints":"Minimum: 1\nDefault: 100","description":"","identifier":"NX","name":"Number of Column Cells","type":"Integer"},{"constraints":"Minimum: 1\nDefault: 100","description":"","identifier":"NY","name":"Number of Row Cells","type":"Integer"},{"constraints":"","description":"","identifier":"XRANGE","name":"Offset and Range (X)","type":"Value range"},{"constraints":"","description":"","identifier":"YRANGE","name":"Offset and Range (Y)","type":"Value range"},{"constraints":"Minimum: 0.000000\nDefault: 1.000000","description":"","identifier":"DCELL","name":"Cell Size","type":"Floating point"},{"constraints":"Minimum: 0.000000\nDefault: 100.000000","description":"","identifier":"DX","name":"Tile Size (X)","type":"Floating point"},{"constraints":"Minimum: 0.000000\nDefault: 100.000000","description":"","identifier":"DY","name":"Tile Size (Y)","type":"Floating point"}]}],"tool_description":"","tool_id":"27","tool_name":"Tiling","tool_path":"http://geomodeling.njnu.edu.cn/OpenGMS/page/model-item-info/model-item-info.html?YjlkOGIyYWQtYTY3Ni00ZWUyLTkyNTktNTYzZWMyNGVhM2ZjYTk=","oid":"5b90e7bbd15d75093cb58764","stateId":"CE9CA799-20A5-4262-8E81-25CBEDB0E786"},{"author":"V.Wichmann & O.Conrad (c) 2011","parameters":[{"inputs":[{"constraints":"","description":"","identifier":"INPUT","name":"Grid","optional":"false","type":"Grid (input)"}]},{"outputs":[{"constraints":"","description":"","identifier":"RESULT","name":"Result Grid","optional":"true","type":"Grid (optional output)"}]},{"optionals":[{"constraints":"","description":"","identifier":"PARAMETERS_GRID_SYSTEM","name":"Grid system","type":"Grid system"},{"constraints":"Available Choices:\n[0] shrink\n[1] expand\n[2] shrink and expand\n[3] expand and shrink\nDefault: 3","description":"","identifier":"OPERATION","name":"Operation","type":"Choice"},{"constraints":"Available Choices:\n[0] Square\n[1] Circle\nDefault: 1","description":"","identifier":"CIRCLE","name":"Search Mode","type":"Choice"},{"constraints":"Minimum: 1\nDefault: 1","description":"","identifier":"RADIUS","name":"Radius","type":"Integer"},{"constraints":"Available Choices:\n[0] minimum\n[1] maximum\n[2] mean\n[3] majority\nDefault: 3","description":"","identifier":"EXPAND","name":"Method","type":"Choice"}]}],"tool_description":"Regions with valid data in the input grid can be shrunk or expanded by a certain amount (radius). Shrinking just sets the border of regions with valid data to NoData, expanding sets NoData cells along the border of regions with valid data to a new valid value, computed by the method selected (min, max, mean, majority).\n\n","tool_id":"28","tool_name":"Shrink and Expand","tool_path":"http://geomodeling.njnu.edu.cn/OpenGMS/page/model-item-info/model-item-info.html?YjRjMGZkZTYtNzYxZS00ZDEwLWI3NzMtZDAzZjliMTdkYTc4NDI=","oid":"5b90e7bbd15d75093cb58765","stateId":"60A2E12B-11EB-4c5f-8AA0-90BFD236EF2C"},{"author":"O.Conrad (c) 2012","parameters":[{"inputs":[{"constraints":"","description":"","identifier":"INPUT","name":"Grid","optional":"false","type":"Grid (input)"},{"constraints":"","description":"","identifier":"MASK","name":"Mask","optional":"true","type":"Grid (optional input)"}]},{"outputs":[{"constraints":"","description":"","identifier":"RESULT","name":"Result","optional":"true","type":"Grid (optional output)"}]},{"optionals":[{"constraints":"","description":"","identifier":"PARAMETERS_GRID_SYSTEM","name":"Grid system","type":"Grid system"},{"constraints":"Available Choices:\n[0] Nearest Neighbour\n[1] Bilinear Interpolation\n[2] Bicubic Spline Interpolation\n[3] B-Spline Interpolation\nDefault: 3","description":"","identifier":"RESAMPLING","name":"Resampling","type":"Choice"},{"constraints":"Minimum: 1.000000\nDefault: 2.000000","description":"","identifier":"GROW","name":"Grow Factor","type":"Floating point"}]}],"tool_description":"Close gaps of a grid data set (i.e. eliminate no data values). If the target is not set, the changes will be stored to the original grid. ","tool_id":"29","tool_name":"Close Gaps with Stepwise Resampling","tool_path":"http://geomodeling.njnu.edu.cn/OpenGMS/page/model-item-info/model-item-info.html?ZTRlY2QzYmYtOGExYi00NDY0LWJhZTEtYjdkYTY1MDY2MWI4MWI=","oid":"5b90e7bbd15d75093cb58766","stateId":"76A0E23C-5C2B-4e6b-9416-2AECBA10F9AD"},{"author":"O.Conrad (c) 2013","parameters":[{"inputs":[{"constraints":"","description":"","identifier":"GRIDS","name":"Grids","optional":"false","type":"Grid list (input)"}]},{"outputs":[{"constraints":"","description":"","identifier":"TRANSPOSED","name":"Transposed Grids","optional":"false","type":"Grid list (output)"}]},{"optionals":[{"constraints":"","description":"","identifier":"PARAMETERS_GRID_SYSTEM","name":"Grid system","type":"Grid system"},{"constraints":"Default: 0","description":"","identifier":"MIRROR_X","name":"Mirror Horizontally","type":"Boolean"},{"constraints":"Default: 0","description":"","identifier":"MIRROR_Y","name":"Mirror Vertically","type":"Boolean"}]}],"tool_description":"","tool_id":"30","tool_name":"Transpose Grids","tool_path":"http://geomodeling.njnu.edu.cn/OpenGMS/page/model-item-info/model-item-info.html?NmQwZjNmZDktOTY1Yi00MDcyLWJkMjUtMjQxNWE1MDI5YjZkNTc=","oid":"5b90e7bbd15d75093cb58768","stateId":"86C2C295-2857-4d0c-87BC-70CE7FCF223F"},{"author":"O.Conrad (c) 2003","parameters":[{"inputs":[{"constraints":"","description":"","identifier":"GRIDS","name":"Grids","optional":"false","type":"Grid list (input)"},{"constraints":"","description":"","identifier":"SHAPES","name":"Shapes Extent","optional":"false","type":"Shapes (input)"},{"constraints":"","description":"","identifier":"POLYGONS","name":"Polygon","optional":"false","type":"Shapes (input)"}]},{"outputs":[{"constraints":"","description":"","identifier":"CLIPPED","name":"Clipped Grids","optional":"false","type":"Grid list (output)"}]},{"optionals":[{"constraints":"","description":"","identifier":"PARAMETERS_GRID_SYSTEM","name":"Grid system","type":"Grid system"},{"constraints":"Available Choices:\n[0] user defined\n[1] grid system\n[2] shapes extent\n[3] polygon\nDefault: 0","description":"","identifier":"EXTENT","name":"Extent","type":"Choice"},{"constraints":"","description":"","identifier":"GRIDSYSTEM","name":"Grid System","type":"Grid system"},{"constraints":"Default: 0.000000","description":"","identifier":"XMIN","name":"Left","type":"Floating point"},{"constraints":"Default: 0.000000","description":"","identifier":"XMAX","name":"Right","type":"Floating point"},{"constraints":"Default: 0.000000","description":"","identifier":"YMIN","name":"Bottom","type":"Floating point"},{"constraints":"Default: 0.000000","description":"","identifier":"YMAX","name":"Top","type":"Floating point"},{"constraints":"Minimum: 1\nDefault: 1","description":"","identifier":"NX","name":"Columns","type":"Integer"},{"constraints":"Minimum: 1\nDefault: 1","description":"","identifier":"NY","name":"Rows","type":"Integer"},{"constraints":"Minimum: 0.000000\nDefault: 0.000000","description":"add buffer (map units) to extent","identifier":"BUFFER","name":"Buffer","type":"Floating point"}]}],"tool_description":"Clip selected grids to specified extent.","tool_id":"31","tool_name":"Clip Grids","tool_path":"http://geomodeling.njnu.edu.cn/OpenGMS/page/model-item-info/model-item-info.html?NDQyYTk0NzYtZWU5My00ZTRjLTk0ODItMGNjZTYyMzIwZjgwZTE=","oid":"5b90e7bbd15d75093cb58769","stateId":"C1A2B24C-7501-4658-90BC-05BA255F274F"},{"author":"O.Conrad (c) 2015","parameters":[{"inputs":[{"constraints":"","description":"","identifier":"GRIDS","name":"Grid List","optional":"false","type":"Grid list (input)"}]},{"outputs":[{"constraints":"","description":"","identifier":"GRID","name":"Grid","optional":"true","type":"Grid (optional output)"}]},{"optionals":[{"constraints":"","description":"","identifier":"PARAMETERS_GRID_SYSTEM","name":"Grid system","type":"Grid system"},{"constraints":"Minimum: 0\nDefault: 0","description":"","identifier":"INDEX","name":"Index","type":"Integer"}]}],"tool_description":"Main use of this tool is to support tool chain development, allowing to pick a single grid from a grid list. ","tool_id":"32","tool_name":"Select Grid from List","tool_path":"http://geomodeling.njnu.edu.cn/OpenGMS/page/model-item-info/model-item-info.html?OWM4OWVkOGYtOTMyYi00MGQ1LWExYWUtZTQzYTRiMzFiZTRmMTM=","oid":"5b90e7bbd15d75093cb5876a","stateId":"59474B50-3370-4d25-83E5-728B6EACCBD1"},{"author":"O.Conrad (c) 2016","parameters":[{"inputs":[{"constraints":"","description":"","identifier":"GRID","name":"Grid","optional":"false","type":"Grid (input)"}]},{"outputs":[{"constraints":"","description":"","identifier":"COPY","name":"Copy","optional":"false","type":"Grid (output)"}]},{"optionals":[{"constraints":"","description":"","identifier":"PARAMETERS_GRID_SYSTEM","name":"Grid system","type":"Grid system"}]}],"tool_description":"Copy a grid. ","tool_id":"33","tool_name":"Copy Grid","tool_path":"http://geomodeling.njnu.edu.cn/OpenGMS/page/model-item-info/model-item-info.html?Mjg1MzQ1YjgtYTBiMy00MmY2LTljMTQtODQ1ZWUxMWEwZDczNDY=","oid":"5b90e7bbd15d75093cb5876b","stateId":"39DC6A4D-6324-47ea-8138-3E228D847ABA"},{"author":"O.Conrad (c) 2016","parameters":[{"inputs":[{"constraints":"","description":"","identifier":"GRID","name":"Grid","optional":"false","type":"Grid (input)"}]},{"outputs":[{"constraints":"","description":"","identifier":"INVERSE","name":"Inverse Grid","optional":"true","type":"Grid (optional output)"}]},{"optionals":[{"constraints":"","description":"","identifier":"PARAMETERS_GRID_SYSTEM","name":"Grid system","type":"Grid system"}]}],"tool_description":"Invert a grid, i.e. the highest value becomes the lowest and vice versa. If the target is not set, the changes will be stored to the original grid. ","tool_id":"34","tool_name":"Invert Grid","tool_path":"http://geomodeling.njnu.edu.cn/OpenGMS/page/model-item-info/model-item-info.html?MWQ2MjU3NmUtODJkZi00OTUwLTgxY2QtMGNmNjU0MGQ1NWUzMTU=","oid":"5b90e7bbd15d75093cb5876c","stateId":"7A7CB1E1-F060-4f47-B01C-7B17F9698186"},{"author":"O.Conrad (c) 2016","parameters":[{"inputs":[{"constraints":"","description":"","identifier":"GRID","name":"Grid","optional":"false","type":"Grid (input)"}]},{"outputs":[{"constraints":"","description":"","identifier":"MIRROR","name":"Mirror Grid","optional":"true","type":"Grid (optional output)"}]},{"optionals":[{"constraints":"","description":"","identifier":"PARAMETERS_GRID_SYSTEM","name":"Grid system","type":"Grid system"},{"constraints":"Available Choices:\n[0] horizontally\n[1] vertically\n[2] both\nDefault: 0","description":"","identifier":"METHOD","name":"Method","type":"Choice"}]}],"tool_description":"Mirror a grid at its center axes', either vertically, horizontally or both. If the target is not set, the changes will be stored to the original grid. ","tool_id":"35","tool_name":"Mirror Grid","tool_path":"http://geomodeling.njnu.edu.cn/OpenGMS/page/model-item-info/model-item-info.html?ZDAyM2RmZTgtOGFhZS00ZjcyLTg1ZmEtNDdkYWIwZTRiNGI4YmU=","oid":"5b90e776284bd30a040db531","stateId":"007D65D5-FC57-4136-944E-0F6180715F2C"},{"author":"O.Conrad (c) 2016","parameters":[{"inputs":[{"constraints":"","description":"","identifier":"GRID","name":"Grid","optional":"false","type":"Grid (input)"}]},null,{"optionals":[{"constraints":"","description":"","identifier":"PARAMETERS_GRID_SYSTEM","name":"Grid system","type":"Grid system"},{"constraints":"Available Choices:\n[0] single value\n[1] value range\nDefault: 0","description":"","identifier":"TYPE","name":"Type","type":"Choice"},{"constraints":"Default: -99999.000000","description":"","identifier":"VALUE","name":"No-Data Value","type":"Floating point"},{"constraints":"","description":"","identifier":"RANGE","name":"No-Data Value Range","type":"Value range"}]}],"tool_description":"This tool allows changing a grid's no-data value or value range definition. It does not change the cell values of the grid. Its main purpose is to support this type of operation for tool chains and scripting environments.","tool_id":"36","tool_name":"Change a Grid's No-Data Value","tool_path":"","oid":"","stateId":""},{"author":"O.Conrad (c) 2017","parameters":[{"inputs":[{"constraints":"","description":"","identifier":"GRID","name":"Grid","optional":"false","type":"Grid (input)"}]},{"outputs":[{"constraints":"","description":"","identifier":"OUTPUT","name":"Output","optional":"true","type":"Grid (optional output)"}]},{"optionals":[{"constraints":"","description":"","identifier":"PARAMETERS_GRID_SYSTEM","name":"Grid system","type":"Grid system"},{"constraints":"0 Parameters:\n","description":"","identifier":"CLASSES","name":"Classes","type":"Parameters"}]}],"tool_description":"Based on the look-up table classfication of a grid, this tool allows to change and combine class belongings of the cells. ","tool_id":"37","tool_name":"Combine Classes","tool_path":"http://geomodeling.njnu.edu.cn/OpenGMS/page/model-item-info/model-item-info.html?MmQ0ZTJjZjUtZWZiYy00ODlkLWFmMjMtYWJmMTYyMDM2ZTc0MjY=","oid":"5b90e7bbd15d75093cb5876e","stateId":"CD67E656-3CF2-48a9-B0C3-94346A5E220D"},{"author":"O.Conrad (c) 2017","parameters":[{"inputs":[{"constraints":"","description":"","identifier":"GRIDS","name":"Grid Collections","optional":"false","type":"Grids list (input)"},{"constraints":"","description":"use this grid's system for output grids","identifier":"TARGET_TEMPLATE","name":"Target System","optional":"true","type":"Grid (optional input)"}]},{"outputs":[{"constraints":"","description":"","identifier":"MOSAIC","name":"Mosaic","optional":"false","type":"Grids (output)"}]},{"optionals":[{"constraints":"Default: Mosaic","description":"","identifier":"NAME","name":"Name","type":"Text"},{"constraints":"Available Choices:\n[0] 1 bit\n[1] 1 byte unsigned integer\n[2] 1 byte signed integer\n[3] 2 byte unsigned integer\n[4] 2 byte signed integer\n[5] 4 byte unsigned integer\n[6] 4 byte signed integer\n[7] 4 byte floating point\n[8] 8 byte floating point\n[9] same as first grid in list\nDefault: 9","description":"","identifier":"TYPE","name":"Data Storage Type","type":"Choice"},{"constraints":"Available Choices:\n[0] Nearest Neighbour\n[1] Bilinear Interpolation\n[2] Bicubic Spline Interpolation\n[3] B-Spline Interpolation\nDefault: 3","description":"","identifier":"RESAMPLING","name":"Resampling","type":"Choice"},{"constraints":"Available Choices:\n[0] first\n[1] last\n[2] minimum\n[3] maximum\n[4] mean\n[5] blend boundary\n[6] feathering\nDefault: 1","description":"","identifier":"OVERLAP","name":"Overlapping Areas","type":"Choice"},{"constraints":"Minimum: 0.000000\nDefault: 10.000000","description":"blending distance given in map units","identifier":"BLEND_DIST","name":"Blending Distance","type":"Floating point"},{"constraints":"Available Choices:\n[0] none\n[1] match histogram of first grid in list\n[2] match histogram of overlapping area\n[3] regression\nDefault: 0","description":"","identifier":"MATCH","name":"Match","type":"Choice"},{"constraints":"Available Choices:\n[0] user defined\n[1] grid or grid system\nDefault: 0","description":"","identifier":"TARGET_DEFINITION","name":"Target Grid System","type":"Choice"},{"constraints":"Minimum: 0.000000\nDefault: 1.000000","description":"","identifier":"TARGET_USER_SIZE","name":"Cellsize","type":"Floating point"},{"constraints":"Default: 0.000000","description":"","identifier":"TARGET_USER_XMIN","name":"Left","type":"Floating point"},{"constraints":"Default: 100.000000","description":"","identifier":"TARGET_USER_XMAX","name":"Right","type":"Floating point"},{"constraints":"Default: 0.000000","description":"","identifier":"TARGET_USER_YMIN","name":"Bottom","type":"Floating point"},{"constraints":"Default: 100.000000","description":"","identifier":"TARGET_USER_YMAX","name":"Top","type":"Floating point"},{"constraints":"Available Choices:\n[0] nodes\n[1] cells\nDefault: 0","description":"","identifier":"TARGET_USER_FITS","name":"Fit","type":"Choice"},{"constraints":"","description":"","identifier":"TARGET_SYSTEM","name":"Grid System","type":"Grid system"}]}],"tool_description":"Merges multiple grid collections into one single grid collection. Input grid collections have to share the same number of grid levels. Attributes and other general properties will be inherited from the first grid collection in input list. ","tool_id":"38","tool_name":"Mosaicking (Grid Collections)","tool_path":"http://geomodeling.njnu.edu.cn/OpenGMS/page/model-item-info/model-item-info.html?Zjk1NWRlZWYtMDA1Ni00NmRmLTgxZmMtMWQ4NmI1ZTQwYjZiZmI=","oid":"5b90e7bbd15d75093cb5876f","stateId":"9A8D89B3-6AD3-4242-B792-72F4219AA911"}]}