{"Version":"1.0","author":"O. Conrad, A. Ringeler, V. Olaya, J. Engels (c) 2001-2014","library_description":"Grid based or related calculations.","library_name":"grid_calculus","library_name_title":"Grid Calculus","tools":[{"author":"O.Conrad (c) 2003","parameters":[{"inputs":[{"constraints":"","description":"","identifier":"INPUT","name":"Grid","optional":"false","type":"Grid (input)"}]},{"outputs":[{"constraints":"","description":"","identifier":"OUTPUT","name":"Normalised Grid","optional":"false","type":"Grid (output)"}]},{"optionals":[{"constraints":"","description":"","identifier":"PARAMETERS_GRID_SYSTEM","name":"Grid system","type":"Grid system"},{"constraints":"","description":"","identifier":"RANGE","name":"Target Range","type":"Value range"}]}],"tool_description":"Normalise the values of a grid. Rescales all grid values to fall in the range 'Minimum' to 'Maximum', usually 0 to 1. ","tool_id":"0","tool_name":"Grid Normalisation","tool_path":"http://geomodeling.njnu.edu.cn/OpenGMS/page/model-item-info/model-item-info.html?ZTgyZmI1ODktNDUyZS00N2FlLTlkNDYtZDY4MmM4YjkyY2EwYWE=","oid":"5b90e7bbd15d75093cb58718","stateId":"6F7B04BB-F81E-49c6-82AA-212181ACDB66"},{"author":"O.Conrad (c) 2017, A.Ringeler (c) 2003","parameters":[{"inputs":[{"constraints":"","description":"in the formula these grids are addressed in order of the list as 'g1, g2, g3, ...'","identifier":"GRIDS","name":"Grids","optional":"true","type":"Grid list (optional input)"},{"constraints":"","description":"in the formula these grids are addressed in order of the list as 'h1, h2, h3, ...'","identifier":"XGRIDS","name":"Grids from different Systems","optional":"true","type":"Grid list (optional input)"}]},{"outputs":[{"constraints":"","description":"","identifier":"RESULT","name":"Result","optional":"false","type":"Grid (output)"}]},{"optionals":[{"constraints":"","description":"","identifier":"PARAMETERS_GRID_SYSTEM","name":"Grid system","type":"Grid system"},{"constraints":"Available Choices:\n[0] Nearest Neighbour\n[1] Bilinear Interpolation\n[2] Bicubic Spline Interpolation\n[3] B-Spline Interpolation\nDefault: 3","description":"","identifier":"RESAMPLING","name":"Resampling","type":"Choice"},{"constraints":"Default: (g1 - g2) / (g1 + g2)","description":"","identifier":"FORMULA","name":"Formula","type":"Text"},{"constraints":"Default: Calculation","description":"","identifier":"NAME","name":"Name","type":"Text"},{"constraints":"Default: 0","description":"","identifier":"FNAME","name":"Take Formula","type":"Boolean"},{"constraints":"Default: 0","description":"Check this in order to include no-data cells in the calculation.","identifier":"USE_NODATA","name":"Use No-Data","type":"Boolean"},{"constraints":"Available Choices:\n[0] bit\n[1] unsigned 1 byte integer\n[2] signed 1 byte integer\n[3] unsigned 2 byte integer\n[4] signed 2 byte integer\n[5] unsigned 4 byte integer\n[6] signed 4 byte integer\n[7] 4 byte floating point number\n[8] 8 byte floating point number\nDefault: 7","description":"","identifier":"TYPE","name":"Data Type","type":"Choice"}]}],"tool_description":"The Grid Calculator calculates a new grid based on existing grids and a mathematical formula. The grid variables in the formula begin with the letter 'g' followed by a position index, which corresponds to the order of the grids in the input grid list (i.e.: g1, g2, g3, ... correspond to the first, second, third, ... grid in list). Grids from other systems than the default one can be addressed likewise using the letter 'h' (h1, h2, h3, ...), which correspond to the 'Grids from different Systems' list.\n\nExample:\t sin(g1) * g2 + 2 * h1\n\nThe following operators are available for the formula definition:\n<table border=\"0\"><tr><td><b>+</b></td><td>Addition</td></tr><tr><td><b>-</b></td><td>Subtraction</td></tr><tr><td><b>*</b></td><td>Multiplication</td></tr><tr><td><b>/</b></td><td>Division</td></tr><tr><td><b>abs(x)</b></td><td>Absolute Value</td></tr><tr><td><b>mod(x, y)</b></td><td>Returns the floating point remainder of x/y</td></tr><tr><td><b>int(x)</b></td><td>Returns the integer part of floating point value x</td></tr><tr><td><b>sqr(x)</b></td><td>Square</td></tr><tr><td><b>sqrt(x)</b></td><td>Square Root</td></tr><tr><td><b>exp(x)</b></td><td>Exponential</td></tr><tr><td><b>pow(x, y)</b></td><td>Returns x raised to the power of y</td></tr><tr><td><b>x ^ y</b></td><td>Returns x raised to the power of y</td></tr><tr><td><b>ln(x)</b></td><td>Natural Logarithm</td></tr><tr><td><b>log(x)</b></td><td>Base 10 Logarithm</td></tr><tr><td><b>pi()</b></td><td>Returns the value of Pi</td></tr><tr><td><b>sin(x)</b></td><td>Sine</td></tr><tr><td><b>cos(x)</b></td><td>Cosine</td></tr><tr><td><b>tan(x)</b></td><td>Tangent</td></tr><tr><td><b>asin(x)</b></td><td>Arcsine</td></tr><tr><td><b>acos(x)</b></td><td>Arccosine</td></tr><tr><td><b>atan(x)</b></td><td>Arctangent</td></tr><tr><td><b>atan2(x, y)</b></td><td>Arctangent of x/y</td></tr><tr><td><b>min(x, y)</b></td><td>Returns the minimum of values x and y</td></tr><tr><td><b>max(x, y)</b></td><td>Returns the maximum of values x and y</td></tr><tr><td><b>gt(x, y)</b></td><td>Returns true (1), if x is greater than y, else false (0)</td></tr><tr><td><b>x > y</b></td><td>Returns true (1), if x is greater than y, else false (0)</td></tr><tr><td><b>lt(x, y)</b></td><td>Returns true (1), if x is less than y, else false (0)</td></tr><tr><td><b>x &lt; y</b></td><td>Returns true (1), if x is less than y, else false (0)</td></tr><tr><td><b>eq(x, y)</b></td><td>Returns true (1), if x equals y, else false (0)</td></tr><tr><td><b>x = y</b></td><td>Returns true (1), if x equals y, else false (0)</td></tr><tr><td><b>and(x, y)</b></td><td>Returns true (1), if both x and y are true (i.e. not 0)</td></tr><tr><td><b>or(x, y)</b></td><td>Returns true (1), if at least one of both x and y is true (i.e. not 0)</td></tr><tr><td><b>ifelse(c, x, y)</b></td><td>Returns x, if condition c is true (i.e. not 0), else y</td></tr><tr><td><b>rand_u(x, y)</b></td><td>Random number, uniform distribution with minimum x and maximum y</td></tr><tr><td><b>rand_g(x, y)</b></td><td>Random number, Gaussian distribution with mean x and standard deviation y</td></tr><tr><td><b>xpos(), ypos()</b></td><td>Get the x/y coordinates for the current cell</td></tr><tr><td><b>col(), row()</b></td><td>Get the current cell's column/row index</td></tr><tr><td><b>ncols(), nrows()</b></td><td>Get the number of columns/rows</td></tr><tr><td><b>nodata()</b></td><td>Returns resulting grid's no-data value</td></tr></table>","tool_id":"1","tool_name":"Grid Calculator","tool_path":"http://geomodeling.njnu.edu.cn/OpenGMS/page/model-item-info/model-item-info.html?NWE4ZWQ3MzQtZGMyNi00Njc5LTgwYzEtMmIyY2YwNDYwMzllNGQ=","oid":"5b90e7bbd15d75093cb58719","stateId":"E552280B-DD8A-49f9-8AED-06C6590298A8"},{"author":"(c) 2005 by O.Conrad","parameters":[{"inputs":[{"constraints":"","description":"","identifier":"GRID","name":"Grid","optional":"false","type":"Grid (input)"}]},null,{"optionals":[{"constraints":"","description":"","identifier":"PARAMETERS_GRID_SYSTEM","name":"Grid system","type":"Grid system"},{"constraints":"Available Choices:\n[0] Count Only Above Base Level\n[1] Count Only Below Base Level\n[2] Subtract Volumes Below Base Level\n[3] Add Volumes Below Base Level\nDefault: 0","description":"","identifier":"METHOD","name":"Method","type":"Choice"},{"constraints":"Default: 0.000000","description":"","identifier":"LEVEL","name":"Base Level","type":"Floating point"}]}],"tool_description":"Calculate the volume under the grid's surface. This is mainly useful for Digital Elevation Models (DEM).","tool_id":"2","tool_name":"Grid Volume","tool_path":"http://geomodeling.njnu.edu.cn/OpenGMS/page/model-item-info/model-item-info.html?NDdmNDk5ZmUtNmIyOS00ZTU2LTkxNjktNTczYjczYzM4YjU4MjY=","oid":"","stateId":""},{"author":"O.Conrad (c) 2009","parameters":[{"inputs":[{"constraints":"","description":"","identifier":"A","name":"A","optional":"false","type":"Grid (input)"},{"constraints":"","description":"","identifier":"B","name":"B","optional":"false","type":"Grid (input)"}]},{"outputs":[{"constraints":"","description":"","identifier":"C","name":"Difference (A - B)","optional":"false","type":"Grid (output)"}]},{"optionals":[{"constraints":"","description":"","identifier":"PARAMETERS_GRID_SYSTEM","name":"Grid system","type":"Grid system"}]}],"tool_description":"","tool_id":"3","tool_name":"Grid Difference","tool_path":"http://geomodeling.njnu.edu.cn/OpenGMS/page/model-item-info/model-item-info.html?ZjA2NmZhZjctZDA1NC00OTFhLWFkNTUtY2JlNTMzODcyZGJlZjU=","oid":"5b90e7bbd15d75093cb58724","stateId":"A38EA001-BCBB-417f-8206-79C7F80655CA"},{"author":"A.Ringeler (c) 2003","parameters":[{"inputs":[{"constraints":"","description":"use this grid's system for output grids","identifier":"TARGET_TEMPLATE","name":"Target System","optional":"true","type":"Grid (optional input)"}]},{"outputs":[{"constraints":"","description":"","identifier":"FUNCTION","name":"Function","optional":"false","type":"Grid (output)"}]},{"optionals":[{"constraints":"Default: sin(x*x + y*y)","description":"","identifier":"FORMULA","name":"Formula","type":"Text"},{"constraints":"","description":"","identifier":"X_RANGE","name":"X Range","type":"Value range"},{"constraints":"","description":"","identifier":"Y_RANGE","name":"Y Range","type":"Value range"},{"constraints":"Available Choices:\n[0] user defined\n[1] grid or grid system\nDefault: 0","description":"","identifier":"TARGET_DEFINITION","name":"Target Grid System","type":"Choice"},{"constraints":"Minimum: 0.000000\nDefault: 1.000000","description":"","identifier":"TARGET_USER_SIZE","name":"Cellsize","type":"Floating point"},{"constraints":"Default: 0.000000","description":"","identifier":"TARGET_USER_XMIN","name":"Left","type":"Floating point"},{"constraints":"Default: 100.000000","description":"","identifier":"TARGET_USER_XMAX","name":"Right","type":"Floating point"},{"constraints":"Default: 0.000000","description":"","identifier":"TARGET_USER_YMIN","name":"Bottom","type":"Floating point"},{"constraints":"Default: 100.000000","description":"","identifier":"TARGET_USER_YMAX","name":"Top","type":"Floating point"},{"constraints":"Available Choices:\n[0] nodes\n[1] cells\nDefault: 0","description":"","identifier":"TARGET_USER_FITS","name":"Fit","type":"Choice"},{"constraints":"","description":"","identifier":"TARGET_SYSTEM","name":"Grid System","type":"Grid system"}]}],"tool_description":"Generate a grid based on a functional expression. The function interpreter uses an formula expression parser that offers the following operators:\n<table border=\"0\"><tr><td><b>+</b></td><td>Addition</td></tr><tr><td><b>-</b></td><td>Subtraction</td></tr><tr><td><b>*</b></td><td>Multiplication</td></tr><tr><td><b>/</b></td><td>Division</td></tr><tr><td><b>abs(x)</b></td><td>Absolute Value</td></tr><tr><td><b>mod(x, y)</b></td><td>Returns the floating point remainder of x/y</td></tr><tr><td><b>int(x)</b></td><td>Returns the integer part of floating point value x</td></tr><tr><td><b>sqr(x)</b></td><td>Square</td></tr><tr><td><b>sqrt(x)</b></td><td>Square Root</td></tr><tr><td><b>exp(x)</b></td><td>Exponential</td></tr><tr><td><b>pow(x, y)</b></td><td>Returns x raised to the power of y</td></tr><tr><td><b>x ^ y</b></td><td>Returns x raised to the power of y</td></tr><tr><td><b>ln(x)</b></td><td>Natural Logarithm</td></tr><tr><td><b>log(x)</b></td><td>Base 10 Logarithm</td></tr><tr><td><b>pi()</b></td><td>Returns the value of Pi</td></tr><tr><td><b>sin(x)</b></td><td>Sine</td></tr><tr><td><b>cos(x)</b></td><td>Cosine</td></tr><tr><td><b>tan(x)</b></td><td>Tangent</td></tr><tr><td><b>asin(x)</b></td><td>Arcsine</td></tr><tr><td><b>acos(x)</b></td><td>Arccosine</td></tr><tr><td><b>atan(x)</b></td><td>Arctangent</td></tr><tr><td><b>atan2(x, y)</b></td><td>Arctangent of x/y</td></tr><tr><td><b>min(x, y)</b></td><td>Returns the minimum of values x and y</td></tr><tr><td><b>max(x, y)</b></td><td>Returns the maximum of values x and y</td></tr><tr><td><b>gt(x, y)</b></td><td>Returns true (1), if x is greater than y, else false (0)</td></tr><tr><td><b>x > y</b></td><td>Returns true (1), if x is greater than y, else false (0)</td></tr><tr><td><b>lt(x, y)</b></td><td>Returns true (1), if x is less than y, else false (0)</td></tr><tr><td><b>x &lt; y</b></td><td>Returns true (1), if x is less than y, else false (0)</td></tr><tr><td><b>eq(x, y)</b></td><td>Returns true (1), if x equals y, else false (0)</td></tr><tr><td><b>x = y</b></td><td>Returns true (1), if x equals y, else false (0)</td></tr><tr><td><b>and(x, y)</b></td><td>Returns true (1), if both x and y are true (i.e. not 0)</td></tr><tr><td><b>or(x, y)</b></td><td>Returns true (1), if at least one of both x and y is true (i.e. not 0)</td></tr><tr><td><b>ifelse(c, x, y)</b></td><td>Returns x, if condition c is true (i.e. not 0), else y</td></tr><tr><td><b>rand_u(x, y)</b></td><td>Random number, uniform distribution with minimum x and maximum y</td></tr><tr><td><b>rand_g(x, y)</b></td><td>Random number, Gaussian distribution with mean x and standard deviation y</td></tr></table>","tool_id":"4","tool_name":"Function Plotter","tool_path":"http://geomodeling.njnu.edu.cn/OpenGMS/page/model-item-info/model-item-info.html?ZGE1YmY5MmUtMDcyMS00YTFmLWEyOTgtMjQxNTVmY2ZkMmQ3ZDE=","oid":"5b90e7bbd15d75093cb58725","stateId":"6E91DF8F-F4D5-4bf3-9038-8A46280BE481"},{"author":"(c) 2001 by O.Conrad","parameters":[null,{"outputs":[{"constraints":"","description":"","identifier":"RESULT","name":"Result","optional":"true","type":"Grid list (optional output)"}]},{"optionals":[{"constraints":"Minimum: 2\nDefault: 100","description":"","identifier":"CELL_COUNT","name":"Cell Count","type":"Integer"},{"constraints":"Minimum: 0.000000\nDefault: 1.000000","description":"","identifier":"CELL_SIZE","name":"Cell Size","type":"Floating point"},{"constraints":"Available Choices:\n[0] Cone (up)\n[1] Cone (down)\n[2] Plane\nDefault: 0","description":"","identifier":"FIGURE","name":"Figure","type":"Choice"},{"constraints":"Default: 22.500000","description":"","identifier":"PLANE","name":"Direction of Plane [Degree]","type":"Floating point"}]}],"tool_description":"Construct grids from geometric figures (planes, cones).\n(c) 2001 by Olaf Conrad, Goettingen\nemail: oconrad@gwdg.de","tool_id":"5","tool_name":"Geometric Figures","tool_path":"http://geomodeling.njnu.edu.cn/OpenGMS/page/model-item-info/model-item-info.html?YmQyMzUwNzItZmIwMC00ZDE2LTg4YTctYzU0YWI2YWY2NjA5OGI=","oid":"5b90e7bbd15d75093cb58726","stateId":"BE105B51-9E7B-44f2-84A2-199A5079136F"},{"author":"V.Olaya (c) 2004","parameters":[{"inputs":[{"constraints":"","description":"use this grid's system for output grids","identifier":"TARGET_TEMPLATE","name":"Target System","optional":"true","type":"Grid (optional input)"}]},{"outputs":[{"constraints":"","description":"","identifier":"TARGET_OUT_GRID","name":"Target Grid","optional":"false","type":"Grid (output)"}]},{"optionals":[{"constraints":"Default: 25","description":"","identifier":"RADIUS","name":"Radius (cells)","type":"Integer"},{"constraints":"Default: 100","description":"","identifier":"ITERATIONS","name":"Iterations","type":"Integer"},{"constraints":"Available Choices:\n[0] user defined\n[1] grid or grid system\nDefault: 0","description":"","identifier":"TARGET_DEFINITION","name":"Target Grid System","type":"Choice"},{"constraints":"Minimum: 0.000000\nDefault: 1.000000","description":"","identifier":"TARGET_USER_SIZE","name":"Cellsize","type":"Floating point"},{"constraints":"Default: 0.000000","description":"","identifier":"TARGET_USER_XMIN","name":"Left","type":"Floating point"},{"constraints":"Default: 100.000000","description":"","identifier":"TARGET_USER_XMAX","name":"Right","type":"Floating point"},{"constraints":"Default: 0.000000","description":"","identifier":"TARGET_USER_YMIN","name":"Bottom","type":"Floating point"},{"constraints":"Default: 100.000000","description":"","identifier":"TARGET_USER_YMAX","name":"Top","type":"Floating point"},{"constraints":"Available Choices:\n[0] nodes\n[1] cells\nDefault: 0","description":"","identifier":"TARGET_USER_FITS","name":"Fit","type":"Choice"},{"constraints":"","description":"","identifier":"TARGET_SYSTEM","name":"Grid System","type":"Grid system"}]}],"tool_description":"(c) 2004 by Victor Olaya. Random Terrain Generation","tool_id":"6","tool_name":"Random Terrain","tool_path":"http://geomodeling.njnu.edu.cn/OpenGMS/page/model-item-info/model-item-info.html?YTk4YTQ5NGEtMjU4YS00YmY5LWJmNmUtYzU0ZGE4MWYyZDdmZWM=","oid":"5b90e7bbd15d75093cb58727","stateId":"609CB53F-274E-4ebb-86F4-C077C0056756"},{"author":"O.Conrad (c) 2005","parameters":[{"inputs":[{"constraints":"","description":"use this grid's system for output grids","identifier":"TEMPLATE","name":"Target System","optional":"true","type":"Grid (optional input)"}]},{"outputs":[{"constraints":"","description":"","identifier":"OUT_GRID","name":"Random Field","optional":"false","type":"Grid (output)"}]},{"optionals":[{"constraints":"Available Choices:\n[0] user defined\n[1] grid or grid system\nDefault: 0","description":"","identifier":"DEFINITION","name":"Target Grid System","type":"Choice"},{"constraints":"Minimum: 0.000000\nDefault: 1.000000","description":"","identifier":"USER_SIZE","name":"Cellsize","type":"Floating point"},{"constraints":"Default: 0.000000","description":"","identifier":"USER_XMIN","name":"Left","type":"Floating point"},{"constraints":"Default: 100.000000","description":"","identifier":"USER_XMAX","name":"Right","type":"Floating point"},{"constraints":"Default: 0.000000","description":"","identifier":"USER_YMIN","name":"Bottom","type":"Floating point"},{"constraints":"Default: 100.000000","description":"","identifier":"USER_YMAX","name":"Top","type":"Floating point"},{"constraints":"Available Choices:\n[0] nodes\n[1] cells\nDefault: 0","description":"","identifier":"USER_FITS","name":"Fit","type":"Choice"},{"constraints":"","description":"","identifier":"SYSTEM","name":"Grid System","type":"Grid system"},{"constraints":"Available Choices:\n[0] Uniform\n[1] Gaussian\nDefault: 1","description":"","identifier":"METHOD","name":"Method","type":"Choice"},{"constraints":"","description":"","identifier":"RANGE","name":"Range","type":"Value range"},{"constraints":"Default: 0.000000","description":"","identifier":"MEAN","name":"Arithmetic Mean","type":"Floating point"},{"constraints":"Minimum: 0.000000\nDefault: 1.000000","description":"","identifier":"STDDEV","name":"Standard Deviation","type":"Floating point"}]}],"tool_description":"Create a grid with pseudo-random numbers as grid cell values. ","tool_id":"7","tool_name":"Random Field","tool_path":"http://geomodeling.njnu.edu.cn/OpenGMS/page/model-item-info/model-item-info.html?MWI4OThmYTktOWZmMS00MzhkLTg2NDMtZWNlMTFmMzlkMDBlMGY=","oid":"5b90e7bbd15d75093cb58728","stateId":"1113AD9E-412D-45e2-998D-689EE96F0453"},{"author":"O.Conrad (c) 2010","parameters":[{"inputs":[{"constraints":"","description":"","identifier":"GRIDS","name":"Grids","optional":"false","type":"Grid list (input)"}]},{"outputs":[{"constraints":"","description":"","identifier":"RESULT","name":"Sum","optional":"false","type":"Grid (output)"}]},{"optionals":[{"constraints":"","description":"","identifier":"PARAMETERS_GRID_SYSTEM","name":"Grid system","type":"Grid system"},{"constraints":"Default: 0","description":"","identifier":"NODATA","name":"Count No Data as Zero","type":"Boolean"}]}],"tool_description":"Cellwise addition of grid values.","tool_id":"8","tool_name":"Grids Sum","tool_path":"http://geomodeling.njnu.edu.cn/OpenGMS/page/model-item-info/model-item-info.html?OTc1MjFkZmItMjgyMy00OThmLWIzODUtMTkwMDFlYTNmOGViOWI=","oid":"5b90e7bbd15d75093cb58729","stateId":"ABACC36C-FE83-4502-94C6-D6973915E8DF"},{"author":"O.Conrad (c) 2010","parameters":[{"inputs":[{"constraints":"","description":"","identifier":"GRIDS","name":"Grids","optional":"false","type":"Grid list (input)"}]},{"outputs":[{"constraints":"","description":"","identifier":"RESULT","name":"Product","optional":"false","type":"Grid (output)"}]},{"optionals":[{"constraints":"","description":"","identifier":"PARAMETERS_GRID_SYSTEM","name":"Grid system","type":"Grid system"},{"constraints":"Default: 0","description":"","identifier":"NODATA","name":"Count No Data as Zero","type":"Boolean"}]}],"tool_description":"Cellwise multiplication of grid values.","tool_id":"9","tool_name":"Grids Product","tool_path":"http://geomodeling.njnu.edu.cn/OpenGMS/page/model-item-info/model-item-info.html?MWZlY2EzOTMtYzA5Yi00MjU5LTg2NjktOTQwOWFlZTEyNDlhNWI=","oid":"5b90e7bbd15d75093cb5872a","stateId":"B71B8200-B533-42e3-9D19-101E0C05FC75"},{"author":"O.Conrad (c) 2003","parameters":[{"inputs":[{"constraints":"","description":"","identifier":"INPUT","name":"Grid","optional":"false","type":"Grid (input)"}]},{"outputs":[{"constraints":"","description":"","identifier":"OUTPUT","name":"Standardised Grid","optional":"false","type":"Grid (output)"}]},{"optionals":[{"constraints":"","description":"","identifier":"PARAMETERS_GRID_SYSTEM","name":"Grid system","type":"Grid system"},{"constraints":"Default: 1.000000","description":"","identifier":"STRETCH","name":"Stretch Factor","type":"Floating point"}]}],"tool_description":"Standardise the values of a grid. The standard score (z) is calculated as raw score (x) less arithmetic mean (m) divided by standard deviation (s).\nz = (x - m) * s","tool_id":"10","tool_name":"Grid Standardisation","tool_path":"http://geomodeling.njnu.edu.cn/OpenGMS/page/model-item-info/model-item-info.html?NWMyNzVhMDAtNjNjNi00ODE0LWI4MGQtMWEyOTQyZjQxNzNlYmU=","oid":"5b90e7bbd15d75093cb5871a","stateId":"871E2190-9072-4ed7-9AB0-08B6C9E22602"},{"author":"V.Olaya (c) 2004","parameters":[{"inputs":[{"constraints":"","description":"","identifier":"INPUT","name":"Grid","optional":"false","type":"Grid (input)"}]},{"outputs":[{"constraints":"","description":"","identifier":"OUTPUT","name":"Fuzzified Grid","optional":"false","type":"Grid (output)"}]},{"optionals":[{"constraints":"","description":"","identifier":"PARAMETERS_GRID_SYSTEM","name":"Grid system","type":"Grid system"},{"constraints":"Default: 0.000000","description":"","identifier":"INC_MIN","name":"From","type":"Floating point"},{"constraints":"Default: 0.300000","description":"","identifier":"INC_MAX","name":"To","type":"Floating point"},{"constraints":"Default: 0.700000","description":"","identifier":"DEC_MIN","name":"From","type":"Floating point"},{"constraints":"Default: 1.000000","description":"","identifier":"DEC_MAX","name":"To","type":"Floating point"},{"constraints":"Available Choices:\n[0] Increase\n[1] Decrease\n[2] Increase and Decrease\nDefault: 0","description":"","identifier":"METHOD","name":"Method","type":"Choice"},{"constraints":"Available Choices:\n[0] linear\n[1] sigmoidal\n[2] j-shaped\nDefault: 0","description":"","identifier":"TRANSITION","name":"Transition","type":"Choice"},{"constraints":"Default: 0","description":"","identifier":"INVERT","name":"Invert","type":"Boolean"},{"constraints":"Default: 1","description":"Automatically adjust control points to grid's data range","identifier":"AUTOFIT","name":"Adjust","type":"Boolean"}]}],"tool_description":"Translates grid values into fuzzy set membership as preparation for fuzzy set analysis. ","tool_id":"11","tool_name":"Fuzzify","tool_path":"http://geomodeling.njnu.edu.cn/OpenGMS/page/model-item-info/model-item-info.html?ZGU3NDcxMGMtYzM1Zi00MzY1LWJiMDktNDQ5ZWM4Njc1MDI0NjE=","oid":"5b90e7bbd15d75093cb5871b","stateId":"AC2BE240-DD8C-4ea1-8A5A-1DE1234C4AB7"},{"author":"Antonio Boggia and Gianluca Massei (c) 2004","parameters":[{"inputs":[{"constraints":"","description":"","identifier":"GRIDS","name":"Grids","optional":"false","type":"Grid list (input)"}]},{"outputs":[{"constraints":"","description":"","identifier":"AND","name":"Intersection","optional":"false","type":"Grid (output)"}]},{"optionals":[{"constraints":"","description":"","identifier":"PARAMETERS_GRID_SYSTEM","name":"Grid system","type":"Grid system"},{"constraints":"Available Choices:\n[0] min(a, b) (non-interactive)\n[1] a * b\n[2] max(0, a + b - 1)\nDefault: 0","description":"","identifier":"TYPE","name":"Operator Type","type":"Choice"}]}],"tool_description":"Calculates the intersection (min operator) for each grid cell of the selected grids.\n e-mail Gianluca Massei: g_massa@libero.it \ne-mail Antonio Boggia: boggia@unipg.it \n","tool_id":"12","tool_name":"Fuzzy Intersection (AND)","tool_path":"http://geomodeling.njnu.edu.cn/OpenGMS/page/model-item-info/model-item-info.html?YWE3YzZlN2UtMjgyOS00ZDA2LTkzYzQtYzQwMjVmMDY2MzJjZjQ=","oid":"5b90e7bbd15d75093cb5871c","stateId":"8DD15EC0-C46F-466e-9986-0586841F429B"},{"author":"Antonio Boggia and Gianluca Massei (c) 2004","parameters":[{"inputs":[{"constraints":"","description":"","identifier":"GRIDS","name":"Grids","optional":"false","type":"Grid list (input)"}]},{"outputs":[{"constraints":"","description":"","identifier":"OR","name":"Union","optional":"false","type":"Grid (output)"}]},{"optionals":[{"constraints":"","description":"","identifier":"PARAMETERS_GRID_SYSTEM","name":"Grid system","type":"Grid system"},{"constraints":"Available Choices:\n[0] max(a, b) (non-interactive)\n[1] a + b - a * b\n[2] min(1, a + b)\nDefault: 0","description":"","identifier":"TYPE","name":"Operator Type","type":"Choice"}]}],"tool_description":"Calculates the union (max operator) for each grid cell of the selected grids.\n e-mail Gianluca Massei: g_massa@libero.it \ne-mail Antonio Boggia: boggia@unipg.it \n","tool_id":"13","tool_name":"Fuzzy Union (OR)","tool_path":"http://geomodeling.njnu.edu.cn/OpenGMS/page/model-item-info/model-item-info.html?MDE4NWU4Y2UtZjdjNC00YjM1LTlhZjMtNGQzMjIxYzYwNGUxY2Y=","oid":"5b90e7bbd15d75093cb5871d","stateId":"8E6A430D-ED70-4de5-8FA2-010DE867E3C4"},{"author":"O. Conrad (c) 2011","parameters":[{"inputs":[{"constraints":"","description":"","identifier":"GRID","name":"Grid","optional":"false","type":"Grid (input)"}]},{"outputs":[{"constraints":"","description":"","identifier":"CONV","name":"Converted Grid","optional":"false","type":"Grid (output)"}]},{"optionals":[{"constraints":"","description":"","identifier":"PARAMETERS_GRID_SYSTEM","name":"Grid system","type":"Grid system"},{"constraints":"Available Choices:\n[0] radians to degree\n[1] degree to radians\n[2] Celsius to Fahrenheit\n[3] Fahrenheit to Celsius\nDefault: 0","description":"","identifier":"CONVERSION","name":"Conversion","type":"Choice"}]}],"tool_description":"","tool_id":"14","tool_name":"Metric Conversions","tool_path":"http://geomodeling.njnu.edu.cn/OpenGMS/page/model-item-info/model-item-info.html?Y2YyNThmMGYtODQ5OS00NzRjLTgyOTItM2YzNDlhY2IzOWU2NzA=","oid":"5b90e7bbd15d75093cb5871e","stateId":"95E18C25-37C3-43da-8398-39B84B79FD30"},{"author":"Victor Olaya & Volker Wichmann (c) 2004-2010","parameters":[{"inputs":[{"constraints":"","description":"","identifier":"DX","name":"X Component","optional":"false","type":"Grid (input)"},{"constraints":"","description":"","identifier":"DY","name":"Y Component","optional":"false","type":"Grid (input)"}]},{"outputs":[{"constraints":"","description":"","identifier":"DIR","name":"Direction","optional":"false","type":"Grid (output)"},{"constraints":"","description":"","identifier":"LEN","name":"Length","optional":"false","type":"Grid (output)"}]},{"optionals":[{"constraints":"","description":"","identifier":"PARAMETERS_GRID_SYSTEM","name":"Grid system","type":"Grid system"},{"constraints":"Available Choices:\n[0] radians\n[1] degree\nDefault: 0","description":"","identifier":"UNITS","name":"Polar Angle Units","type":"Choice"},{"constraints":"Available Choices:\n[0] mathematical\n[1] geographical\n[2] user defined\nDefault: 1","description":"","identifier":"SYSTEM","name":"Polar Coordinate System","type":"Choice"},{"constraints":"Minimum: 0.000000\nMaximum: 360.000000\nDefault: 0.000000","description":"given in degree clockwise from North direction","identifier":"SYSTEM_ZERO","name":"User defined Zero Direction","type":"Floating point"},{"constraints":"Available Choices:\n[0] clockwise\n[1] counterclockwise\nDefault: 0","description":"","identifier":"SYSTEM_ORIENT","name":"User defined Orientation","type":"Choice"}]}],"tool_description":"Converts gradient vector from directional components (Cartesian) to polar coordinates (direction or aspect angle and length or tangens of slope).\nThe tool supports three conventions on how to measure and output the angle of direction:\n(a) mathematical: direction angle is zero in East direction and the angle increases counterclockwise\n(b) geographical: direction angle is zero in North direction and the angle increases clockwise\n(c) zero direction and orientation are user defined\n","tool_id":"15","tool_name":"Gradient Vector from Cartesian to Polar Coordinates","tool_path":"http://geomodeling.njnu.edu.cn/OpenGMS/page/model-item-info/model-item-info.html?YTA0OGIxMjMtYWQyOS00MWFmLWE5OTktNmJhMjk2OTVkMjVhMmQ=","oid":"5b90e7bbd15d75093cb5871f","stateId":"5ED60670-0DAF-4b6e-9B6F-315EC93A3013"},{"author":"Victor Olaya & Volker Wichmann (c) 2004-2010","parameters":[{"inputs":[{"constraints":"","description":"","identifier":"DIR","name":"Direction","optional":"false","type":"Grid (input)"},{"constraints":"","description":"","identifier":"LEN","name":"Length","optional":"false","type":"Grid (input)"}]},{"outputs":[{"constraints":"","description":"","identifier":"DX","name":"X Component","optional":"false","type":"Grid (output)"},{"constraints":"","description":"","identifier":"DY","name":"Y Component","optional":"false","type":"Grid (output)"}]},{"optionals":[{"constraints":"","description":"","identifier":"PARAMETERS_GRID_SYSTEM","name":"Grid system","type":"Grid system"},{"constraints":"Available Choices:\n[0] radians\n[1] degree\nDefault: 0","description":"","identifier":"UNITS","name":"Polar Angle Units","type":"Choice"},{"constraints":"Available Choices:\n[0] mathematical\n[1] geographical\n[2] user defined\nDefault: 1","description":"","identifier":"SYSTEM","name":"Polar Coordinate System","type":"Choice"},{"constraints":"Minimum: 0.000000\nMaximum: 360.000000\nDefault: 0.000000","description":"given in degree clockwise from North direction","identifier":"SYSTEM_ZERO","name":"User defined Zero Direction","type":"Floating point"},{"constraints":"Available Choices:\n[0] clockwise\n[1] counterclockwise\nDefault: 0","description":"","identifier":"SYSTEM_ORIENT","name":"User defined Orientation","type":"Choice"}]}],"tool_description":"Converts gradient vector from polar coordinates (direction or aspect angle and length or tangens of slope) to directional components (Cartesian).\nThe tool supports three conventions on how the angle of direction can be supplied:\n(a) mathematical: direction angle is zero in East direction and the angle increases counterclockwise\n(b) geographical: direction angle is zero in North direction and the angle increases clockwise\n(c) zero direction and orientation are user defined\n","tool_id":"16","tool_name":"Gradient Vector from Polar to Cartesian Coordinates","tool_path":"http://geomodeling.njnu.edu.cn/OpenGMS/page/model-item-info/model-item-info.html?ZWY2MDA1ODktYTQ3Ny00OWVkLTkwMTgtOTFiY2FiNGE3OWUzOGM=","oid":"5b90e7bbd15d75093cb58720","stateId":"69A5866D-5AAF-41d5-9250-34D9618ABD64"},{"author":"A.Jack, O.Conrad (c) 2017","parameters":[{"inputs":[{"constraints":"","description":"use this grid's system for output grids","identifier":"TEMPLATE","name":"Target System","optional":"true","type":"Grid (optional input)"}]},{"outputs":[{"constraints":"","description":"","identifier":"OUT_GRID","name":"Fractal Brownian Noise","optional":"false","type":"Grid (output)"}]},{"optionals":[{"constraints":"Available Choices:\n[0] user defined\n[1] grid or grid system\nDefault: 0","description":"","identifier":"DEFINITION","name":"Target Grid System","type":"Choice"},{"constraints":"Minimum: 0.000000\nDefault: 1.000000","description":"","identifier":"USER_SIZE","name":"Cellsize","type":"Floating point"},{"constraints":"Default: 0.000000","description":"","identifier":"USER_XMIN","name":"Left","type":"Floating point"},{"constraints":"Default: 100.000000","description":"","identifier":"USER_XMAX","name":"Right","type":"Floating point"},{"constraints":"Default: 0.000000","description":"","identifier":"USER_YMIN","name":"Bottom","type":"Floating point"},{"constraints":"Default: 100.000000","description":"","identifier":"USER_YMAX","name":"Top","type":"Floating point"},{"constraints":"Available Choices:\n[0] nodes\n[1] cells\nDefault: 0","description":"","identifier":"USER_FITS","name":"Fit","type":"Choice"},{"constraints":"","description":"","identifier":"SYSTEM","name":"Grid System","type":"Grid system"},{"constraints":"Available Choices:\n[0] linear\n[1] geometric\nDefault: 1","description":"","identifier":"SCALING","name":"Scaling","type":"Choice"},{"constraints":"Minimum: 0.000000\nDefault: 1.000000","description":"","identifier":"MAX_SCALE","name":"Maximum Scale","type":"Floating point"},{"constraints":"Minimum: 1\nDefault: 8","description":"","identifier":"STEPS","name":"Steps","type":"Integer"},{"constraints":"","description":"","identifier":"RANGE","name":"Noise Range","type":"Value range"}]}],"tool_description":"This tool uses uniform random to create a grid that resembles fractal Brownian noise (FBN). The advantage of FBN noise is that it appears to have texture to the human eye, that resembles the types of textures that are observed in nature; terrains, algae growth, clouds, etc. The degree of texture observed in the FBN grid is dependent upon the sizes of the wavelengths chosen. The wavelengths should be chosen so they increase in size (a doubling of successive wavelengths is a good point to start). The greater the magnitude of the \"ramp\" of successive wavelengths the greater the texture in the FBN grid. ","tool_id":"17","tool_name":"Fractal Brownian Noise","tool_path":"http://geomodeling.njnu.edu.cn/OpenGMS/page/model-item-info/model-item-info.html?NGU1MGUzYzItODMzMC00NjM1LWI0YWYtMjIyOWUwNzJjNmM1ZTM=","oid":"5b90e7bbd15d75093cb58721","stateId":"3AED23B5-D26D-4e7e-BBDB-C27B011A9208"},{"author":"O.Conrad (c) 2011","parameters":[{"inputs":[{"constraints":"","description":"","identifier":"A","name":"Dividend","optional":"false","type":"Grid (input)"},{"constraints":"","description":"","identifier":"B","name":"Divisor","optional":"false","type":"Grid (input)"}]},{"outputs":[{"constraints":"","description":"","identifier":"C","name":"Quotient","optional":"false","type":"Grid (output)"}]},{"optionals":[{"constraints":"","description":"","identifier":"PARAMETERS_GRID_SYSTEM","name":"Grid system","type":"Grid system"}]}],"tool_description":"","tool_id":"18","tool_name":"Grid Division","tool_path":"http://geomodeling.njnu.edu.cn/OpenGMS/page/model-item-info/model-item-info.html?N2U1ZWY0NGQtM2JjNS00ZWUwLTg1MTUtYzFiYmJjMzFmMTY2ZjE=","oid":"5b90e7bbd15d75093cb58722","stateId":"5455E61A-C1D4-46ed-BC2E-72DE89F60382"},{"author":"HfT Stuttgart (c) 2013","parameters":[null,{"outputs":[{"constraints":"","description":"Synthesized Grid","identifier":"OUTPUT_GRID","name":"Synthesized Grid","optional":"true","type":"Data Object Grid (optional output)"}]},{"optionals":[{"constraints":"","description":"ASCII file with columns degree, order, c_lm, s_lm (separated by space)","identifier":"FILE","name":"File with Coefficients","type":"File path"},{"constraints":"Default: 0","description":"Start Degree","identifier":"MINDEGREE","name":"Start Degree","type":"Integer"},{"constraints":"Default: 180","description":"Expansion Degree","identifier":"MAXDEGREE","name":"Expansion Degree","type":"Integer"},{"constraints":"Default: -90.000000","description":"Start Latitude","identifier":"LAT_START","name":"Start Latitude","type":"Floating point"},{"constraints":"Default: 90.000000","description":"End Latitude","identifier":"END_LAT","name":"End Latitude","type":"Floating point"},{"constraints":"Default: -180.000000","description":"Start Longitude","identifier":"LONG_START","name":"Start Longitude","type":"Floating point"},{"constraints":"Default: 180.000000","description":"End Longitude","identifier":"END_LONG","name":"End Longitude","type":"Floating point"},{"constraints":"Default: 1.000000","description":"Latitude / Longitude Increment","identifier":"INC","name":"Latitude / Longitude Increment","type":"Floating point"}]}],"tool_description":"Synthesis of a completely normalized spherical harmonic expansion. The coefficients are read from the input file (ASCII file, columns separated by space).\n\n","tool_id":"19","tool_name":"Spherical Harmonic Synthesis","tool_path":"http://geomodeling.njnu.edu.cn/OpenGMS/page/model-item-info/model-item-info.html?Y2VhNTMyMmUtYTJjMi00ZmRmLWI5ZWUtYTU1ZWQzZDQ4OTU1MWI=","oid":"5b90e7bbd15d75093cb58723","stateId":"3F9E2B53-EB83-4c24-9230-95DAC79D4FA3"}]}