{"Version":"1.0","author":"O. Conrad (c) 2002-11","library_description":"Classification tools for grids.","library_name":"imagery_classification","tools":[{"author":"O.Conrad (c) 2005","parameters":[{"inputs":[{"constraints":"","description":"","identifier":"GRIDS","name":"Features","optional":"false","type":"Grid list (input)"},{"constraints":"","description":"","identifier":"TRAINING","name":"Training Areas","optional":"true","type":"Shapes (optional input)"}]},{"outputs":[{"constraints":"","description":"","identifier":"CLASSES","name":"Classification","optional":"false","type":"Grid (output)"},{"constraints":"","description":"Dependent on chosen method, these are distances or probabilities.","identifier":"QUALITY","name":"Quality","optional":"true","type":"Grid (optional output)"}]},{"optionals":[{"constraints":"","description":"","identifier":"PARAMETERS_GRID_SYSTEM","name":"Grid system","type":"Grid system"},{"constraints":"Default: 0","description":"","identifier":"NORMALISE","name":"Normalise","type":"Boolean"},{"constraints":"","description":"","identifier":"TRAINING_CLASS","name":"Class Identifier","type":"Table field"},{"constraints":"","description":"","identifier":"FILE_LOAD","name":"Load Statistics from File...","type":"File path"},{"constraints":"","description":"","identifier":"FILE_SAVE","name":"Save Statistics to File...","type":"File path"},{"constraints":"Available Choices:\n[0] Binary Encoding\n[1] Parallelepiped\n[2] Minimum Distance\n[3] Mahalanobis Distance\n[4] Maximum Likelihood\n[5] Spectral Angle Mapping\n[6] Winner Takes All\nDefault: 2","description":"","identifier":"METHOD","name":"Method","type":"Choice"},{"constraints":"Minimum: 0.000000\nDefault: 0.000000","description":"Let pixel stay unclassified, if minimum euclidian or mahalanobis distance is greater than threshold.","identifier":"THRESHOLD_DIST","name":"Distance Threshold","type":"Floating point"},{"constraints":"Minimum: 0.000000\nMaximum: 90.000000\nDefault: 0.000000","description":"Let pixel stay unclassified, if spectral angle distance is greater than threshold.","identifier":"THRESHOLD_ANGLE","name":"Spectral Angle Threshold (Degree)","type":"Floating point"},{"constraints":"Minimum: 0.000000\nMaximum: 100.000000\nDefault: 0.000000","description":"Let pixel stay unclassified, if maximum likelihood probability value is less than threshold.","identifier":"THRESHOLD_PROB","name":"Probability Threshold","type":"Floating point"},{"constraints":"Available Choices:\n[0] absolute\n[1] relative\nDefault: 1","description":"","identifier":"RELATIVE_PROB","name":"Probability Reference","type":"Choice"},{"constraints":"Default: 0","description":"","identifier":"WTA_0","name":"Binary Encoding","type":"Boolean"},{"constraints":"Default: 0","description":"","identifier":"WTA_1","name":"Parallelepiped","type":"Boolean"},{"constraints":"Default: 0","description":"","identifier":"WTA_2","name":"Minimum Distance","type":"Boolean"},{"constraints":"Default: 0","description":"","identifier":"WTA_3","name":"Mahalanobis Distance","type":"Boolean"},{"constraints":"Default: 0","description":"","identifier":"WTA_4","name":"Maximum Likelihood","type":"Boolean"},{"constraints":"Default: 0","description":"","identifier":"WTA_5","name":"Spectral Angle Mapping","type":"Boolean"},{"constraints":"Default: 1","description":"Use the first three features in list to obtain blue, green, red components for class colour in look-up table.","identifier":"RGB_COLORS","name":"Update Colors from Features","type":"Boolean"}]}],"tool_description":"Supervised Classification","tool_id":"0","tool_name":"Supervised Classification for Grids"},{"author":"O.Conrad (c) 2001","parameters":[{"inputs":[{"constraints":"","description":"","identifier":"GRIDS","name":"Grids","optional":"false","type":"Grid list (input)"}]},{"outputs":[{"constraints":"","description":"","identifier":"CLUSTER","name":"Clusters","optional":"false","type":"Grid (output)"},{"constraints":"","description":"","identifier":"STATISTICS","name":"Statistics","optional":"false","type":"Table (output)"}]},{"optionals":[{"constraints":"","description":"","identifier":"PARAMETERS_GRID_SYSTEM","name":"Grid system","type":"Grid system"},{"constraints":"Available Choices:\n[0] Iterative Minimum Distance (Forgy 1965)\n[1] Hill-Climbing (Rubin 1967)\n[2] Combined Minimum Distance / Hillclimbing\nDefault: 1","description":"","identifier":"METHOD","name":"Method","type":"Choice"},{"constraints":"Minimum: 2\nDefault: 10","description":"Number of clusters","identifier":"NCLUSTER","name":"Clusters","type":"Integer"},{"constraints":"Minimum: 0\nDefault: 0","description":"maximum number of iterations, ignored if set to zero (default)","identifier":"MAXITER","name":"Maximum Iterations","type":"Integer"},{"constraints":"Default: 0","description":"Automatically normalise grids by standard deviation before clustering.","identifier":"NORMALISE","name":"Normalise","type":"Boolean"},{"constraints":"Default: 1","description":"Use the first three features in list to obtain blue, green, red components for class colour in look-up table.","identifier":"RGB_COLORS","name":"Update Colors from Features","type":"Boolean"},{"constraints":"Default: 0","description":"slower but memory saving","identifier":"OLDVERSION","name":"Old Version","type":"Boolean"},{"constraints":"Default: 1","description":"","identifier":"UPDATEVIEW","name":"Update View","type":"Boolean"}]}],"tool_description":"Cluster Analysis for grids.\n\nReferences:\n\nIterative Minimum Distance:\n- Forgy, E. (1965):\n  'Cluster Analysis of multivariate data: efficiency vs. interpretability of classifications',\n  Biometrics 21:768\n\nHill-Climbing:- Rubin, J. (1967):\n  'Optimal Classification into Groups: An Approach for Solving the Taxonomy Problem',\n  J. Theoretical Biology, 15:103-144\n\n","tool_id":"1","tool_name":"K-Means Clustering for Grids"},{"author":"O.Conrad (c) 2010","parameters":[{"inputs":[{"constraints":"","description":"","identifier":"ONE","name":"Classification 1","optional":"false","type":"Grid (input)"},{"constraints":"","description":"","identifier":"ONE_LUT","name":"Look-up Table","optional":"true","type":"Table (optional input)"},{"constraints":"","description":"","identifier":"TWO","name":"Classification 2","optional":"false","type":"Grid (input)"},{"constraints":"","description":"","identifier":"TWO_LUT","name":"Look-up Table","optional":"true","type":"Table (optional input)"}]},{"outputs":[{"constraints":"","description":"","identifier":"COMBINED","name":"Combined Classes","optional":"false","type":"Grid (output)"},{"constraints":"","description":"","identifier":"CONFUSION","name":"Confusion Matrix","optional":"false","type":"Table (output)"},{"constraints":"","description":"","identifier":"CLASSES","name":"Class Values","optional":"false","type":"Table (output)"},{"constraints":"","description":"","identifier":"SUMMARY","name":"Summary","optional":"false","type":"Table (output)"}]},{"optionals":[{"constraints":"","description":"","identifier":"PARAMETERS_GRID_SYSTEM","name":"Grid system","type":"Grid system"},{"constraints":"","description":"","identifier":"ONE_LUT_MIN","name":"Value","type":"Table field"},{"constraints":"","description":"","identifier":"ONE_LUT_MAX","name":"Value (Maximum)","type":"Table field"},{"constraints":"","description":"","identifier":"ONE_LUT_NAM","name":"Name","type":"Table field"},{"constraints":"","description":"","identifier":"TWO_LUT_MIN","name":"Value","type":"Table field"},{"constraints":"","description":"","identifier":"TWO_LUT_MAX","name":"Value (Maximum)","type":"Table field"},{"constraints":"","description":"","identifier":"TWO_LUT_NAM","name":"Name","type":"Table field"},{"constraints":"Default: 1","description":"","identifier":"NOCHANGE","name":"Report Unchanged Classes","type":"Boolean"},{"constraints":"Default: 1","description":"","identifier":"NODATA","name":"Include Unclassified Cells","type":"Boolean"},{"constraints":"Available Choices:\n[0] cells\n[1] percent\n[2] area\nDefault: 0","description":"","identifier":"OUTPUT","name":"Output as...","type":"Choice"}]}],"tool_description":"Compares two classified grids and creates a confusion matrix and derived coefficients as well as the combinations of both classifications as new grid. Grid classes have to be defined with a look-up table and values of both grids must match each other for the subsequent comparison. A typical application is a change detection analysis based on land cover classification of satellite imagery. ","tool_id":"2","tool_name":"Confusion Matrix (Two Grids)"},{"author":"O.Conrad (c) 2011","parameters":[null,{"outputs":[{"constraints":"","description":"","identifier":"CLASSES","name":"Decision Tree","optional":"false","type":"Grid (output)"}]},{"optionals":[{"constraints":"","description":"","identifier":"PARAMETERS_GRID_SYSTEM","name":"Grid system","type":"Grid system"},{"constraints":"11 Parameters:\n- 1. \n- 2. \n- 3. Default: 0.000000\n- 4. \n- 5. Default: A\n- 6. Default: 0\n- 7. 0 Parameters:\n\n- 8. \n- 9. Default: B\n- 10. Default: 0\n- 11. 0 Parameters:\n\n","description":"","identifier":"ROOT","name":"Decision","type":"Parameters"}]}],"tool_description":"Decision Tree","tool_id":"3","tool_name":"Decision Tree"},{"author":"O.Conrad (c) 2012","parameters":[{"inputs":[{"constraints":"","description":"","identifier":"SHAPES","name":"Shapes","optional":"false","type":"Shapes (input)"}]},{"outputs":[{"constraints":"","description":"","identifier":"CLASSES","name":"Classification","optional":"false","type":"Shapes (output)"}]},{"optionals":[{"constraints":"","description":"","identifier":"FEATURES","name":"Features","type":"Table fields"},{"constraints":"Default: 0","description":"","identifier":"NORMALISE","name":"Normalise","type":"Boolean"},{"constraints":"","description":"","identifier":"TRAINING","name":"Training Classes","type":"Table field"},{"constraints":"","description":"","identifier":"FILE_LOAD","name":"Load Statistics from File...","type":"File path"},{"constraints":"","description":"","identifier":"FILE_SAVE","name":"Save Statistics to File...","type":"File path"},{"constraints":"Available Choices:\n[0] Binary Encoding\n[1] Parallelepiped\n[2] Minimum Distance\n[3] Mahalanobis Distance\n[4] Maximum Likelihood\n[5] Spectral Angle Mapping\n[6] Winner Takes All\nDefault: 2","description":"","identifier":"METHOD","name":"Method","type":"Choice"},{"constraints":"Minimum: 0.000000\nDefault: 0.000000","description":"Let pixel stay unclassified, if minimum euclidian or mahalanobis distance is greater than threshold.","identifier":"THRESHOLD_DIST","name":"Distance Threshold","type":"Floating point"},{"constraints":"Minimum: 0.000000\nMaximum: 90.000000\nDefault: 0.000000","description":"Let pixel stay unclassified, if spectral angle distance is greater than threshold.","identifier":"THRESHOLD_ANGLE","name":"Spectral Angle Threshold (Degree)","type":"Floating point"},{"constraints":"Minimum: 0.000000\nMaximum: 100.000000\nDefault: 0.000000","description":"Let pixel stay unclassified, if maximum likelihood probability value is less than threshold.","identifier":"THRESHOLD_PROB","name":"Probability Threshold","type":"Floating point"},{"constraints":"Available Choices:\n[0] absolute\n[1] relative\nDefault: 1","description":"","identifier":"RELATIVE_PROB","name":"Probability Reference","type":"Choice"},{"constraints":"Default: 0","description":"","identifier":"WTA_0","name":"Binary Encoding","type":"Boolean"},{"constraints":"Default: 0","description":"","identifier":"WTA_1","name":"Parallelepiped","type":"Boolean"},{"constraints":"Default: 0","description":"","identifier":"WTA_2","name":"Minimum Distance","type":"Boolean"},{"constraints":"Default: 0","description":"","identifier":"WTA_3","name":"Mahalanobis Distance","type":"Boolean"},{"constraints":"Default: 0","description":"","identifier":"WTA_4","name":"Maximum Likelihood","type":"Boolean"},{"constraints":"Default: 0","description":"","identifier":"WTA_5","name":"Spectral Angle Mapping","type":"Boolean"}]}],"tool_description":"Supervised classification for attribute data. To train the classifier choose an attribute that provides class identifiers for those records, for which the target class is known, and no data for all other records.","tool_id":"4","tool_name":"Supervised Classification for Shapes"},{"author":"O.Conrad (c) 2012","parameters":[{"inputs":[{"constraints":"","description":"","identifier":"TABLE","name":"Table","optional":"false","type":"Table (input)"}]},{"outputs":[{"constraints":"","description":"","identifier":"CLASSES","name":"Classification","optional":"false","type":"Table (output)"}]},{"optionals":[{"constraints":"","description":"","identifier":"FEATURES","name":"Features","type":"Table fields"},{"constraints":"Default: 0","description":"","identifier":"NORMALISE","name":"Normalise","type":"Boolean"},{"constraints":"","description":"","identifier":"TRAINING","name":"Training Classes","type":"Table field"},{"constraints":"","description":"","identifier":"FILE_LOAD","name":"Load Statistics from File...","type":"File path"},{"constraints":"","description":"","identifier":"FILE_SAVE","name":"Save Statistics to File...","type":"File path"},{"constraints":"Available Choices:\n[0] Binary Encoding\n[1] Parallelepiped\n[2] Minimum Distance\n[3] Mahalanobis Distance\n[4] Maximum Likelihood\n[5] Spectral Angle Mapping\n[6] Winner Takes All\nDefault: 2","description":"","identifier":"METHOD","name":"Method","type":"Choice"},{"constraints":"Minimum: 0.000000\nDefault: 0.000000","description":"Let pixel stay unclassified, if minimum euclidian or mahalanobis distance is greater than threshold.","identifier":"THRESHOLD_DIST","name":"Distance Threshold","type":"Floating point"},{"constraints":"Minimum: 0.000000\nMaximum: 90.000000\nDefault: 0.000000","description":"Let pixel stay unclassified, if spectral angle distance is greater than threshold.","identifier":"THRESHOLD_ANGLE","name":"Spectral Angle Threshold (Degree)","type":"Floating point"},{"constraints":"Minimum: 0.000000\nMaximum: 100.000000\nDefault: 0.000000","description":"Let pixel stay unclassified, if maximum likelihood probability value is less than threshold.","identifier":"THRESHOLD_PROB","name":"Probability Threshold","type":"Floating point"},{"constraints":"Available Choices:\n[0] absolute\n[1] relative\nDefault: 1","description":"","identifier":"RELATIVE_PROB","name":"Probability Reference","type":"Choice"},{"constraints":"Default: 0","description":"","identifier":"WTA_0","name":"Binary Encoding","type":"Boolean"},{"constraints":"Default: 0","description":"","identifier":"WTA_1","name":"Parallelepiped","type":"Boolean"},{"constraints":"Default: 0","description":"","identifier":"WTA_2","name":"Minimum Distance","type":"Boolean"},{"constraints":"Default: 0","description":"","identifier":"WTA_3","name":"Mahalanobis Distance","type":"Boolean"},{"constraints":"Default: 0","description":"","identifier":"WTA_4","name":"Maximum Likelihood","type":"Boolean"},{"constraints":"Default: 0","description":"","identifier":"WTA_5","name":"Spectral Angle Mapping","type":"Boolean"}]}],"tool_description":"Supervised classification for attribute data. To train the classifier choose an attribute that provides class identifiers for those records, for which the target class is known, and no data for all other records.","tool_id":"5","tool_name":"Supervised Classification for Tables"},{"author":"O.Conrad (c) 2015","parameters":[{"inputs":[{"constraints":"","description":"","identifier":"GRID","name":"Classification","optional":"false","type":"Grid (input)"},{"constraints":"","description":"","identifier":"GRID_LUT","name":"Look-up Table","optional":"true","type":"Table (optional input)"},{"constraints":"","description":"","identifier":"POLYGONS","name":"Polygons","optional":"false","type":"Shapes (input)"}]},{"outputs":[{"constraints":"","description":"","identifier":"CONFUSION","name":"Confusion Matrix","optional":"false","type":"Table (output)"},{"constraints":"","description":"","identifier":"CLASSES","name":"Class Values","optional":"false","type":"Table (output)"},{"constraints":"","description":"","identifier":"SUMMARY","name":"Summary","optional":"false","type":"Table (output)"}]},{"optionals":[{"constraints":"","description":"","identifier":"PARAMETERS_GRID_SYSTEM","name":"Grid system","type":"Grid system"},{"constraints":"Available Choices:\n[0] values are class identifiers\n[1] use look-up table\nDefault: 1","description":"","identifier":"GRID_VALUES","name":"Value Interpretation","type":"Choice"},{"constraints":"","description":"","identifier":"GRID_LUT_MIN","name":"Value","type":"Table field"},{"constraints":"","description":"","identifier":"GRID_LUT_MAX","name":"Value (Maximum)","type":"Table field"},{"constraints":"","description":"","identifier":"GRID_LUT_NAM","name":"Name","type":"Table field"},{"constraints":"","description":"","identifier":"FIELD","name":"Classes","type":"Table field"},{"constraints":"Default: 1","description":"","identifier":"NO_CLASS","name":"Unclassified","type":"Boolean"}]}],"tool_description":"Compares a classified polygons layer with grid classes and creates a confusion matrix and derived coefficients. Grid classes have to be defined with a look-up table and values must match those of the polygon classes for the subsequent comparison. This tool is typically used for a quality assessment of a supervised classification. ","tool_id":"6","tool_name":"Confusion Matrix (Polygons / Grid)"}]}

