{"Version":"1.0","author":"O. Conrad (c) 2002","library_description":"Coordinate Transformations based on the GeoTRANS-Engine of the National Imagery and Mapping Agency (NIMA).","library_name":"pj_geotrans","library_name_title":"PJ Geotrans","tools":[{"author":"(c) 2003 by O.Conrad","parameters":[{"inputs":[{"constraints":"","description":"","identifier":"SOURCE","name":"Source","optional":"false","type":"Shapes (input)"}]},{"outputs":[{"constraints":"","description":"","identifier":"TARGET","name":"Target","optional":"false","type":"Shapes (output)"}]},{"optionals":[{"constraints":"","description":"","identifier":"DATA_ELLIPSOID","name":"Ellipsoids","type":"File path"},{"constraints":"","description":"","identifier":"DATA_DATUM_7","name":"Datums (7 Parameters)","type":"File path"},{"constraints":"","description":"","identifier":"DATA_DATUM_3","name":"Datums (3 Parameters)","type":"File path"},{"constraints":"","description":"","identifier":"DATA_GEOID","name":"Geoid","type":"File path"}]}],"tool_description":"Coordinate Transformation for Shapes. This library makes use of the Geographic Translator (GeoTrans) library. \nGeoTrans is maintained by the National Geospatial Agency (NGA).\n  <a target=\"_blank\" href=\"http://earth-info.nga.mil/GandG/geotrans/\">  http://earth-info.nga.mil/GandG/geotrans/</a>\n","tool_id":"0","tool_name":"GeoTrans (Shapes)","tool_path":"http://geomodeling.njnu.edu.cn/OpenGMS/page/model-item-info/model-item-info.html?NmRlYjlhOTQtNmViMy00ODRlLWExZDItZjE2ZTI1YTY5NDJiZWE=","oid":"5b90e7bbd15d75093cb587c0","stateId":"A978B1F1-E2F0-4aca-BC0F-CC5F1697991F"},{"author":"O.Conrad (c) 2003","parameters":[{"inputs":[{"constraints":"","description":"","identifier":"SOURCE","name":"Source","optional":"false","type":"Grid (input)"}]},{"outputs":[{"constraints":"","description":"","identifier":"OUT_GRID","name":"Grid","optional":"true","type":"Data Object Grid (optional output)"},{"constraints":"","description":"","identifier":"OUT_X","name":"X Coordinates","optional":"true","type":"Data Object Grid (optional output)"},{"constraints":"","description":"","identifier":"OUT_Y","name":"Y Coordinates","optional":"true","type":"Data Object Grid (optional output)"},{"constraints":"","description":"","identifier":"OUT_SHAPES","name":"Shapes","optional":"true","type":"Data Object Shapes (optional output)"}]},{"optionals":[{"constraints":"","description":"","identifier":"DATA_ELLIPSOID","name":"Ellipsoids","type":"File path"},{"constraints":"","description":"","identifier":"DATA_DATUM_7","name":"Datums (7 Parameters)","type":"File path"},{"constraints":"","description":"","identifier":"DATA_DATUM_3","name":"Datums (3 Parameters)","type":"File path"},{"constraints":"","description":"","identifier":"DATA_GEOID","name":"Geoid","type":"File path"},{"constraints":"","description":"","identifier":"SOURCE_GRIDSYSTEM","name":"Grid system","type":"Grid system"},{"constraints":"Default: 0","description":"","identifier":"CREATE_XY","name":"Create X/Y Grids","type":"Boolean"},{"constraints":"Available Choices:\n[0] Nearest Neighbour\n[1] Bilinear Interpolation\n[2] Bicubic Spline Interpolation\n[3] B-Spline Interpolation\nDefault: 3","description":"","identifier":"RESAMPLING","name":"Resampling","type":"Choice"}]}],"tool_description":"Coordinate Transformation for Grids. This library makes use of the Geographic Translator (GeoTrans) library. The GeoTrans library is maintained by the National Geospatial Agency (NGA).","tool_id":"1","tool_name":"GeoTrans (Grid)","tool_path":"http://geomodeling.njnu.edu.cn/OpenGMS/page/model-item-info/model-item-info.html?ZmVhODQ0YjUtMTk5NC00MWZkLWE5YjUtZTZlMmY0YThkY2RjMTM=","oid":"5b90e7bbd15d75093cb587c1","stateId":"00B88291-F88B-4f83-887B-CB753BD73434"}]}