{"Version":"1.0","author":"O. Conrad, V. Olaya, V. Wichmann (c) 2002-14","library_description":"Tools for polygons.","library_name":"shapes_polygons","library_name_title":"Shapes Polygons","tools":[{"author":"(c) 2003 by O.Conrad","parameters":[{"inputs":[{"constraints":"","description":"","identifier":"POLYGONS","name":"Polygons","optional":"false","type":"Shapes (input)"}]},{"outputs":[{"constraints":"","description":"","identifier":"CENTROIDS","name":"Centroids","optional":"false","type":"Shapes (output)"}]},{"optionals":[{"constraints":"Default: 0","description":"","identifier":"METHOD","name":"Centroids for each part","type":"Boolean"}]}],"tool_description":"Creates a points layer containing the centroids of the input polygon layer.","tool_id":"1","tool_name":"Polygon Centroids","tool_path":"http://geomodeling.njnu.edu.cn/OpenGMS/page/model-item-info/model-item-info.html?ZTIxMTA2N2QtMTE5Mi00NDU1LTgyNWMtZGE3ZjBlNzhiMzJjYWE=","oid":"5b90e7bbd15d75093cb58818","stateId":"51491BF7-F75E-4404-9B65-9D88979E21F0"},{"author":"V.Olaya (c) 2004, O.Conrad (c) 2011","parameters":[{"inputs":[{"constraints":"","description":"","identifier":"POLYGONS","name":"Polygons","optional":"false","type":"Shapes (input)"}]},{"outputs":[{"constraints":"","description":"If not set property attributes will be added to the orignal layer.","identifier":"OUTPUT","name":"Polygons with Property Attributes","optional":"true","type":"Shapes (optional output)"}]},{"optionals":[{"constraints":"Default: 0","description":"","identifier":"BPARTS","name":"Number of Parts","type":"Boolean"},{"constraints":"Default: 0","description":"","identifier":"BPOINTS","name":"Number of Vertices","type":"Boolean"},{"constraints":"Default: 1","description":"","identifier":"BLENGTH","name":"Perimeter","type":"Boolean"},{"constraints":"Default: 1","description":"","identifier":"BAREA","name":"Area","type":"Boolean"},{"constraints":"Minimum: 0.000000\nDefault: 1.000000","description":"Scaling factor for perimeter and area (squared). meter to feet = 1 / 0.3048 = 3.2808","identifier":"SCALING","name":"Scaling","type":"Floating point"}]}],"tool_description":"General and geometric properties of polygons.","tool_id":"2","tool_name":"Polygon Properties","tool_path":"http://geomodeling.njnu.edu.cn/OpenGMS/page/model-item-info/model-item-info.html?MDEzNTYzYjUtNjU0NC00NmEyLThiOWMtN2MzMDMwOGM3MzhhN2Y=","oid":"5b90e7bbd15d75093cb58822","stateId":"9C550A99-87D5-4f2d-913C-546C77BFA662"},{"author":"O.Conrad (c) 2005","parameters":[{"inputs":[{"constraints":"","description":"","identifier":"LINES","name":"Lines","optional":"false","type":"Shapes (input)"}]},{"outputs":[{"constraints":"","description":"","identifier":"POLYGONS","name":"Polygons","optional":"false","type":"Shapes (output)"}]},{"optionals":[{"constraints":"Default: 0","description":"","identifier":"SINGLE","name":"Create Single Multipart Polygon","type":"Boolean"},{"constraints":"Default: 0","description":"","identifier":"MERGE","name":"Merge Line Parts to One Polygon","type":"Boolean"}]}],"tool_description":"Converts lines to polygons. Line arcs are closed to polygons simply by connecting the last point with the first. Optionally parts of polylines can be merged into one polygon optionally. ","tool_id":"3","tool_name":"Convert Lines to Polygons","tool_path":"http://geomodeling.njnu.edu.cn/OpenGMS/page/model-item-info/model-item-info.html?MmI5ZWEzMzMtNjYwZi00NDZkLWE4ZjEtODU5YmViMDljMGJlYWY=","oid":"5b90e7bbd15d75093cb58826","stateId":"39C29FEE-AEDC-41da-BE03-82C0FF2EC634"},{"author":"V. Olaya, O. Conrad (c) 2005, 2010","parameters":[{"inputs":[{"constraints":"","description":"","identifier":"POINTS","name":"Points","optional":"false","type":"Shapes (input)"},{"constraints":"","description":"","identifier":"POLYGONS","name":"Polygons","optional":"false","type":"Shapes (input)"}]},{"outputs":[{"constraints":"","description":"","identifier":"STATISTICS","name":"Statistics","optional":"true","type":"Shapes (optional output)"}]},{"optionals":[{"constraints":"","description":"","identifier":"FIELDS","name":"Attributes","type":"Table fields"},{"constraints":"Default: 0","description":"","identifier":"SUM","name":"Sum","type":"Boolean"},{"constraints":"Default: 1","description":"","identifier":"AVG","name":"Mean","type":"Boolean"},{"constraints":"Default: 0","description":"","identifier":"VAR","name":"Variance","type":"Boolean"},{"constraints":"Default: 0","description":"","identifier":"DEV","name":"Deviation","type":"Boolean"},{"constraints":"Default: 0","description":"","identifier":"MIN","name":"Minimum","type":"Boolean"},{"constraints":"Default: 0","description":"","identifier":"MAX","name":"Maximum","type":"Boolean"},{"constraints":"Default: 0","description":"","identifier":"NUM","name":"Count","type":"Boolean"},{"constraints":"Available Choices:\n[0] variable type + original name\n[1] original name + variable type\n[2] original name\n[3] variable type\nDefault: 0","description":"","identifier":"FIELD_NAME","name":"Field Naming","type":"Choice"}]}],"tool_description":"Calculates statistics over all points falling in a polygon.","tool_id":"4","tool_name":"Point Statistics for Polygons","tool_path":"http://geomodeling.njnu.edu.cn/OpenGMS/page/model-item-info/model-item-info.html?YjVjOGJiYjQtM2RlZi00MTkzLTk5ZDYtM2FmMjZjMmY5ZjQxYjk=","oid":"5b90e7bbd15d75093cb58827","stateId":"D064534F-F86E-408b-954D-77D9B7A17282"},{"author":"O.Conrad (c) 2008","parameters":[{"inputs":[{"constraints":"","description":"","identifier":"POLYGONS","name":"Polygons","optional":"false","type":"Shapes (input)"}]},{"outputs":[{"constraints":"","description":"","identifier":"DISSOLVED","name":"Dissolved Polygons","optional":"false","type":"Shapes (output)"}]},{"optionals":[{"constraints":"","description":"","identifier":"FIELDS","name":"Dissolve Field(s)","type":"Table fields"},{"constraints":"","description":"","identifier":"STATISTICS","name":"Statistics Field(s)","type":"Table fields"},{"constraints":"Default: 0","description":"","identifier":"STAT_SUM","name":"Sum","type":"Boolean"},{"constraints":"Default: 1","description":"","identifier":"STAT_AVG","name":"Mean","type":"Boolean"},{"constraints":"Default: 0","description":"","identifier":"STAT_MIN","name":"Minimum","type":"Boolean"},{"constraints":"Default: 0","description":"","identifier":"STAT_MAX","name":"Maximum","type":"Boolean"},{"constraints":"Default: 0","description":"","identifier":"STAT_RNG","name":"Range","type":"Boolean"},{"constraints":"Default: 0","description":"","identifier":"STAT_DEV","name":"Deviation","type":"Boolean"},{"constraints":"Default: 0","description":"","identifier":"STAT_VAR","name":"Variance","type":"Boolean"},{"constraints":"Default: 0","description":"","identifier":"STAT_LST","name":"Listing","type":"Boolean"},{"constraints":"Default: 0","description":"","identifier":"STAT_NUM","name":"Count","type":"Boolean"},{"constraints":"Available Choices:\n[0] variable type + original name\n[1] original name + variable type\n[2] original name\n[3] variable type\nDefault: 0","description":"","identifier":"STAT_NAMING","name":"Field Naming","type":"Choice"},{"constraints":"Default: 0","description":"","identifier":"BND_KEEP","name":"Keep Boundaries","type":"Boolean"},{"constraints":"Minimum: 0.000000\nDefault: 0.000000","description":"","identifier":"MIN_AREA","name":"Minimum Area","type":"Floating point"}]}],"tool_description":"Merges polygons, which share the same attribute value, and (optionally) dissolves borders between adjacent polygon parts. If no attribute or combination of attributes is chosen, all polygons will be merged. Uses the free and open source software library <b>Clipper</b> created by Angus Johnson.","tool_id":"5","tool_name":"Polygon Dissolve","tool_path":"http://geomodeling.njnu.edu.cn/OpenGMS/page/model-item-info/model-item-info.html?MWVlMDkxNjgtNjFhYy00MTE3LTk4MTItYzA4YmJkM2U2ZDZkOGM=","oid":"5b90e7bbd15d75093cb58828","stateId":"3AAC12B1-0820-4faa-B745-D8AFB9ED46B2"},{"author":"O. Conrad (c) 2008","parameters":[{"inputs":[{"constraints":"","description":"","identifier":"SHAPES","name":"Shapes","optional":"false","type":"Shapes (input)"}]},{"outputs":[{"constraints":"","description":"","identifier":"POINTS","name":"Points","optional":"false","type":"Shapes (output)"}]},null],"tool_description":"","tool_id":"6","tool_name":"Convert Polygon/Line Vertices to Points","tool_path":"http://geomodeling.njnu.edu.cn/OpenGMS/page/model-item-info/model-item-info.html?M2Y5OTYzN2MtZDY1OC00MDE5LWE0NGItMDliOGEwZWRlMDk3M2I=","oid":"5b90e7bbd15d75093cb58829","stateId":"28266DB0-0E7B-4199-8768-13C54119C76B"},{"author":"O.Conrad (c) 2008","parameters":[{"inputs":[{"constraints":"","description":"","identifier":"SHAPES","name":"Shapes","optional":"false","type":"Shapes (input)"}]},{"outputs":[{"constraints":"","description":"","identifier":"INDEX","name":"Shape Index","optional":"true","type":"Shapes (optional output)"}]},null],"tool_description":"Various indices describing the shape of polygons, mostly based on area, perimeter, maximum distance between the vertices of a polygon. E.g. the 'interior edge ratio' (= perimeter / area) or the 'shape index' (= perimeter / (2 * square root(pi * area))). ","tool_id":"7","tool_name":"Polygon Shape Indices","tool_path":"http://geomodeling.njnu.edu.cn/OpenGMS/page/model-item-info/model-item-info.html?MDFlMmZmOTQtZjQ2My00ZTZkLWI5YTAtZmYxODk1NGViNzJhNmM=","oid":"5b90e7bbd15d75093cb5882a","stateId":"318B54B7-E903-4fc8-88D8-6214F6B77EFE"},{"author":"O. Conrad (c) 2011","parameters":[{"inputs":[{"constraints":"","description":"","identifier":"POLYGONS","name":"Polygons","optional":"false","type":"Shapes (input)"},{"constraints":"","description":"","identifier":"LINES","name":"Lines","optional":"false","type":"Shapes (input)"}]},{"outputs":[{"constraints":"","description":"","identifier":"INTERSECT","name":"Intersection","optional":"false","type":"Shapes (output)"}]},null],"tool_description":"Polygon-line intersection. Splits polygons with lines. ","tool_id":"8","tool_name":"Polygon-Line Intersection","tool_path":"http://geomodeling.njnu.edu.cn/OpenGMS/page/model-item-info/model-item-info.html?Y2MwMTUwYTctNDBjNS00MDE4LTk1YWQtMjU3ZWQ3ZGNlZDkzOGI=","oid":"5b90e7bbd15d75093cb5882b","stateId":"A2258F2B-5FA2-4645-84F7-75848F63AFF7"},{"author":"O. Conrad (c) 2011","parameters":[{"inputs":[{"constraints":"","description":"","identifier":"POLYGONS","name":"Polygons","optional":"false","type":"Shapes (input)"}]},{"outputs":[{"constraints":"","description":"","identifier":"EDGES","name":"Edges","optional":"false","type":"Shapes (output)"},{"constraints":"","description":"","identifier":"NODES","name":"Nodes","optional":"false","type":"Shapes (output)"}]},null],"tool_description":"","tool_id":"9","tool_name":"Polygons to Edges and Nodes","tool_path":"http://geomodeling.njnu.edu.cn/OpenGMS/page/model-item-info/model-item-info.html?N2JmNThhYmUtZjYzOC00YWY2LWE4MmItZDZmOTFiM2M2MDA4NTA=","oid":"5b90e7bbd15d75093cb5882c","stateId":"66599A1D-6493-4711-8AA9-8BC2A914CF1E"},{"author":"O.Conrad (c) 2011","parameters":[{"inputs":[{"constraints":"","description":"","identifier":"POLYGONS","name":"Polygons","optional":"false","type":"Shapes (input)"}]},{"outputs":[{"constraints":"","description":"","identifier":"PARTS","name":"Polygon Parts","optional":"false","type":"Shapes (output)"}]},{"optionals":[{"constraints":"Default: 0","description":"","identifier":"LAKES","name":"Lakes","type":"Boolean"}]}],"tool_description":"Splits parts of multipart polygons into separate polygons. This can be done only for islands (outer rings) or for all parts (inner and outer rings) by checking the 'lakes' option.","tool_id":"10","tool_name":"Polygon Parts to Separate Polygons","tool_path":"http://geomodeling.njnu.edu.cn/OpenGMS/page/model-item-info/model-item-info.html?MzQ4MWU2MjItNDYzYy00MDEwLWJhNGUtOWUxYTA1ZTk1NTE0NGU=","oid":"5b90e7bbd15d75093cb58819","stateId":"5BC5B503-3AA3-4b97-8536-E167B0745016"},{"author":"O.Conrad (c) 2012","parameters":[{"inputs":[{"constraints":"","description":"","identifier":"CLIP","name":"Clip Features","optional":"false","type":"Shapes (input)"},{"constraints":"","description":"","identifier":"S_INPUT","name":"Input Features","optional":"false","type":"Shapes (input)"},{"constraints":"","description":"","identifier":"M_INPUT","name":"Input Features","optional":"false","type":"Shapes list (input)"}]},{"outputs":[{"constraints":"","description":"","identifier":"S_OUTPUT","name":"Output Features","optional":"false","type":"Shapes (output)"},{"constraints":"","description":"","identifier":"M_OUTPUT","name":"Output Features","optional":"false","type":"Shapes list (output)"}]},{"optionals":[{"constraints":"Default: 1","description":"","identifier":"DISSOLVE","name":"Dissolve Clip Features","type":"Boolean"},{"constraints":"Default: 1","description":"","identifier":"MULTIPLE","name":"Multiple Input Features","type":"Boolean"}]}],"tool_description":"Clipping of vector layers with a polygon layer.\nUses the free and open source software library <b>Clipper</b> created by Angus Johnson.\n<a target=\"_blank\" href=\"http://www.angusj.com/delphi/clipper.php\">Clipper Homepage</a>\n<a target=\"_blank\" href=\"http://sourceforge.net/projects/polyclipping/\">Clipper at SourceForge</a>\n","tool_id":"11","tool_name":"Polygon Clipping","tool_path":"http://geomodeling.njnu.edu.cn/OpenGMS/page/model-item-info/model-item-info.html?NWJkODY3ZTEtZDkzOC00YzM5LTllOWEtYzgxYTY0Y2ZiODZjMjM=","oid":"5b90e7bbd15d75093cb5881a","stateId":"A196865A-5842-46c9-9EF4-B484FA9177C2"},{"author":"O.Conrad (c) 2012","parameters":[{"inputs":[{"constraints":"","description":"","identifier":"POLYGONS","name":"Polygons","optional":"false","type":"Shapes (input)"}]},{"outputs":[{"constraints":"","description":"","identifier":"INTERSECT","name":"Intersection","optional":"true","type":"Shapes (optional output)"}]},{"optionals":[{"constraints":"","description":"","identifier":"ID","name":"Identifier","type":"Table field"}]}],"tool_description":"Self-intersection of one layer's polygons.\nUses the free and open source software library <b>Clipper</b> created by Angus Johnson.\n<a target=\"_blank\" href=\"http://www.angusj.com/delphi/clipper.php\">Clipper Homepage</a>\n<a target=\"_blank\" href=\"http://sourceforge.net/projects/polyclipping/\">Clipper at SourceForge</a>\n","tool_id":"12","tool_name":"Polygon Self-Intersection","tool_path":"http://geomodeling.njnu.edu.cn/OpenGMS/page/model-item-info/model-item-info.html?NGEzYjlmYzEtZTE2YS00ZGQ4LWE4MWMtNGFlNGY4ZDJhNjIyOTc=","oid":"5b90e7bbd15d75093cb5881b","stateId":"ECC7E8D7-F749-435e-9C8D-DBBC5B5EB312"},{"author":"O.Conrad (c) 2003-17","parameters":[{"inputs":[{"constraints":"","description":"","identifier":"A","name":"Layer A","optional":"false","type":"Shapes (input)"},{"constraints":"","description":"","identifier":"B","name":"Layer B","optional":"false","type":"Shapes (input)"}]},{"outputs":[{"constraints":"","description":"","identifier":"RESULT","name":"Intersect","optional":"false","type":"Shapes (output)"}]},{"optionals":[{"constraints":"Default: 1","description":"Set true if you want multipart polygons to become separate polygons.","identifier":"SPLIT","name":"Split Parts","type":"Boolean"}]}],"tool_description":"Calculates the geometric intersection of the overlayed polygon layers, i.e. layer A and layer B.\nUses the free and open source software library <b>Clipper</b> created by Angus Johnson.\n<a target=\"_blank\" href=\"http://www.angusj.com/delphi/clipper.php\">Clipper Homepage</a>\n<a target=\"_blank\" href=\"http://sourceforge.net/projects/polyclipping/\">Clipper at SourceForge</a>\n","tool_id":"14","tool_name":"Intersect","tool_path":"http://geomodeling.njnu.edu.cn/OpenGMS/page/model-item-info/model-item-info.html?NmNhOGY0ZGEtNTE3OS00NDJlLTk0MWItNmE1NGY0MGZkZTM0MmE=","oid":"5b90e7bbd15d75093cb5881c","stateId":"28B13D68-6543-422d-A14F-895B3D277FA9"},{"author":"O.Conrad (c) 2003-17","parameters":[{"inputs":[{"constraints":"","description":"","identifier":"A","name":"Layer A","optional":"false","type":"Shapes (input)"},{"constraints":"","description":"","identifier":"B","name":"Layer B","optional":"false","type":"Shapes (input)"}]},{"outputs":[{"constraints":"","description":"","identifier":"RESULT","name":"Difference","optional":"false","type":"Shapes (output)"}]},{"optionals":[{"constraints":"Default: 1","description":"Set true if you want multipart polygons to become separate polygons.","identifier":"SPLIT","name":"Split Parts","type":"Boolean"}]}],"tool_description":"Calculates the geometric difference of the overlayed polygon layers, i.e. layer A less layer B. Sometimes referred to as 'Erase' command.\nUses the free and open source software library <b>Clipper</b> created by Angus Johnson.\n<a target=\"_blank\" href=\"http://www.angusj.com/delphi/clipper.php\">Clipper Homepage</a>\n<a target=\"_blank\" href=\"http://sourceforge.net/projects/polyclipping/\">Clipper at SourceForge</a>\n","tool_id":"15","tool_name":"Difference","tool_path":"http://geomodeling.njnu.edu.cn/OpenGMS/page/model-item-info/model-item-info.html?NzI3ODZhMTctZDk1YS00ODNhLTlhMmYtM2U2ZmYwYzQ4ZmEwNTI=","oid":"5b90e7bbd15d75093cb5881d","stateId":"208C8BDF-D8BE-4033-A146-D4F8B1400B98"},{"author":"O.Conrad (c) 2003-17","parameters":[{"inputs":[{"constraints":"","description":"","identifier":"A","name":"Layer A","optional":"false","type":"Shapes (input)"},{"constraints":"","description":"","identifier":"B","name":"Layer B","optional":"false","type":"Shapes (input)"}]},{"outputs":[{"constraints":"","description":"","identifier":"RESULT","name":"Symmetrical Difference","optional":"false","type":"Shapes (output)"}]},{"optionals":[{"constraints":"Default: 1","description":"Set true if you want multipart polygons to become separate polygons.","identifier":"SPLIT","name":"Split Parts","type":"Boolean"}]}],"tool_description":"Calculates the symmetrical geometric difference of the overlayed polygon layers, i.e. layer A less layer B plus layer B less layer A.\nUses the free and open source software library <b>Clipper</b> created by Angus Johnson.\n<a target=\"_blank\" href=\"http://www.angusj.com/delphi/clipper.php\">Clipper Homepage</a>\n<a target=\"_blank\" href=\"http://sourceforge.net/projects/polyclipping/\">Clipper at SourceForge</a>\n","tool_id":"16","tool_name":"Symmetrical Difference","tool_path":"http://geomodeling.njnu.edu.cn/OpenGMS/page/model-item-info/model-item-info.html?ZGY1YzVkZjktNzYyNy00MmI3LWI5MjUtNjIyYjFkZTY3ZjU2NWE=","oid":"5b90e7bbd15d75093cb5881e","stateId":"58AE19E2-0606-480e-8A5C-D268BE2249BD"},{"author":"O.Conrad (c) 2003-17","parameters":[{"inputs":[{"constraints":"","description":"","identifier":"A","name":"Layer A","optional":"false","type":"Shapes (input)"},{"constraints":"","description":"","identifier":"B","name":"Layer B","optional":"false","type":"Shapes (input)"}]},{"outputs":[{"constraints":"","description":"","identifier":"RESULT","name":"Union","optional":"false","type":"Shapes (output)"}]},{"optionals":[{"constraints":"Default: 1","description":"Set true if you want multipart polygons to become separate polygons.","identifier":"SPLIT","name":"Split Parts","type":"Boolean"}]}],"tool_description":"Calculates the geometric union of the overlayed polygon layers, i.e. the intersection plus the symmetrical difference of layers A and B.\nUses the free and open source software library <b>Clipper</b> created by Angus Johnson.\n<a target=\"_blank\" href=\"http://www.angusj.com/delphi/clipper.php\">Clipper Homepage</a>\n<a target=\"_blank\" href=\"http://sourceforge.net/projects/polyclipping/\">Clipper at SourceForge</a>\n","tool_id":"17","tool_name":"Union","tool_path":"http://geomodeling.njnu.edu.cn/OpenGMS/page/model-item-info/model-item-info.html?OTc3ZGVkMTgtYTI3MS00NzVmLWJmMmYtZTBkY2JlYzZjZDk4MGI=","oid":"5b90e7bbd15d75093cb5881f","stateId":"EE2011FB-17AD-4824-8694-A7D3702B4D5C"},{"author":"O.Conrad (c) 2003-17","parameters":[{"inputs":[{"constraints":"","description":"","identifier":"A","name":"Layer A","optional":"false","type":"Shapes (input)"},{"constraints":"","description":"","identifier":"B","name":"Layer B","optional":"false","type":"Shapes (input)"}]},{"outputs":[{"constraints":"","description":"","identifier":"RESULT","name":"Update","optional":"false","type":"Shapes (output)"}]},{"optionals":[{"constraints":"Default: 1","description":"Set true if you want multipart polygons to become separate polygons.","identifier":"SPLIT","name":"Split Parts","type":"Boolean"}]}],"tool_description":"Updates features of layer A with the features of layer B, i.e. all features of layer B will be supplemented with the difference of layer A less layer B plus. It is assumed, that both input layers share the same attribute structure.\nUses the free and open source software library <b>Clipper</b> created by Angus Johnson.\n<a target=\"_blank\" href=\"http://www.angusj.com/delphi/clipper.php\">Clipper Homepage</a>\n<a target=\"_blank\" href=\"http://sourceforge.net/projects/polyclipping/\">Clipper at SourceForge</a>\n","tool_id":"18","tool_name":"Update","tool_path":"http://geomodeling.njnu.edu.cn/OpenGMS/page/model-item-info/model-item-info.html?ZmI3NTEyMDgtYTk4ZC00YzhmLWI5MmUtNTFhZmZkNmVkMjAyNTU=","oid":"5b90e7bbd15d75093cb58820","stateId":"B689BFA8-2716-4bb1-A194-5C350C7A30A3"},{"author":"O.Conrad (c) 2003-17","parameters":[{"inputs":[{"constraints":"","description":"","identifier":"A","name":"Layer A","optional":"false","type":"Shapes (input)"},{"constraints":"","description":"","identifier":"B","name":"Layer B","optional":"false","type":"Shapes (input)"}]},{"outputs":[{"constraints":"","description":"","identifier":"RESULT","name":"Identity","optional":"false","type":"Shapes (output)"}]},{"optionals":[{"constraints":"Default: 1","description":"Set true if you want multipart polygons to become separate polygons.","identifier":"SPLIT","name":"Split Parts","type":"Boolean"}]}],"tool_description":"Calculates the geometric intersection between both layers and adds the difference of layer A less layer B.\nUses the free and open source software library <b>Clipper</b> created by Angus Johnson.\n<a target=\"_blank\" href=\"http://www.angusj.com/delphi/clipper.php\">Clipper Homepage</a>\n<a target=\"_blank\" href=\"http://sourceforge.net/projects/polyclipping/\">Clipper at SourceForge</a>\n","tool_id":"19","tool_name":"Identity","tool_path":"http://geomodeling.njnu.edu.cn/OpenGMS/page/model-item-info/model-item-info.html?NDAzYzE4ODItZTUyZC00NTU2LThjMTQtY2M5MTZlNDg5ZjBlZmY=","oid":"5b90e7bbd15d75093cb58821","stateId":"C0C98ABB-99B0-4185-96B3-946CDF9E2A84"},{"author":"V. Wichmann (c) 2014","parameters":[{"inputs":[{"constraints":"","description":"Input polygon shapefile","identifier":"INPUT","name":"Polygons","optional":"false","type":"Shapes (input)"},{"constraints":"","description":"Input point shapefile","identifier":"POINTS","name":"Points","optional":"false","type":"Shapes (input)"}]},{"outputs":[{"constraints":"","description":"Optional output polygon shapefile","identifier":"OUTPUT","name":"Result","optional":"true","type":"Shapes (optional output)"}]},{"optionals":[{"constraints":"","description":"Attributes to add. Select none to add all","identifier":"FIELDS","name":"Attributes","type":"Table fields"},{"constraints":"Default: 0","description":"Add location information from points (x,y,(z,m))","identifier":"ADD_LOCATION_INFO","name":"Add Location Info","type":"Boolean"}]}],"tool_description":"Spatial join for polygons. Retrieves for each polygon the selected attributes from that point, which is contained in the polygon. In case a polygon contains more than one point, the last point wins.\nOptionally, the tool allows one to attach the geometrical properties (x,y(z,m)) of each point as additional attributes.\n\n","tool_id":"20","tool_name":"Add Point Attributes to Polygons","tool_path":"http://geomodeling.njnu.edu.cn/OpenGMS/page/model-item-info/model-item-info.html?NzI1ZTEzZGMtNjc3Ni00OGQwLTkxMTEtZWJlN2M5NGY1NWZkYTQ=","oid":"5b90e7bbd15d75093cb58823","stateId":"432580C5-A935-49a3-ABCF-EA068B41A5D5"},{"author":"O.Conrad (c) 2014","parameters":[{"inputs":[{"constraints":"","description":"","identifier":"INPUT","name":"Input","optional":"false","type":"Shapes (input)"}]},{"outputs":[{"constraints":"","description":"","identifier":"OUTPUT","name":"Output","optional":"true","type":"Shapes (optional output)"}]},null],"tool_description":"Removes invalid polygons, i.e. polygons with less than three vertices, and merges polygons belonging spatially together, i.e. forming outer and inner rings. Inner rings are not preserved as separate polygon, but become new part of the polygon forming the outer ring. ","tool_id":"21","tool_name":"Flatten Polygon Layer","tool_path":"http://geomodeling.njnu.edu.cn/OpenGMS/page/model-item-info/model-item-info.html?NzI3Zjg3YTgtMzUxOC00ZGNiLWExMGMtNTliZWVjYWMwNGQ0ZGY=","oid":"5b90e7bbd15d75093cb58824","stateId":"4EDAF28A-CC1F-4dbd-8AB8-D385748436C6"},{"author":"O.Conrad (c) 2014","parameters":[{"inputs":[{"constraints":"","description":"","identifier":"POLYGONS","name":"Polygons","optional":"false","type":"Shapes (input)"}]},{"outputs":[{"constraints":"","description":"","identifier":"EDGES","name":"Edges","optional":"false","type":"Shapes (output)"}]},{"optionals":[{"constraints":"","description":"","identifier":"ATTRIBUTE","name":"Attribute","type":"Table field"},{"constraints":"Minimum: 0.000000\nDefault: 0.000000","description":"","identifier":"EPSILON","name":"Tolerance","type":"Floating point"},{"constraints":"Default: 0","description":"","identifier":"VERTICES","name":"Check Vertices","type":"Boolean"},{"constraints":"Default: 0","description":"give output of an edge twice, i.e. once for each of the two adjacent polygons","identifier":"DOUBLE","name":"Double Edges","type":"Boolean"}]}],"tool_description":"","tool_id":"22","tool_name":"Shared Polygon Edges","tool_path":"http://geomodeling.njnu.edu.cn/OpenGMS/page/model-item-info/model-item-info.html?MTM1OGNlMjUtZTA3NC00ZGMwLWFkYzQtMjk3YzY2ZjljNGZmODM=","oid":"5b90e7bbd15d75093cb58825","stateId":"92477CE6-666E-44d5-BAEE-E1A9E75C6334"}]}