{"Version":"1.0","author":"O. Conrad, V.Wichmann (c) 2002-13","library_description":"Tools related to gridded and vector data (conversions, combinations, etc.).","library_name":"shapes_grid","library_name_title":"Shapes Grid","tools":[{"author":"O.Conrad (c) 2003","parameters":[{"inputs":[{"constraints":"","description":"","identifier":"SHAPES","name":"Points","optional":"false","type":"Shapes (input)"},{"constraints":"","description":"","identifier":"GRIDS","name":"Grids","optional":"false","type":"Grid list (input)"}]},{"outputs":[{"constraints":"","description":"","identifier":"RESULT","name":"Result","optional":"true","type":"Shapes (optional output)"}]},{"optionals":[{"constraints":"Available Choices:\n[0] Nearest Neighbour\n[1] Bilinear Interpolation\n[2] Bicubic Spline Interpolation\n[3] B-Spline Interpolation\nDefault: 3","description":"","identifier":"RESAMPLING","name":"Resampling","type":"Choice"}]}],"tool_description":"Spatial Join: Retrieves information from the selected grids at the positions of the points of the selected points layer and adds it to the resulting layer.","tool_id":"0","tool_name":"Add Grid Values to Points","tool_path":"http://geomodeling.njnu.edu.cn/OpenGMS/page/model-item-info/model-item-info.html?NTZiMTU4MmItNzMxYi00ZjIxLTkxNTktY2IyZWUzNzZkYjRjYjE=","oid":"5b90e7bbd15d75093cb587ea","stateId":"354BF7C3-F1C7-4141-A528-A4AB0B5EEC91"},{"author":"O.Conrad (c) 2003","parameters":[{"inputs":[{"constraints":"","description":"","identifier":"SHAPES","name":"Shapes","optional":"false","type":"Shapes (input)"},{"constraints":"","description":"","identifier":"GRIDS","name":"Grids","optional":"false","type":"Grid list (input)"}]},{"outputs":[{"constraints":"","description":"","identifier":"RESULT","name":"Result","optional":"true","type":"Shapes (optional output)"}]},{"optionals":[{"constraints":"Available Choices:\n[0] Nearest Neighbour\n[1] Bilinear Interpolation\n[2] Bicubic Spline Interpolation\n[3] B-Spline Interpolation\nDefault: 3","description":"","identifier":"RESAMPLING","name":"Resampling","type":"Choice"}]}],"tool_description":"Spatial Join: Retrieves information from the selected grids at the positions of the shapes of the selected shapes layer and adds it to the resulting shapes layer. For points this is similar to 'Add Grid Values to Points' tool. For lines and polygons average values will be calculated from interfering grid cells. For polygons the 'Grid Statistics for Polygons' tool offers more advanced options. ","tool_id":"1","tool_name":"Add Grid Values to Shapes","tool_path":"http://geomodeling.njnu.edu.cn/OpenGMS/page/model-item-info/model-item-info.html?OTlmNmE1MDgtN2E5YS00ODY2LWI3NmItMzhlY2NmOGVmNjg3N2E=","oid":"5b90e7bbd15d75093cb587eb","stateId":"0D583967-B1C1-4763-B1CE-1B3AE27BB6AC"},{"author":"O.Conrad (c) 2003, Quantile Calculation (c) 2007 by Johan Van de Wauw","parameters":[{"inputs":[{"constraints":"","description":"","identifier":"GRIDS","name":"Grids","optional":"false","type":"Grid list (input)"},{"constraints":"","description":"","identifier":"POLYGONS","name":"Polygons","optional":"false","type":"Shapes (input)"}]},{"outputs":[{"constraints":"","description":"","identifier":"RESULT","name":"Statistics","optional":"true","type":"Shapes (optional output)"}]},{"optionals":[{"constraints":"","description":"","identifier":"PARAMETERS_GRID_SYSTEM","name":"Grid system","type":"Grid system"},{"constraints":"Available Choices:\n[0] grid number\n[1] grid name\nDefault: 1","description":"","identifier":"NAMING","name":"Field Naming","type":"Choice"},{"constraints":"Available Choices:\n[0] simple and fast\n[1] polygon wise (cell centers)\n[2] polygon wise (cell area)\n[3] polygon wise (cell area weighted)\nDefault: 0","description":"","identifier":"METHOD","name":"Method","type":"Choice"},{"constraints":"Default: 0","description":"","identifier":"PARALLELIZED","name":"Use Multiple Cores","type":"Boolean"},{"constraints":"Default: 1","description":"","identifier":"COUNT","name":"Number of Cells","type":"Boolean"},{"constraints":"Default: 1","description":"","identifier":"MIN","name":"Minimum","type":"Boolean"},{"constraints":"Default: 1","description":"","identifier":"MAX","name":"Maximum","type":"Boolean"},{"constraints":"Default: 1","description":"","identifier":"RANGE","name":"Range","type":"Boolean"},{"constraints":"Default: 1","description":"","identifier":"SUM","name":"Sum","type":"Boolean"},{"constraints":"Default: 1","description":"","identifier":"MEAN","name":"Mean","type":"Boolean"},{"constraints":"Default: 1","description":"","identifier":"VAR","name":"Variance","type":"Boolean"},{"constraints":"Default: 1","description":"","identifier":"STDDEV","name":"Standard Deviation","type":"Boolean"},{"constraints":"Minimum: 0\nMaximum: 50\nDefault: 0","description":"Calculate distribution quantiles. Value specifies interval (median=50, quartiles=25, deciles=10, ...). Set to zero to omit quantile calculation.","identifier":"QUANTILE","name":"Quantile","type":"Integer"},{"constraints":"Default: 0","description":"","identifier":"GINI","name":"Gini","type":"Boolean"}]}],"tool_description":"Zonal grid statistics. For each polygon statistics based on all covered grid cells will be calculated.","tool_id":"2","tool_name":"Grid Statistics for Polygons","tool_path":"http://geomodeling.njnu.edu.cn/OpenGMS/page/model-item-info/model-item-info.html?ZTlmODE2ZDYtMzk3YS00NDcyLThhOGQtZDdmYmI0NjhiMGM3NDE=","oid":"5b90e7bbd15d75093cb587f2","stateId":"29566E41-E213-4d6a-9193-AAEEF240D09B"},{"author":"O.Conrad (c) 2001","parameters":[{"inputs":[{"constraints":"","description":"","identifier":"GRIDS","name":"Grids","optional":"false","type":"Grid list (input)"},{"constraints":"","description":"","identifier":"POLYGONS","name":"Polygons","optional":"true","type":"Shapes (optional input)"}]},{"outputs":[{"constraints":"","description":"","identifier":"SHAPES","name":"Shapes","optional":"false","type":"Shapes (output)"}]},{"optionals":[{"constraints":"","description":"","identifier":"PARAMETERS_GRID_SYSTEM","name":"Grid system","type":"Grid system"},{"constraints":"Default: 1","description":"","identifier":"NODATA","name":"Exclude NoData Cells","type":"Boolean"},{"constraints":"Available Choices:\n[0] nodes\n[1] cells\nDefault: 0","description":"","identifier":"TYPE","name":"Type","type":"Choice"}]}],"tool_description":"This tool saves grid values to point (grid nodes) or polygon (grid cells) shapes. Optionally only points can be saved, which are contained by polygons of the specified shapes layer. In addition, it is possible to exclude all cells that are coded NoData in the first grid of the grid list.","tool_id":"3","tool_name":"Grid Values to Points","tool_path":"http://geomodeling.njnu.edu.cn/OpenGMS/page/model-item-info/model-item-info.html?NThlOTZjZTEtMmFlNy00MzZjLWE1MmQtZDk0NjY0YzJiODhmNWU=","oid":"5b90e7bbd15d75093cb587f3","stateId":"7E2C8CCE-FCB8-4405-BAA8-C180105B18FC"},{"author":"(c) 2003 by O.Conrad","parameters":[{"inputs":[{"constraints":"","description":"","identifier":"GRID","name":"Grid","optional":"false","type":"Grid (input)"}]},{"outputs":[{"constraints":"","description":"","identifier":"POINTS","name":"Points","optional":"false","type":"Shapes (output)"}]},{"optionals":[{"constraints":"","description":"","identifier":"PARAMETERS_GRID_SYSTEM","name":"Grid system","type":"Grid system"},{"constraints":"Minimum: 1\nDefault: 100","description":"One per x","identifier":"FREQ","name":"Frequency","type":"Integer"}]}],"tool_description":"Extract randomly points from gridded data.","tool_id":"4","tool_name":"Grid Values to Points (randomly)","tool_path":"http://geomodeling.njnu.edu.cn/OpenGMS/page/model-item-info/model-item-info.html?NjMzNGQyMjQtYWQzMy00YTc2LThmYWUtYTZiNWVlZDJjODc1ZjU=","oid":"5b90e7bbd15d75093cb587f4","stateId":"6A6B77CC-2642-4a21-8F7C-EB7BF87C88DE"},{"author":"O.Conrad (c) 2001","parameters":[{"inputs":[{"constraints":"","description":"","identifier":"GRID","name":"Grid","optional":"false","type":"Grid (input)"}]},{"outputs":[{"constraints":"","description":"","identifier":"CONTOUR","name":"Contour","optional":"false","type":"Shapes (output)"},{"constraints":"","description":"","identifier":"POLYGONS","name":"Polygons","optional":"true","type":"Shapes (optional output)"}]},{"optionals":[{"constraints":"","description":"","identifier":"GRID_GRIDSYSTEM","name":"Grid system","type":"Grid system"},{"constraints":"Available Choices:\n[0] x, y\n[1] x, y, z\nDefault: 0","description":"choose vertex type for resulting contours","identifier":"VERTEX","name":"Vertex Type","type":"Choice"},{"constraints":"Minimum: 0.000000\nDefault: 1.000000","description":"set greater one for line smoothing","identifier":"SCALE","name":"Interpolation Scale","type":"Floating point"},{"constraints":"Default: 1","description":"","identifier":"LINE_PARTS","name":"Split Parts","type":"Boolean"},{"constraints":"Default: 0","description":"","identifier":"POLY_PARTS","name":"Split Polygon Parts","type":"Boolean"},{"constraints":"Default: 0.000000","description":"","identifier":"ZMIN","name":"Minimum Contour Value","type":"Floating point"},{"constraints":"Default: 10000.000000","description":"","identifier":"ZMAX","name":"Maximum Contour Value","type":"Floating point"},{"constraints":"Minimum: 0.000000\nDefault: 10.000000","description":"","identifier":"ZSTEP","name":"Equidistance","type":"Floating point"}]}],"tool_description":"Derive contour lines (isolines) from grid. ","tool_id":"5","tool_name":"Contour Lines from Grid","tool_path":"http://geomodeling.njnu.edu.cn/OpenGMS/page/model-item-info/model-item-info.html?ZmU3ODJmZGEtY2M0Yi00ZGJlLWJkN2YtNTEzYWZmMTY5OWIyNTE=","oid":"5b90e7bbd15d75093cb587f5","stateId":"AD4357FF-3CB5-4c37-8206-C2E102CF4713"},{"author":"O.Conrad (c) 2008","parameters":[{"inputs":[{"constraints":"","description":"","identifier":"GRID","name":"Grid","optional":"false","type":"Grid (input)"}]},{"outputs":[{"constraints":"","description":"","identifier":"POLYGONS","name":"Polygons","optional":"false","type":"Shapes (output)"}]},{"optionals":[{"constraints":"","description":"","identifier":"PARAMETERS_GRID_SYSTEM","name":"Grid system","type":"Grid system"},{"constraints":"Available Choices:\n[0] one single class specified by class identifier\n[1] all classes\nDefault: 1","description":"","identifier":"CLASS_ALL","name":"Class Selection","type":"Choice"},{"constraints":"Default: 1.000000","description":"","identifier":"CLASS_ID","name":"Class Identifier","type":"Floating point"},{"constraints":"Available Choices:\n[0] one single (multi-)polygon object\n[1] each island as separated polygon\nDefault: 0","description":"","identifier":"SPLIT","name":"Vectorised class as...","type":"Choice"},{"constraints":"Default: 0","description":"","identifier":"ALLVERTICES","name":"Keep Vertices on Straight Lines","type":"Boolean"}]}],"tool_description":"Vectorising grid classes.","tool_id":"6","tool_name":"Vectorising Grid Classes","tool_path":"http://geomodeling.njnu.edu.cn/OpenGMS/page/model-item-info/model-item-info.html?NDcyN2U5MWUtYzU4MC00YmIyLWI4ZmQtMTVkZGFkOGNhOGIxMzA=","oid":"5b90e7bbd15d75093cb587f6","stateId":"29842BAF-44B5-4aec-B738-281ECB07FF07"},{"author":"Stefan Liersch (c) 2006","parameters":[{"inputs":[{"constraints":"","description":"","identifier":"INPUT","name":"Input","optional":"false","type":"Grid list (input)"},{"constraints":"","description":"","identifier":"POLYGONS","name":"Polygons","optional":"false","type":"Shapes (input)"}]},{"outputs":[{"constraints":"","description":"","identifier":"OUTPUT","name":"Output","optional":"false","type":"Grid list (output)"}]},{"optionals":[{"constraints":"","description":"","identifier":"PARAMETERS_GRID_SYSTEM","name":"Grid system","type":"Grid system"},{"constraints":"Available Choices:\n[0] original\n[1] polygons\n[2] crop to data\nDefault: 1","description":"","identifier":"EXTENT","name":"Target Extent","type":"Choice"}]}],"tool_description":"Clips the input grid with a polygon shapefile. Select polygons from the shapefile prior to tool execution in case you like to use only a subset from the shapefile for clipping.","tool_id":"7","tool_name":"Clip Grid with Polygon","tool_path":"http://geomodeling.njnu.edu.cn/OpenGMS/page/model-item-info/model-item-info.html?ZDY2OGYyZGUtOTU2Yi00OTI4LWE1OGMtNzI0OTZkMmQ4NjZkMmE=","oid":"5b90e7bbd15d75093cb587f7","stateId":"2303DDE0-3E03-4423-86F9-02AF78566A41"},{"author":"O.Conrad (c) 2015","parameters":[{"inputs":[{"constraints":"","description":"","identifier":"GRIDS","name":"Grids","optional":"false","type":"Grid list (input)"},{"constraints":"","description":"","identifier":"POINTS","name":"Points","optional":"false","type":"Shapes (input)"}]},{"outputs":[{"constraints":"","description":"","identifier":"RESULT","name":"Statistics","optional":"true","type":"Shapes (optional output)"}]},{"optionals":[{"constraints":"","description":"","identifier":"PARAMETERS_GRID_SYSTEM","name":"Grid system","type":"Grid system"},{"constraints":"Available Choices:\n[0] square\n[1] circle\nDefault: 0","description":"","identifier":"KERNEL_TYPE","name":"Kernel Type","type":"Choice"},{"constraints":"Minimum: 1\nDefault: 1","description":"kernel size defined as radius number of cells","identifier":"KERNEL_SIZE","name":"Kernel Size","type":"Integer"},{"constraints":"Available Choices:\n[0] grid number\n[1] grid name\nDefault: 1","description":"","identifier":"NAMING","name":"Field Naming","type":"Choice"},{"constraints":"Default: 1","description":"","identifier":"COUNT","name":"Number of Cells","type":"Boolean"},{"constraints":"Default: 1","description":"","identifier":"MIN","name":"Minimum","type":"Boolean"},{"constraints":"Default: 1","description":"","identifier":"MAX","name":"Maximum","type":"Boolean"},{"constraints":"Default: 1","description":"","identifier":"RANGE","name":"Range","type":"Boolean"},{"constraints":"Default: 1","description":"","identifier":"SUM","name":"Sum","type":"Boolean"},{"constraints":"Default: 1","description":"","identifier":"MEAN","name":"Mean","type":"Boolean"},{"constraints":"Default: 1","description":"","identifier":"VAR","name":"Variance","type":"Boolean"},{"constraints":"Default: 1","description":"","identifier":"STDDEV","name":"Standard Deviation","type":"Boolean"},{"constraints":"Minimum: 0\nMaximum: 50\nDefault: 0","description":"Calculate distribution quantiles. Value specifies interval (median=50, quartiles=25, deciles=10, ...). Set to zero to omit quantile calculation.","identifier":"QUANTILE","name":"Quantile","type":"Integer"}]}],"tool_description":"For each given point statistics based on all grid cells in the defined neighbourhood will be calculated.","tool_id":"8","tool_name":"Grid Statistics for Points","tool_path":"http://geomodeling.njnu.edu.cn/OpenGMS/page/model-item-info/model-item-info.html?M2FlODAwODYtZTdkZS00YzU2LWI1YTEtNWQ4Mjk0ZWUzYjViN2U=","oid":"5b90e7bbd15d75093cb587f8","stateId":"A8E88848-3B55-489b-BF83-EB05BAFEA2F1"},{"author":"O.Conrad (c) 2009","parameters":[{"inputs":[{"constraints":"","description":"","identifier":"GRID","name":"Grid","optional":"false","type":"Grid (input)"}]},{"outputs":[{"constraints":"","description":"","identifier":"MINIMA","name":"Minima","optional":"false","type":"Shapes (output)"},{"constraints":"","description":"","identifier":"MAXIMA","name":"Maxima","optional":"false","type":"Shapes (output)"}]},{"optionals":[{"constraints":"","description":"","identifier":"PARAMETERS_GRID_SYSTEM","name":"Grid system","type":"Grid system"}]}],"tool_description":"Extracts local grid value minima and maxima of to vector points.","tool_id":"9","tool_name":"Local Minima and Maxima","tool_path":"http://geomodeling.njnu.edu.cn/OpenGMS/page/model-item-info/model-item-info.html?OGRkZGM5M2YtNGQyNS00YjA3LWFlMTYtYmY2OWM1MjQ0MTU5YmQ=","oid":"5b90e7bbd15d75093cb587f9","stateId":"6784D4C1-FCD6-41d0-9A29-699AAC7644F6"},{"author":"O. Conrad (c) 2011","parameters":[null,{"outputs":[{"constraints":"","description":"","identifier":"SHAPES","name":"Extent","optional":"false","type":"Shapes (output)"}]},{"optionals":[{"constraints":"","description":"","identifier":"PARAMETERS_GRID_SYSTEM","name":"Grid system","type":"Grid system"},{"constraints":"Available Choices:\n[0] grid cells\n[1] grid nodes\nDefault: 0","description":"","identifier":"CELLS","name":"Border","type":"Choice"}]}],"tool_description":"Creates a polygon (rectangle) from a grid system's extent.","tool_id":"10","tool_name":"Grid System Extent","tool_path":"http://geomodeling.njnu.edu.cn/OpenGMS/page/model-item-info/model-item-info.html?ZDAwNDMyZDMtZGEzYS00NWRkLWIzMTYtZWJiZTdiMmQyZTM0MTg=","oid":"5b90e7bbd15d75093cb587ec","stateId":"739B6242-4F3D-4dda-83B8-01F0531E653D"},{"author":"V. Wichmann (c) 2013","parameters":[{"inputs":[{"constraints":"","description":"The grid to clip.","identifier":"INPUT","name":"Input","optional":"false","type":"Grid (input)"},{"constraints":"","description":"The shapefile to use for clipping.","identifier":"SHAPES","name":"Extent","optional":"false","type":"Shapes (input)"}]},{"outputs":[{"constraints":"","description":"The clipped grid.","identifier":"OUTPUT","name":"Output","optional":"true","type":"Data Object Grid (optional output)"}]},{"optionals":[{"constraints":"","description":"","identifier":"INPUT_GRIDSYSTEM","name":"Grid system","type":"Grid system"},{"constraints":"Available Choices:\n[0] grid cells\n[1] grid nodes\n[2] align to grid system\nDefault: 0","description":"Set grid extent to grid cells (pixel as area), to grid nodes (pixel as point) or align to grid system.","identifier":"BORDER","name":"Border","type":"Choice"}]}],"tool_description":"Clips the input grid with the (rectangular) extent of a shapefile. The clipped grid will have the extent of the shapefile.\nSelect shapes from the shapefile prior to tool execution in case you like to use only a subset from the shapefile for clipping.\n\n","tool_id":"11","tool_name":"Clip Grid with Rectangle","tool_path":"http://geomodeling.njnu.edu.cn/OpenGMS/page/model-item-info/model-item-info.html?YzMwMDc2MzktZWM2OS00ZmZkLTk2ZGItNDY5MTUyZTVjMjk3ZTg=","oid":"5b90e7bbd15d75093cb587ed","stateId":"C1481B33-9F84-4440-9868-CC939600CAC2"},{"author":"O.Conrad (c) 2006","parameters":[{"inputs":[{"constraints":"","description":"","identifier":"SURFACE","name":"Surface","optional":"false","type":"Grid (input)"}]},{"outputs":[{"constraints":"","description":"","identifier":"VECTORS","name":"Gradient Vectors","optional":"false","type":"Shapes (output)"}]},{"optionals":[{"constraints":"","description":"","identifier":"PARAMETERS_GRID_SYSTEM","name":"Grid system","type":"Grid system"},{"constraints":"Minimum: 1\nDefault: 1","description":"","identifier":"STEP","name":"Step","type":"Integer"},{"constraints":"","description":"size range as percentage of step","identifier":"SIZE","name":"Size Range","type":"Value range"},{"constraints":"Available Choices:\n[0] nearest neighbour\n[1] mean value\nDefault: 1","description":"how to request values if step size is more than one cell","identifier":"AGGR","name":"Aggregation","type":"Choice"},{"constraints":"Available Choices:\n[0] simple line\n[1] arrow\n[2] arrow (centered to cell)\nDefault: 2","description":"","identifier":"STYLE","name":"Style","type":"Choice"}]}],"tool_description":"Create lines indicating the gradient. ","tool_id":"15","tool_name":"Gradient Vectors from Surface","tool_path":"http://geomodeling.njnu.edu.cn/OpenGMS/page/model-item-info/model-item-info.html?YWRjYmZmYTQtZmMxNS00ZjI4LWFlOTItMTU5Njk5YmZmOTM3OTA=","oid":"5b90e7bbd15d75093cb587ee","stateId":"E37CB122-4D77-42dd-80E7-267706CB0F0F"},{"author":"O.Conrad (c) 2006","parameters":[{"inputs":[{"constraints":"","description":"","identifier":"DIR","name":"Direction","optional":"false","type":"Grid (input)"},{"constraints":"","description":"","identifier":"LEN","name":"Length","optional":"false","type":"Grid (input)"}]},{"outputs":[{"constraints":"","description":"","identifier":"VECTORS","name":"Gradient Vectors","optional":"false","type":"Shapes (output)"}]},{"optionals":[{"constraints":"","description":"","identifier":"PARAMETERS_GRID_SYSTEM","name":"Grid system","type":"Grid system"},{"constraints":"Minimum: 1\nDefault: 1","description":"","identifier":"STEP","name":"Step","type":"Integer"},{"constraints":"","description":"size range as percentage of step","identifier":"SIZE","name":"Size Range","type":"Value range"},{"constraints":"Available Choices:\n[0] nearest neighbour\n[1] mean value\nDefault: 1","description":"how to request values if step size is more than one cell","identifier":"AGGR","name":"Aggregation","type":"Choice"},{"constraints":"Available Choices:\n[0] simple line\n[1] arrow\n[2] arrow (centered to cell)\nDefault: 2","description":"","identifier":"STYLE","name":"Style","type":"Choice"}]}],"tool_description":"Create lines indicating the gradient. ","tool_id":"16","tool_name":"Gradient Vectors from Direction and Length","tool_path":"http://geomodeling.njnu.edu.cn/OpenGMS/page/model-item-info/model-item-info.html?YmZlOTdkMGEtOTYwZC00MDNhLWJlNzUtZmUyNjliNmIwMzJkN2I=","oid":"5b90e7bbd15d75093cb587ef","stateId":"89366A0B-C23F-45bf-85AC-52E5DE196E0B"},{"author":"O.Conrad (c) 2006","parameters":[{"inputs":[{"constraints":"","description":"","identifier":"X","name":"X Component","optional":"false","type":"Grid (input)"},{"constraints":"","description":"","identifier":"Y","name":"Y Component","optional":"false","type":"Grid (input)"}]},{"outputs":[{"constraints":"","description":"","identifier":"VECTORS","name":"Gradient Vectors","optional":"false","type":"Shapes (output)"}]},{"optionals":[{"constraints":"","description":"","identifier":"PARAMETERS_GRID_SYSTEM","name":"Grid system","type":"Grid system"},{"constraints":"Minimum: 1\nDefault: 1","description":"","identifier":"STEP","name":"Step","type":"Integer"},{"constraints":"","description":"size range as percentage of step","identifier":"SIZE","name":"Size Range","type":"Value range"},{"constraints":"Available Choices:\n[0] nearest neighbour\n[1] mean value\nDefault: 1","description":"how to request values if step size is more than one cell","identifier":"AGGR","name":"Aggregation","type":"Choice"},{"constraints":"Available Choices:\n[0] simple line\n[1] arrow\n[2] arrow (centered to cell)\nDefault: 2","description":"","identifier":"STYLE","name":"Style","type":"Choice"}]}],"tool_description":"Create lines indicating the gradient. ","tool_id":"17","tool_name":"Gradient Vectors from Directional Components","tool_path":"http://geomodeling.njnu.edu.cn/OpenGMS/page/model-item-info/model-item-info.html?MmRlMzM3MjgtOWI5NS00YTg3LTg2N2YtZWQyMzBhMDBkNDE4Yjk=","oid":"5b90e7bbd15d75093cb587f0","stateId":"2DE73E87-C041-4d87-9DF1-DB835F2E5658"},{"author":"O.Conrad (c) 2016","parameters":[{"inputs":[{"constraints":"","description":"","identifier":"POLYGONS","name":"Polygons","optional":"false","type":"Shapes (input)"},{"constraints":"","description":"","identifier":"GRID","name":"Grid","optional":"false","type":"Grid (input)"},{"constraints":"","description":"","identifier":"GRID_LUT","name":"Look-up Table","optional":"true","type":"Table (optional input)"}]},{"outputs":[{"constraints":"","description":"","identifier":"RESULT","name":"Result","optional":"true","type":"Shapes (optional output)"}]},{"optionals":[{"constraints":"","description":"","identifier":"PARAMETERS_GRID_SYSTEM","name":"Grid system","type":"Grid system"},{"constraints":"Available Choices:\n[0] cell center\n[1] cell area\nDefault: 0","description":"","identifier":"METHOD","name":"Method","type":"Choice"},{"constraints":"Available Choices:\n[0] values are class identifiers\n[1] use look-up table\nDefault: 1","description":"","identifier":"GRID_VALUES","name":"Value Interpretation","type":"Choice"},{"constraints":"","description":"","identifier":"GRID_LUT_MIN","name":"Value","type":"Table field"},{"constraints":"","description":"","identifier":"GRID_LUT_MAX","name":"Value (Maximum)","type":"Table field"},{"constraints":"","description":"","identifier":"GRID_LUT_NAM","name":"Name","type":"Table field"}]}],"tool_description":"Calculates for each polygon the area covered by each grid class.","tool_id":"18","tool_name":"Grid Classes Area for Polygons","tool_path":"http://geomodeling.njnu.edu.cn/OpenGMS/page/model-item-info/model-item-info.html?NDY4MDBjMTktMmFlMS00YWFmLWI4OTAtOGZmMzk3YTc4NzRjNjg=","oid":"5b90e7bbd15d75093cb587f1","stateId":"88AA2840-D541-4f2a-9CED-1494C073CA4B"}]}