{"Version":"1.0","author":"Various Authors","library_description":"Tools for the manipulation of point vector data.","library_name":"shapes_points","library_name_title":"Shapes Points","tools":[{"author":"Victor Olaya (c) 2004","parameters":[{"inputs":[{"constraints":"","description":"","identifier":"TABLE","name":"Table","optional":"false","type":"Table (input)"}]},{"outputs":[{"constraints":"","description":"","identifier":"POINTS","name":"Points","optional":"false","type":"Shapes (output)"}]},{"optionals":[{"constraints":"","description":"","identifier":"X","name":"X","type":"Table field"},{"constraints":"","description":"","identifier":"Y","name":"Y","type":"Table field"},{"constraints":"","description":"","identifier":"Z","name":"Z","type":"Table field"}]}],"tool_description":"Create Point Theme From Table","tool_id":"0","tool_name":"Convert Table to Points","tool_path":"http://geomodeling.njnu.edu.cn/OpenGMS/page/model-item-info/model-item-info.html?YTA2M2M3NTEtZjA4OS00ODE4LTg3OGYtMDc0NWY0OGUyZjYxYzU=","oid":"5b90e7bbd15d75093cb58804","stateId":"0067B4B8-CC82-452e-9ACA-A492CB374F83"},{"author":"Victor Olaya (c) 2004","parameters":[{"inputs":[{"constraints":"","description":"","identifier":"POINTS","name":"Points","optional":"false","type":"Shapes (input)"},{"constraints":"","description":"","identifier":"POLYGONS","name":"Polygons","optional":"false","type":"Shapes (input)"}]},null,null],"tool_description":"Count Points in Polygons.","tool_id":"1","tool_name":"Count Points in Polygons","tool_path":"http://geomodeling.njnu.edu.cn/OpenGMS/page/model-item-info/model-item-info.html?NGY1Mzk3YmUtZTUzOC00MjlkLTkwZDgtZTliN2I3ZmIxYTljY2E=","oid":"","stateId":""},{"author":"","parameters":[null,{"outputs":[{"constraints":"","description":"","identifier":"POINTS","name":"Point Grid","optional":"false","type":"Shapes (output)"}]},{"optionals":[{"constraints":"","description":"","identifier":"X_EXTENT","name":"X-Extent","type":"Value range"},{"constraints":"","description":"","identifier":"Y_EXTENT","name":"Y-Extent","type":"Value range"},{"constraints":"Default: 100.000000","description":"Distance between points (grid units).","identifier":"DIST","name":"Distance","type":"Floating point"}]}],"tool_description":"(c) 2004 by Victor Olaya. Creates a regular grid of points.","tool_id":"2","tool_name":"Create Point Grid","tool_path":"http://geomodeling.njnu.edu.cn/OpenGMS/page/model-item-info/model-item-info.html?OGQ2OTgzZGUtMDJlZS00ZDFmLWE4MDgtM2ZiNDU0ZTMwMDZjOGQ=","oid":"5b90e7bbd15d75093cb5880f","stateId":"DA818B5B-DDD8-4da3-95D6-53D738D0FD60"},{"author":"V.Olaya (c) 2004, O.Conrad (c) 2014","parameters":[{"inputs":[{"constraints":"","description":"","identifier":"POINTS","name":"Points","optional":"false","type":"Shapes (input)"},{"constraints":"","description":"","identifier":"NEAR","name":"Near Points","optional":"true","type":"Shapes (optional input)"}]},{"outputs":[{"constraints":"","description":"","identifier":"DISTANCES","name":"Distances","optional":"false","type":"Table (output)"}]},{"optionals":[{"constraints":"","description":"","identifier":"ID_POINTS","name":"Identifier","type":"Table field"},{"constraints":"","description":"","identifier":"ID_NEAR","name":"Identifier","type":"Table field"},{"constraints":"Available Choices:\n[0] complete input times near points matrix\n[1] each pair with a single record\nDefault: 1","description":"","identifier":"FORMAT","name":"Output Format","type":"Choice"},{"constraints":"Minimum: 0.000000\nDefault: 0.000000","description":"ignored if set to zero (consider all pairs)","identifier":"MAX_DIST","name":"Maximum Distance","type":"Floating point"}]}],"tool_description":"Computes distances between pairs of points.","tool_id":"3","tool_name":"Point Distances","tool_path":"http://geomodeling.njnu.edu.cn/OpenGMS/page/model-item-info/model-item-info.html?ZmNlYjYzOWMtNWExNy00ODcwLTg2NmYtZTk2M2ZhZTYxNjkyYzU=","oid":"5b90e7bbd15d75093cb58811","stateId":"5CEDD247-4CD8-4440-AD27-C42B064F32BD"},{"author":"","parameters":[{"inputs":[{"constraints":"","description":"","identifier":"SHAPES","name":"Shapes","optional":"false","type":"Shapes (input)"}]},{"outputs":[{"constraints":"","description":"","identifier":"POINTS","name":"Points","optional":"false","type":"Shapes (output)"}]},{"optionals":[{"constraints":"Minimum: 1\nDefault: 100","description":"Number of points","identifier":"NUMPOINTS","name":"Number of points","type":"Integer"}]}],"tool_description":"(c) 2004 by Victor Olaya. Fit N Points to shape","tool_id":"4","tool_name":"Fit N Points to shape","tool_path":"http://geomodeling.njnu.edu.cn/OpenGMS/page/model-item-info/model-item-info.html?ZWVmNmFjODAtNjYzNS00OWZjLWI4ODAtYWFmNmY1MDZiYzZiYTA=","oid":"5b90e7bbd15d75093cb58812","stateId":"517C2F9D-0157-4ff0-8AEE-87FA34F7B289"},{"author":"V. Olaya, V. Wichmann (c) 2004-2015","parameters":[{"inputs":[{"constraints":"","description":"","identifier":"LINES","name":"Lines","optional":"false","type":"Shapes (input)"}]},{"outputs":[{"constraints":"","description":"","identifier":"POINTS","name":"Points","optional":"false","type":"Shapes (output)"}]},{"optionals":[{"constraints":"Default: 0","description":"","identifier":"ADD","name":"Insert Additional Points","type":"Boolean"},{"constraints":"Available Choices:\n[0] per line segment\n[1] per line\n[2] from line center\nDefault: 0","description":"Choose the method how to insert additional points.","identifier":"METHOD_INSERT","name":"Insertion","type":"Choice"},{"constraints":"Minimum: 0.000000\nDefault: 1.000000","description":"Point insertion distance [map units].","identifier":"DIST","name":"Insertion Distance","type":"Floating point"},{"constraints":"Default: 0","description":"Add point order as additional attribute.","identifier":"ADD_POINT_ORDER","name":"Add Point Order","type":"Boolean"}]}],"tool_description":"Converts lines to points. Optionally inserts additional points in user-defined distances. ","tool_id":"5","tool_name":"Convert Lines to Points","tool_path":"http://geomodeling.njnu.edu.cn/OpenGMS/page/model-item-info/model-item-info.html?ZmIzNmUzMjYtYjVjYy00ZWUzLWJhNDEtNGIzNjQyNDFiYmZiZDA=","oid":"5b90e7bbd15d75093cb58813","stateId":"B8A1E84B-2F02-4479-8E18-8FD72FAF1BCF"},{"author":"Victor Olaya (c) 2004","parameters":[{"inputs":[{"constraints":"","description":"","identifier":"INPUT","name":"Points","optional":"false","type":"Shapes (input)"}]},{"outputs":[{"constraints":"","description":"","identifier":"OUTPUT","name":"Output","optional":"true","type":"Shapes (optional output)"}]},{"optionals":[{"constraints":"Default: 1","description":"","identifier":"X","name":"X","type":"Boolean"},{"constraints":"Default: 1","description":"","identifier":"Y","name":"Y","type":"Boolean"},{"constraints":"Default: 1","description":"","identifier":"Z","name":"Z","type":"Boolean"},{"constraints":"Default: 1","description":"","identifier":"M","name":"M","type":"Boolean"}]}],"tool_description":"The tool attaches the x- and y-coordinates of each point to the attribute table. For 3D shapefiles, also the z/m-coordinates are reported.","tool_id":"6","tool_name":"Add Coordinates to Points","tool_path":"http://geomodeling.njnu.edu.cn/OpenGMS/page/model-item-info/model-item-info.html?NGFlMzQ4ZTAtOTQxMy00NTNjLTgwNjMtNWQyMGUzZThlZDY3ZmQ=","oid":"5b90e7bbd15d75093cb58814","stateId":"775D567D-0BAE-460b-AC6F-25C1825DB7DE"},{"author":"O.Conrad (c) 2008","parameters":[{"inputs":[{"constraints":"","description":"","identifier":"POINTS","name":"Points","optional":"false","type":"Shapes (input)"}]},{"outputs":[{"constraints":"","description":"","identifier":"RESULT","name":"Result","optional":"true","type":"Shapes (optional output)"}]},{"optionals":[{"constraints":"","description":"","identifier":"FIELD","name":"Attribute","type":"Table field"},{"constraints":"Available Choices:\n[0] first point\n[1] last point\n[2] point with minimum attribute value\n[3] point with maximum attribute value\nDefault: 0","description":"","identifier":"METHOD","name":"Point to Keep","type":"Choice"},{"constraints":"Available Choices:\n[0] take value from the point to be kept\n[1] minimum value of all duplicates\n[2] maximum value of all duplicates\n[3] mean value of all duplicates\nDefault: 0","description":"","identifier":"NUMERIC","name":"Numeric Attribute Values","type":"Choice"}]}],"tool_description":"","tool_id":"7","tool_name":"Remove Duplicate Points","tool_path":"http://geomodeling.njnu.edu.cn/OpenGMS/page/model-item-info/model-item-info.html?OGFhMTQ3NTQtZjU0MS00Yzg2LThkNzAtYzMzOWUwYTNjZmM1NTU=","oid":"5b90e7bbd15d75093cb58815","stateId":"37D8B250-19E6-4f27-841D-CB5FF4853559"},{"author":"(c) 2008 by O.Conrad","parameters":[{"inputs":[{"constraints":"","description":"","identifier":"POINTS","name":"Points","optional":"false","type":"Shapes (input)"},{"constraints":"","description":"","identifier":"POLYGONS","name":"Polygons","optional":"false","type":"Shapes (input)"}]},{"outputs":[{"constraints":"","description":"","identifier":"CLIPS","name":"Clipped Points","optional":"false","type":"Shapes list (output)"}]},{"optionals":[{"constraints":"","description":"","identifier":"FIELD","name":"Add Attribute to Clipped Points","type":"Table field"},{"constraints":"Available Choices:\n[0] one layer for all points\n[1] separate layer for each polygon\nDefault: 0","description":"","identifier":"METHOD","name":"Clipping Options","type":"Choice"}]}],"tool_description":"","tool_id":"8","tool_name":"Clip Points with Polygons","tool_path":"http://geomodeling.njnu.edu.cn/OpenGMS/page/model-item-info/model-item-info.html?YTRkMTcwMmUtMTRhYy00MWY0LTkzM2EtOGVjNmZjMWM5NjBmMTg=","oid":"5b90e7bbd15d75093cb58816","stateId":"6E5B433E-5B69-48c0-84C6-D1B0AA730EB6"},{"author":"O. Conrad (c) 2008","parameters":[{"inputs":[{"constraints":"","description":"","identifier":"POINTS","name":"Points","optional":"false","type":"Shapes (input)"}]},{"outputs":[{"constraints":"","description":"","identifier":"OUTPUT","name":"Ouput","optional":"false","type":"Shapes list (output)"}]},{"optionals":[{"constraints":"Minimum: 2.000000\nDefault: 4.000000","description":"","identifier":"DIRECTIONS","name":"Number of Directions","type":"Floating point"},{"constraints":"Minimum: 0.000000\nDefault: 5.000000","description":"","identifier":"TOLERANCE","name":"Tolerance (Degree)","type":"Floating point"}]}],"tool_description":"Separates points by direction. Direction is determined as average direction of three consecutive points A, B, C. If the angle between the directions of A-B and B-C is higher than given tolerance angle the point is dropped. This tool has been designed to separate GPS tracks recorded by tractors while preparing a field. ","tool_id":"9","tool_name":"Separate points by direction","tool_path":"http://geomodeling.njnu.edu.cn/OpenGMS/page/model-item-info/model-item-info.html?NTRhZjJmZjUtYzJhMy00YjRkLTk2ZGQtZGY0MWQ2ODRiYWZiZDA=","oid":"5b90e7bbd15d75093cb58817","stateId":"BC822A21-E9CB-451a-81DF-84CEE56522A9"},{"author":"O.Conrad (c) 2009","parameters":[{"inputs":[{"constraints":"","description":"","identifier":"INPUT","name":"Points","optional":"false","type":"Shapes (input)"},{"constraints":"","description":"","identifier":"POLYGONS","name":"Polygons","optional":"false","type":"Shapes (input)"}]},{"outputs":[{"constraints":"","description":"","identifier":"OUTPUT","name":"Result","optional":"true","type":"Shapes (optional output)"}]},{"optionals":[{"constraints":"","description":"Attributes to add. Select none to add all","identifier":"FIELDS","name":"Attributes","type":"Table fields"}]}],"tool_description":"Spatial join for points. Retrieves for each point the selected attributes from those polygon, which contain the point. ","tool_id":"10","tool_name":"Add Polygon Attributes to Points","tool_path":"http://geomodeling.njnu.edu.cn/OpenGMS/page/model-item-info/model-item-info.html?MzVkZjA4YjktYmNiYy00NTE4LWFhYzAtYzU4MjVkNDgzZTc2ZWI=","oid":"5b90e7bbd15d75093cb58805","stateId":"7C15B8AA-3BF3-45ca-A18C-E65783B25F53"},{"author":"O.Conrad (c) 2010","parameters":[{"inputs":[{"constraints":"","description":"","identifier":"POINTS","name":"Points","optional":"false","type":"Shapes (input)"}]},{"outputs":[{"constraints":"","description":"","identifier":"FILTER","name":"Filtered Points","optional":"true","type":"Shapes (optional output)"}]},{"optionals":[{"constraints":"","description":"","identifier":"FIELD","name":"Attribute","type":"Table field"},{"constraints":"Minimum: 0.000000\nDefault: 1.000000","description":"","identifier":"RADIUS","name":"Radius","type":"Floating point"},{"constraints":"Minimum: 0\nDefault: 0","description":"only points with given minimum number of points in search radius will be processed","identifier":"MINNUM","name":"Minimum Number of Points","type":"Integer"},{"constraints":"Minimum: 0\nDefault: 0","description":"Number of nearest points, which will be evaluated for filtering. Set to zero to investigate all points in search radius.","identifier":"MAXNUM","name":"Maximum Number of Points","type":"Integer"},{"constraints":"Default: 0","description":"","identifier":"QUADRANTS","name":"Quadrants","type":"Boolean"},{"constraints":"Available Choices:\n[0] keep maxima (with tolerance)\n[1] keep minima (with tolerance)\n[2] remove maxima (with tolerance)\n[3] remove minima (with tolerance)\n[4] remove below percentile\n[5] remove above percentile\nDefault: 0","description":"","identifier":"METHOD","name":"Filter Criterion","type":"Choice"},{"constraints":"Minimum: 0.000000\nDefault: 0.000000","description":"","identifier":"TOLERANCE","name":"Tolerance","type":"Floating point"},{"constraints":"Minimum: 0.000000\nMaximum: 100.000000\nDefault: 50.000000","description":"","identifier":"PERCENT","name":"Percentile","type":"Floating point"}]}],"tool_description":"","tool_id":"11","tool_name":"Points Filter","tool_path":"http://geomodeling.njnu.edu.cn/OpenGMS/page/model-item-info/model-item-info.html?MTQ1NDQ0ZjUtMDJlMC00YTdiLTlhNjYtZjhlODA1NWIwMzg5NDQ=","oid":"5b90e7bbd15d75093cb58806","stateId":"3826DD75-F706-47c4-A86D-ADAFA349D83D"},{"author":"O.Conrad (c) 2011","parameters":[{"inputs":[{"constraints":"","description":"","identifier":"SHAPES","name":"Points","optional":"false","type":"Shapes (input)"}]},{"outputs":[{"constraints":"","description":"","identifier":"HULLS","name":"Convex Hull","optional":"false","type":"Shapes (output)"},{"constraints":"","description":"","identifier":"BOXES","name":"Minimum Bounding Box","optional":"true","type":"Shapes (optional output)"}]},{"optionals":[{"constraints":"Available Choices:\n[0] one hull for all shapes\n[1] one hull per shape\n[2] one hull per shape part\nDefault: 1","description":"This option does not apply to simple point layers.","identifier":"POLYPOINTS","name":"Hull Construction","type":"Choice"}]}],"tool_description":"Implementation of 'Andrew's Monotone Chain Algorithm' for convex hull construction. \nReferences:\nAlgorithmist (2011): <a target=\"_blank\" href=\"http://www.algorithmist.com/index.php/Monotone_Chain_Convex_Hull.cpp\">Monotone Chain Convex Hull</a>. algorithmist.com.\nAndrew, A.M. (1979): Another Efficient Algorithm for Convex Hulls in Two Dimensions. Info. Proc. Letters 9, pp.216-219.\nSunday, D. (2001-2006): <a target=\"_blank\" href=\"http://www.softsurfer.com/Archive/algorithm_0109\">The Convex Hull of a 2D Point Set or Polygon</a>. Softsurfer.com.\n","tool_id":"12","tool_name":"Convex Hull","tool_path":"http://geomodeling.njnu.edu.cn/OpenGMS/page/model-item-info/model-item-info.html?MTEzN2Y5MmQtYzZmMC00MDE4LWE1NjQtYTgwNzUwNTE2M2YwNzc=","oid":"5b90e7bbd15d75093cb58807","stateId":"3995DF2B-FB5B-4856-906A-3E565CDDC2BE"},{"author":"O.Conrad (c) 2011","parameters":[{"inputs":[{"constraints":"","description":"","identifier":"POINTS","name":"Points","optional":"false","type":"Shapes (input)"}]},{"outputs":[{"constraints":"","description":"","identifier":"SELECTION","name":"Selection","optional":"false","type":"Shapes (output)"}]},{"optionals":[{"constraints":"Minimum: 0.000000\nDefault: 1.000000","description":"","identifier":"RADIUS","name":"Radius","type":"Floating point"},{"constraints":"Minimum: 0\nDefault: 0","description":"","identifier":"MAXNUM","name":"Maximum Number of Points","type":"Integer"},{"constraints":"Available Choices:\n[0] all quadrants\n[1] 1. quadrant (upper right)\n[2] 2. quadrant (lower right)\n[3] 3. quadrant (lower left)\n[4] 4. quadrant (upper left)\nDefault: 0","description":"","identifier":"QUADRANT","name":"Quadrant","type":"Choice"},{"constraints":"Default: 0","description":"","identifier":"ADDCENTER","name":"Add Center","type":"Boolean"}]}],"tool_description":"","tool_id":"13","tool_name":"Select Points","tool_path":"http://geomodeling.njnu.edu.cn/OpenGMS/page/model-item-info/model-item-info.html?ZDdlODdkOWMtOTgwNS00YmNjLTk2Y2YtYjUxYTBhOTQzZmRiZjM=","oid":"5b90e7bbd15d75093cb58808","stateId":"F1E0C867-4017-49f4-B5C0-F93B916B4384"},{"author":"O.Conrad (c) 2011","parameters":[{"inputs":[{"constraints":"","description":"","identifier":"POINTS","name":"Points","optional":"false","type":"Shapes (input)"}]},{"outputs":[{"constraints":"","description":"","identifier":"THINNED","name":"Thinned Points","optional":"false","type":"Shapes (output)"}]},{"optionals":[{"constraints":"","description":"","identifier":"FIELD","name":"Attribute","type":"Table field"},{"constraints":"Minimum: 0.000000\nDefault: 1.000000","description":"","identifier":"RESOLUTION","name":"Resolution","type":"Floating point"}]}],"tool_description":"","tool_id":"14","tool_name":"Points Thinning","tool_path":"http://geomodeling.njnu.edu.cn/OpenGMS/page/model-item-info/model-item-info.html?MTM5OTM5ZGItMzkzYS00YzE4LWE5ZDQtOWM2MzFhYzkwYThkNzE=","oid":"5b90e7bbd15d75093cb58809","stateId":"67896BB0-6C4E-46ca-8171-EED2DD1E8D11"},{"author":"O.Conrad (c) 2011","parameters":[{"inputs":[{"constraints":"","description":"","identifier":"MULTIPOINTS","name":"Multipoints","optional":"false","type":"Shapes (input)"}]},{"outputs":[{"constraints":"","description":"","identifier":"POINTS","name":"Points","optional":"false","type":"Shapes (output)"}]},null],"tool_description":"Converts multipoints to points. ","tool_id":"15","tool_name":"Convert Multipoints to Points","tool_path":"http://geomodeling.njnu.edu.cn/OpenGMS/page/model-item-info/model-item-info.html?OWNjMTM3NzAtMzQ4OC00YWIwLTliM2ItOTBmYTdiNTM1Y2FmZTQ=","oid":"5b90e7bbd15d75093cb5880a","stateId":"AEEFCF42-4E76-4232-9749-9C9AD15ADCFF"},{"author":"O.Conrad (c) 2011","parameters":[{"inputs":[{"constraints":"","description":"","identifier":"POINTS","name":"Points","optional":"false","type":"Shapes (input)"}]},{"outputs":[{"constraints":"","description":"","identifier":"POLYGONS","name":"Polygons","optional":"false","type":"Shapes (output)"}]},{"optionals":[{"constraints":"Minimum: 0.000000\nDefault: 10.000000","description":"","identifier":"FRAME","name":"Frame Size","type":"Floating point"}]}],"tool_description":"Creates Thiessen or Voronoi polygons for given point data set.","tool_id":"16","tool_name":"Thiessen Polygons","tool_path":"http://geomodeling.njnu.edu.cn/OpenGMS/page/model-item-info/model-item-info.html?YzBkNzQyZDYtZGEwNC00MTAyLWExZDQtYjE1ZDkyY2Q1NDhlNmU=","oid":"5b90e7bbd15d75093cb5880b","stateId":"1BFD135A-7C52-40d0-B29F-8333B316B703"},{"author":"O.Conrad (c) 2011","parameters":[{"inputs":[{"constraints":"","description":"","identifier":"REFERENCE","name":"Reference Points","optional":"false","type":"Shapes (input)"},{"constraints":"","description":"","identifier":"OBSERVATIONS","name":"Observations","optional":"false","type":"Table (input)"}]},{"outputs":[{"constraints":"","description":"","identifier":"AGGREGATED","name":"Aggregated","optional":"false","type":"Table (output)"}]},{"optionals":[{"constraints":"","description":"","identifier":"REFERENCE_ID","name":"ID","type":"Table field"},{"constraints":"","description":"","identifier":"X","name":"X","type":"Table field"},{"constraints":"","description":"","identifier":"Y","name":"Y","type":"Table field"},{"constraints":"","description":"","identifier":"TRACK","name":"Track","type":"Table field"},{"constraints":"","description":"","identifier":"DATE","name":"Date","type":"Table field"},{"constraints":"","description":"expected to be the second of day","identifier":"TIME","name":"Time","type":"Table field"},{"constraints":"","description":"","identifier":"PARAMETER","name":"Parameter","type":"Table field"},{"constraints":"Available Choices:\n[0] ignore\n[1] floating\n[2] fixed\nDefault: 1","description":"","identifier":"TIME_SPAN","name":"Time Span Aggregation","type":"Choice"},{"constraints":"Minimum: 0.000000\nDefault: 20.000000","description":"ignored if set to zero","identifier":"FIX_TIME","name":"Fixed Time Span (minutes)","type":"Floating point"},{"constraints":"Default: -10.000000","description":"offset in minutes relative to 00:00 (midnight)","identifier":"OFF_TIME","name":"Fixed Time Span Offset (minutes)","type":"Floating point"},{"constraints":"Minimum: 0.000000\nDefault: 60.000000","description":"ignored if set to zero","identifier":"EPS_TIME","name":"Maximum Time Span (Seconds)","type":"Floating point"},{"constraints":"Minimum: 0.000000\nDefault: 100.000000","description":"given as map units or meters if polar coordinates switch is on; ignored if set to zero","identifier":"EPS_SPACE","name":"Maximum Distance","type":"Floating point"},{"constraints":"Default: 0","description":"","identifier":"VERBOSE","name":"Verbose","type":"Boolean"},{"constraints":"Default: 0","description":"","identifier":"POLAR","name":"Polar Coordinates","type":"Boolean"}]}],"tool_description":"","tool_id":"17","tool_name":"Aggregate Point Observations","tool_path":"http://geomodeling.njnu.edu.cn/OpenGMS/page/model-item-info/model-item-info.html?ZTA3MWVmNmUtYmZjMS00NjYzLTg0NDAtMGFlNDIyYTg4ZDFkZmE=","oid":"5b90e7bbd15d75093cb5880c","stateId":"5FA358B9-EEB8-4dc7-A325-63C94FAC6A0B"},{"author":"O.Conrad (c) 2012","parameters":[{"inputs":[{"constraints":"","description":"","identifier":"INPUT","name":"Points","optional":"false","type":"Shapes (input)"},{"constraints":"","description":"","identifier":"SNAP","name":"Snap Features","optional":"false","type":"Shapes (input)"}]},{"outputs":[{"constraints":"","description":"","identifier":"OUTPUT","name":"Result","optional":"true","type":"Shapes (optional output)"},{"constraints":"","description":"","identifier":"MOVES","name":"Moves","optional":"true","type":"Shapes (optional output)"}]},{"optionals":[{"constraints":"Minimum: 0.000000\nDefault: 0.000000","description":"","identifier":"DISTANCE","name":"Search Distance","type":"Floating point"}]}],"tool_description":"","tool_id":"18","tool_name":"Snap Points to Points","tool_path":"http://geomodeling.njnu.edu.cn/OpenGMS/page/model-item-info/model-item-info.html?ZGUyMTQwNDItNjJhMS00N2U4LTlhNGItMjY5MGU2MGRlZGUyOTE=","oid":"5b90e7bbd15d75093cb5880d","stateId":"9E47BAFD-67E9-46b7-9AA5-5B2F258A9907"},{"author":"O.Conrad (c) 2012","parameters":[{"inputs":[{"constraints":"","description":"","identifier":"INPUT","name":"Points","optional":"false","type":"Shapes (input)"},{"constraints":"","description":"","identifier":"SNAP","name":"Snap Features","optional":"false","type":"Shapes (input)"}]},{"outputs":[{"constraints":"","description":"","identifier":"OUTPUT","name":"Result","optional":"true","type":"Shapes (optional output)"},{"constraints":"","description":"","identifier":"MOVES","name":"Moves","optional":"true","type":"Shapes (optional output)"}]},{"optionals":[{"constraints":"Minimum: 0.000000\nDefault: 0.000000","description":"","identifier":"DISTANCE","name":"Search Distance","type":"Floating point"}]}],"tool_description":"","tool_id":"19","tool_name":"Snap Points to Lines","tool_path":"http://geomodeling.njnu.edu.cn/OpenGMS/page/model-item-info/model-item-info.html?MGYyOGUwZDQtZjQ2Ni00YTg4LWE1NmEtMDUwYzc0MzM2NjMxMGE=","oid":"5b90e7bbd15d75093cb5880e","stateId":"895A8B34-3FD8-4bfa-AB5C-DC61A1EC5258"},{"author":"O.Conrad (c) 2012","parameters":[{"inputs":[{"constraints":"","description":"","identifier":"INPUT","name":"Points","optional":"false","type":"Shapes (input)"},{"constraints":"","description":"","identifier":"GRID","name":"Grid","optional":"false","type":"Grid (input)"}]},{"outputs":[{"constraints":"","description":"","identifier":"OUTPUT","name":"Result","optional":"true","type":"Shapes (optional output)"},{"constraints":"","description":"","identifier":"MOVES","name":"Moves","optional":"true","type":"Shapes (optional output)"}]},{"optionals":[{"constraints":"","description":"","identifier":"PARAMETERS_GRID_SYSTEM","name":"Grid system","type":"Grid system"},{"constraints":"Minimum: 0.000000\nDefault: 0.000000","description":"","identifier":"DISTANCE","name":"Search Distance (Map Units)","type":"Floating point"},{"constraints":"Available Choices:\n[0] circle\n[1] square\nDefault: 0","description":"","identifier":"SHAPE","name":"Search Shape","type":"Choice"},{"constraints":"Available Choices:\n[0] minimum\n[1] maximum\nDefault: 1","description":"","identifier":"EXTREME","name":"Extreme","type":"Choice"}]}],"tool_description":"Moves all points to grid cell positions that have the highest orlowest value respectively within the given search distance around each point.","tool_id":"20","tool_name":"Snap Points to Grid","tool_path":"http://geomodeling.njnu.edu.cn/OpenGMS/page/model-item-info/model-item-info.html?MDBhYWI3MzItNTI1Yy00MTYzLTk3MDAtZWU2YTBkYTdhZDI5NWU=","oid":"5b90e7bbd15d75093cb58810","stateId":"F1FE7F1C-186C-41ce-AD34-CC4DF8364CE1"}]}