{"Version":"1.0","author":"O.Conrad (c) 2002-10","library_description":"Spatial and geostatistical analyses of point data.","library_name":"statistics_points","library_name_title":"Statistics Points","tools":[{"author":"O.Conrad (c) 2003","parameters":[{"inputs":[{"constraints":"","description":"","identifier":"POINTS","name":"Points","optional":"false","type":"Shapes (input)"}]},{"outputs":[{"constraints":"","description":"","identifier":"RESULT","name":"Sample Variogram","optional":"false","type":"Table (output)"}]},{"optionals":[{"constraints":"","description":"","identifier":"FIELD","name":"Attribute","type":"Table field"},{"constraints":"Minimum: 1\nDefault: 100","description":"","identifier":"DISTCOUNT","name":"Initial Number of Distance Classes","type":"Integer"},{"constraints":"Minimum: 0.000000\nDefault: 0.000000","description":"","identifier":"DISTMAX","name":"Maximum Distance","type":"Floating point"},{"constraints":"Minimum: 1\nDefault: 1","description":"","identifier":"NSKIP","name":"Skip Number","type":"Integer"}]}],"tool_description":"","tool_id":"0","tool_name":"Variogram","tool_path":"http://geomodeling.njnu.edu.cn/OpenGMS/page/model-item-info/model-item-info.html?MmY3YjQxOGQtMGViYy00YzI2LWEzYmUtMzM4ZmY4N2M5ZDQ5NWU=","oid":"5b90e7bbd15d75093cb58877","stateId":"EAE7870D-72DE-4c4c-A85F-B88723D623F6"},{"author":"O.Conrad (c) 2003","parameters":[{"inputs":[{"constraints":"","description":"","identifier":"POINTS","name":"Points","optional":"false","type":"Shapes (input)"}]},{"outputs":[{"constraints":"","description":"","identifier":"RESULT","name":"Variogram Cloud","optional":"false","type":"Table (output)"}]},{"optionals":[{"constraints":"","description":"","identifier":"FIELD","name":"Attribute","type":"Table field"},{"constraints":"Minimum: 0.000000\nDefault: 0.000000","description":"","identifier":"DISTMAX","name":"Maximum Distance","type":"Floating point"},{"constraints":"Minimum: 1\nDefault: 1","description":"","identifier":"NSKIP","name":"Skip Number","type":"Integer"}]}],"tool_description":"","tool_id":"1","tool_name":"Variogram Cloud","tool_path":"http://geomodeling.njnu.edu.cn/OpenGMS/page/model-item-info/model-item-info.html?MzE0NDNlMDktNDUyOS00OWMwLWFhMjktYzI4NmI1MjI5MWRkZWU=","oid":"5b90e7bbd15d75093cb58878","stateId":"4EECD114-956A-4171-BB76-B05D1E127D0A"},{"author":"O.Conrad (c) 2010","parameters":[{"inputs":[{"constraints":"","description":"","identifier":"POINTS","name":"Points","optional":"false","type":"Shapes (input)"}]},{"outputs":[{"constraints":"","description":"","identifier":"COUNT","name":"Number of Pairs","optional":"true","type":"Data Object Grid (optional output)"},{"constraints":"","description":"","identifier":"VARIANCE","name":"Variogram Surface","optional":"true","type":"Data Object Grid (optional output)"},{"constraints":"","description":"","identifier":"COVARIANCE","name":"Covariance Surface","optional":"true","type":"Data Object Grid (optional output)"}]},{"optionals":[{"constraints":"","description":"","identifier":"FIELD","name":"Attribute","type":"Table field"},{"constraints":"Minimum: 1\nDefault: 10","description":"","identifier":"DISTCOUNT","name":"Number of Distance Classes","type":"Integer"},{"constraints":"Minimum: 1\nDefault: 1","description":"","identifier":"NSKIP","name":"Skip Number","type":"Integer"}]}],"tool_description":"","tool_id":"2","tool_name":"Variogram Surface","tool_path":"http://geomodeling.njnu.edu.cn/OpenGMS/page/model-item-info/model-item-info.html?NzQ3MGIzY2QtMTY4Zi00MmI4LWFmYTQtMjhjNzUzYzVjYWYzNGQ=","oid":"5b90e7bbd15d75093cb58879","stateId":"8AB44FFD-B797-4f44-A4C8-F84C81078621"},{"author":"O.Conrad (c) 2010","parameters":[{"inputs":[{"constraints":"","description":"","identifier":"POINTS","name":"Points","optional":"false","type":"Shapes (input)"}]},{"outputs":[{"constraints":"","description":"","identifier":"TABLE","name":"Minimum Distance Analysis","optional":"false","type":"Table (output)"}]},null],"tool_description":"","tool_id":"3","tool_name":"Minimum Distance Analysis","tool_path":"http://geomodeling.njnu.edu.cn/OpenGMS/page/model-item-info/model-item-info.html?ZjVmNThiZWEtYzExNC00ODc2LThjZDQtYThkMmM5MjczNTdmMDM=","oid":"5b90e7bbd15d75093cb5887a","stateId":"9685D979-9FC4-47fc-9EE2-484ED8FB3F19"},{"author":"O.Conrad (c) 2010","parameters":[{"inputs":[{"constraints":"","description":"","identifier":"POINTS","name":"Points","optional":"false","type":"Shapes (input)"}]},{"outputs":[{"constraints":"","description":"","identifier":"CENTRE","name":"Mean Centre","optional":"false","type":"Shapes (output)"},{"constraints":"","description":"","identifier":"STDDIST","name":"Standard Distance","optional":"false","type":"Shapes (output)"},{"constraints":"","description":"","identifier":"BBOX","name":"Bounding Box","optional":"false","type":"Shapes (output)"}]},{"optionals":[{"constraints":"","description":"","identifier":"WEIGHT","name":"Weight","type":"Table field"},{"constraints":"Minimum: 0.100000\nMaximum: 20.000000\nDefault: 5.000000","description":"","identifier":"STEP","name":"Vertex Distance [Degree]","type":"Floating point"}]}],"tool_description":"Basic measures for spatial point patterns.","tool_id":"4","tool_name":"Spatial Point Pattern Analysis","tool_path":"http://geomodeling.njnu.edu.cn/OpenGMS/page/model-item-info/model-item-info.html?NmRlZjBjNjUtMmMyNS00MGM5LWJlOGYtZGVhZDFlMDlkOTYyNjQ=","oid":"5b90e7bbd15d75093cb5887b","stateId":"D9F07ECB-0952-4def-952F-DF08755E3E6C"}]}