{"Version":"1.0","author":"Olaf Conrad, Goettingen (c) 2005","library_description":"Terrain Analysis: Compound Analyses.\nThis library depends on the following SAGA tool libraries:\n- ta_channels\n- ta_flow\n- ta_indices\n- ta_lighting\n- ta_morphometry\n- ta_preproc\n","library_name":"ta_compound","library_name_title":"Ta Compound","tools":[{"author":"O.Conrad (c) 2005","parameters":[{"inputs":[{"constraints":"","description":"","identifier":"ELEVATION","name":"Elevation","optional":"false","type":"Grid (input)"}]},{"outputs":[{"constraints":"","description":"","identifier":"SHADE","name":"Analytical Hillshading","optional":"false","type":"Grid (output)"},{"constraints":"","description":"","identifier":"SLOPE","name":"Slope","optional":"false","type":"Grid (output)"},{"constraints":"","description":"","identifier":"ASPECT","name":"Aspect","optional":"false","type":"Grid (output)"},{"constraints":"","description":"","identifier":"HCURV","name":"Plan Curvature","optional":"false","type":"Grid (output)"},{"constraints":"","description":"","identifier":"VCURV","name":"Profile Curvature","optional":"false","type":"Grid (output)"},{"constraints":"","description":"","identifier":"CONVERGENCE","name":"Convergence Index","optional":"false","type":"Grid (output)"},{"constraints":"","description":"","identifier":"SINKS","name":"Closed Depressions","optional":"false","type":"Grid (output)"},{"constraints":"","description":"","identifier":"FLOW","name":"Total Catchment Area","optional":"false","type":"Grid (output)"},{"constraints":"","description":"","identifier":"WETNESS","name":"Topographic Wetness Index","optional":"false","type":"Grid (output)"},{"constraints":"","description":"","identifier":"LSFACTOR","name":"LS-Factor","optional":"false","type":"Grid (output)"},{"constraints":"","description":"","identifier":"CHANNELS","name":"Channel Network","optional":"false","type":"Shapes (output)"},{"constraints":"","description":"","identifier":"BASINS","name":"Drainage Basins","optional":"false","type":"Shapes (output)"},{"constraints":"","description":"","identifier":"CHNL_BASE","name":"Channel Network Base Level","optional":"false","type":"Grid (output)"},{"constraints":"","description":"","identifier":"CHNL_DIST","name":"Channel Network Distance","optional":"false","type":"Grid (output)"},{"constraints":"","description":"","identifier":"VALL_DEPTH","name":"Valley Depth","optional":"false","type":"Grid (output)"},{"constraints":"","description":"","identifier":"RSP","name":"Relative Slope Position","optional":"false","type":"Grid (output)"}]},{"optionals":[{"constraints":"","description":"","identifier":"PARAMETERS_GRID_SYSTEM","name":"Grid system","type":"Grid system"},{"constraints":"Minimum: 1\nDefault: 5","description":"Strahler order to begin a channel.","identifier":"THRESHOLD","name":"Channel Density","type":"Integer"}]}],"tool_description":"A selection of basic parameters and objects to be derived from a Digital Terrain Model using standard settings.","tool_id":"0","tool_name":"Basic Terrain Analysis","tool_path":"http://geomodeling.njnu.edu.cn/OpenGMS/page/model-item-info/model-item-info.html?YmM5NGE5OGEtYWQ1Yy00YTlmLTljYzktMTMzNTlkM2Q4ZGMzMGY=","oid":"5b90e7bbd15d75093cb588b1","stateId":"8D8968BF-099B-41c6-B7E0-D7D786A6CB7B"}]}