{
  "Version": "1.0",
  "author": "O. Conrad (c) 2002-10",
  "library_description": "Tools for the gridding of points and other vector data.",
  "library_name": "grid_gridding",
  "library_name_title": "Grid Gridding",
  "tools": [{
    "author": "O.Conrad (c) 2003",
    "parameters": [{
      "inputs": [{
        "constraints": "",
        "description": "",
        "identifier": "INPUT",
        "name": "Shapes",
        "optional": "false",
        "type": "Shapes (input)"
      }, {
        "constraints": "",
        "description": "use this grid's system for output grids",
        "identifier": "TARGET_TEMPLATE",
        "name": "Target System",
        "optional": "true",
        "type": "Grid (optional input)"
      }]
    }, {
      "outputs": [{
        "constraints": "",
        "description": "",
        "identifier": "GRID",
        "name": "Grid",
        "optional": "false",
        "type": "Grid (output)"
      }, {
        "constraints": "",
        "description": "",
        "identifier": "COUNT",
        "name": "Number of Values",
        "optional": "true",
        "type": "Grid (optional output)"
      }]
    }, {
      "optionals": [{
        "constraints": "",
        "description": "",
        "identifier": "FIELD",
        "name": "Attribute",
        "type": "Table field"
      }, {
        "constraints": "Available Choices:\n[0] data / no-data\n[1] index number\n[2] attribute\nDefault: 2",
        "description": "",
        "identifier": "OUTPUT",
        "name": "Output Values",
        "type": "Choice"
      }, {
        "constraints": "Available Choices:\n[0] first\n[1] last\n[2] minimum\n[3] maximum\n[4] mean\nDefault: 1",
        "description": "",
        "identifier": "MULTIPLE",
        "name": "Method for Multiple Values",
        "type": "Choice"
      }, {
        "constraints": "Available Choices:\n[0] thin\n[1] thick\nDefault: 1",
        "description": "",
        "identifier": "LINE_TYPE",
        "name": "Lines",
        "type": "Choice"
      }, {
        "constraints": "Available Choices:\n[0] node\n[1] cell\nDefault: 1",
        "description": "",
        "identifier": "POLY_TYPE",
        "name": "Polygon",
        "type": "Choice"
      }, {
        "constraints": "Available Choices:\n[0] 1 bit\n[1] 1 byte unsigned integer\n[2] 1 byte signed integer\n[3] 2 byte unsigned integer\n[4] 2 byte signed integer\n[5] 4 byte unsigned integer\n[6] 4 byte signed integer\n[7] 4 byte floating point\n[8] 8 byte floating point\n[9] same as attribute\nDefault: 9",
        "description": "",
        "identifier": "GRID_TYPE",
        "name": "Data Type",
        "type": "Choice"
      }, {
        "constraints": "Available Choices:\n[0] user defined\n[1] grid or grid system\nDefault: 0",
        "description": "",
        "identifier": "TARGET_DEFINITION",
        "name": "Target Grid System",
        "type": "Choice"
      }, {
        "constraints": "Minimum: 0.000000\nDefault: 1.000000",
        "description": "",
        "identifier": "TARGET_USER_SIZE",
        "name": "Cellsize",
        "type": "Floating point"
      }, {
        "constraints": "Default: 0.000000",
        "description": "",
        "identifier": "TARGET_USER_XMIN",
        "name": "Left",
        "type": "Floating point"
      }, {
        "constraints": "Default: 100.000000",
        "description": "",
        "identifier": "TARGET_USER_XMAX",
        "name": "Right",
        "type": "Floating point"
      }, {
        "constraints": "Default: 0.000000",
        "description": "",
        "identifier": "TARGET_USER_YMIN",
        "name": "Bottom",
        "type": "Floating point"
      }, {
        "constraints": "Default: 100.000000",
        "description": "",
        "identifier": "TARGET_USER_YMAX",
        "name": "Top",
        "type": "Floating point"
      }, {
        "constraints": "Available Choices:\n[0] nodes\n[1] cells\nDefault: 0",
        "description": "",
        "identifier": "TARGET_USER_FITS",
        "name": "Fit",
        "type": "Choice"
      }, {
        "constraints": "",
        "description": "",
        "identifier": "TARGET_SYSTEM",
        "name": "Grid System",
        "type": "Grid system"
      }]
    }],
    "tool_description": "Gridding of a shapes layer. If some shapes are selected, only these will be gridded.",
    "tool_id": "0",
    "tool_name": "Shapes to Grid",
    "tool_path": "http://geomodeling.njnu.edu.cn/OpenGMS/page/model-item-info/model-item-info.html?MDI3OTdjNDktODJhNi00NmU4LWJkYWUtOGM3YmVmYzA0M2E1YmQ=",
    "oid": "5b90e7bbd15d75093cb58740",
    "stateId": "CF15E1EB-A197-4735-964E-51C669333799",
    "mdlId": "A3A5954D-7164-4314-A342-F036CB9C7C70"
  }, {
    "author": "O.Conrad (c) 2003",
    "parameters": [{
      "inputs": [{
        "constraints": "",
        "description": "",
        "identifier": "POINTS",
        "name": "Points",
        "optional": "false",
        "type": "Shapes (input)"
      }, {
        "constraints": "",
        "description": "use this grid's system for output grids",
        "identifier": "TARGET_TEMPLATE",
        "name": "Target System",
        "optional": "true",
        "type": "Grid (optional input)"
      }]
    }, {
      "outputs": [{
        "constraints": "",
        "description": "",
        "identifier": "CV_SUMMARY",
        "name": "Cross Validation Summary",
        "optional": "true",
        "type": "Table (optional output)"
      }, {
        "constraints": "",
        "description": "",
        "identifier": "CV_RESIDUALS",
        "name": "Cross Validation Residuals",
        "optional": "true",
        "type": "Shapes (optional output)"
      }, {
        "constraints": "",
        "description": "",
        "identifier": "TARGET_OUT_GRID",
        "name": "Target Grid",
        "optional": "false",
        "type": "Grid (output)"
      }]
    }, {
      "optionals": [{
        "constraints": "",
        "description": "",
        "identifier": "FIELD",
        "name": "Attribute",
        "type": "Table field"
      }, {
        "constraints": "Available Choices:\n[0] none\n[1] leave one out\n[2] 2-fold\n[3] k-fold\nDefault: 0",
        "description": "",
        "identifier": "CV_METHOD",
        "name": "Cross Validation",
        "type": "Choice"
      }, {
        "constraints": "Minimum: 2\nDefault: 10",
        "description": "number of subsamples for k-fold cross validation",
        "identifier": "CV_SAMPLES",
        "name": "Cross Validation Subsamples",
        "type": "Integer"
      }, {
        "constraints": "Available Choices:\n[0] user defined\n[1] grid or grid system\nDefault: 0",
        "description": "",
        "identifier": "TARGET_DEFINITION",
        "name": "Target Grid System",
        "type": "Choice"
      }, {
        "constraints": "Minimum: 0.000000\nDefault: 1.000000",
        "description": "",
        "identifier": "TARGET_USER_SIZE",
        "name": "Cellsize",
        "type": "Floating point"
      }, {
        "constraints": "Default: 0.000000",
        "description": "",
        "identifier": "TARGET_USER_XMIN",
        "name": "Left",
        "type": "Floating point"
      }, {
        "constraints": "Default: 100.000000",
        "description": "",
        "identifier": "TARGET_USER_XMAX",
        "name": "Right",
        "type": "Floating point"
      }, {
        "constraints": "Default: 0.000000",
        "description": "",
        "identifier": "TARGET_USER_YMIN",
        "name": "Bottom",
        "type": "Floating point"
      }, {
        "constraints": "Default: 100.000000",
        "description": "",
        "identifier": "TARGET_USER_YMAX",
        "name": "Top",
        "type": "Floating point"
      }, {
        "constraints": "Available Choices:\n[0] nodes\n[1] cells\nDefault: 0",
        "description": "",
        "identifier": "TARGET_USER_FITS",
        "name": "Fit",
        "type": "Choice"
      }, {
        "constraints": "",
        "description": "",
        "identifier": "TARGET_SYSTEM",
        "name": "Grid System",
        "type": "Grid system"
      }, {
        "constraints": "Available Choices:\n[0] local\n[1] global\nDefault: 1",
        "description": "",
        "identifier": "SEARCH_RANGE",
        "name": "Search Range",
        "type": "Choice"
      }, {
        "constraints": "Minimum: 0.000000\nDefault: 1000.000000",
        "description": "local maximum search distance given in map units",
        "identifier": "SEARCH_RADIUS",
        "name": "Maximum Search Distance",
        "type": "Floating point"
      }, {
        "constraints": "Available Choices:\n[0] maximum number of nearest points\n[1] all points within search distance\nDefault: 1",
        "description": "",
        "identifier": "SEARCH_POINTS_ALL",
        "name": "Number of Points",
        "type": "Choice"
      }, {
        "constraints": "Minimum: 1\nDefault: -1",
        "description": "minimum number of points to use",
        "identifier": "SEARCH_POINTS_MIN",
        "name": "Minimum",
        "type": "Integer"
      }, {
        "constraints": "Minimum: 1\nDefault: 20",
        "description": "maximum number of nearest points",
        "identifier": "SEARCH_POINTS_MAX",
        "name": "Maximum",
        "type": "Integer"
      }, {
        "constraints": "Available Choices:\n[0] all directions\n[1] quadrants\nDefault: 0",
        "description": "",
        "identifier": "SEARCH_DIRECTION",
        "name": "Direction",
        "type": "Choice"
      }, {
        "constraints": "Available Choices:\n[0] no distance weighting\n[1] inverse distance to a power\n[2] exponential\n[3] gaussian weighting\nDefault: 1",
        "description": "",
        "identifier": "DW_WEIGHTING",
        "name": "Weighting Function",
        "type": "Choice"
      }, {
        "constraints": "Minimum: 0.000000\nDefault: 2.000000",
        "description": "",
        "identifier": "DW_IDW_POWER",
        "name": "Inverse Distance Weighting Power",
        "type": "Floating point"
      }, {
        "constraints": "Default: 0",
        "description": "Calculates weights for distance plus one, avoiding division by zero for zero distances",
        "identifier": "DW_IDW_OFFSET",
        "name": "Inverse Distance Offset",
        "type": "Boolean"
      }, {
        "constraints": "Minimum: 0.000000\nDefault: 1.000000",
        "description": "",
        "identifier": "DW_BANDWIDTH",
        "name": "Gaussian and Exponential Weighting Bandwidth",
        "type": "Floating point"
      }]
    }],
    "tool_description": "Inverse distance grid interpolation from irregular distributed points.",
    "tool_id": "1",
    "tool_name": "Inverse Distance Weighted",
    "tool_path": "http://geomodeling.njnu.edu.cn/OpenGMS/page/model-item-info/model-item-info.html?NTVjODE1NTgtYTJiYy00NDA1LTk5YWMtMGE2YmM1YmY5Y2NiNjA=",
    "oid": "5b90e7bbd15d75093cb58741",
    "stateId": "C9C0C671-371D-4961-BC4D-ADAEA4CD57AE",
    "mdlId": "3C8CF1F5-AC2A-4422-AA21-3C6E3CAB7ABA"
  }, {
    "author": "O.Conrad (c) 2003",
    "parameters": [{
      "inputs": [{
        "constraints": "",
        "description": "",
        "identifier": "POINTS",
        "name": "Points",
        "optional": "false",
        "type": "Shapes (input)"
      }, {
        "constraints": "",
        "description": "use this grid's system for output grids",
        "identifier": "TARGET_TEMPLATE",
        "name": "Target System",
        "optional": "true",
        "type": "Grid (optional input)"
      }]
    }, {
      "outputs": [{
        "constraints": "",
        "description": "",
        "identifier": "CV_SUMMARY",
        "name": "Cross Validation Summary",
        "optional": "true",
        "type": "Table (optional output)"
      }, {
        "constraints": "",
        "description": "",
        "identifier": "CV_RESIDUALS",
        "name": "Cross Validation Residuals",
        "optional": "true",
        "type": "Shapes (optional output)"
      }, {
        "constraints": "",
        "description": "",
        "identifier": "TARGET_OUT_GRID",
        "name": "Target Grid",
        "optional": "false",
        "type": "Grid (output)"
      }]
    }, {
      "optionals": [{
        "constraints": "",
        "description": "",
        "identifier": "FIELD",
        "name": "Attribute",
        "type": "Table field"
      }, {
        "constraints": "Available Choices:\n[0] none\n[1] leave one out\n[2] 2-fold\n[3] k-fold\nDefault: 0",
        "description": "",
        "identifier": "CV_METHOD",
        "name": "Cross Validation",
        "type": "Choice"
      }, {
        "constraints": "Minimum: 2\nDefault: 10",
        "description": "number of subsamples for k-fold cross validation",
        "identifier": "CV_SAMPLES",
        "name": "Cross Validation Subsamples",
        "type": "Integer"
      }, {
        "constraints": "Available Choices:\n[0] user defined\n[1] grid or grid system\nDefault: 0",
        "description": "",
        "identifier": "TARGET_DEFINITION",
        "name": "Target Grid System",
        "type": "Choice"
      }, {
        "constraints": "Minimum: 0.000000\nDefault: 1.000000",
        "description": "",
        "identifier": "TARGET_USER_SIZE",
        "name": "Cellsize",
        "type": "Floating point"
      }, {
        "constraints": "Default: 0.000000",
        "description": "",
        "identifier": "TARGET_USER_XMIN",
        "name": "Left",
        "type": "Floating point"
      }, {
        "constraints": "Default: 100.000000",
        "description": "",
        "identifier": "TARGET_USER_XMAX",
        "name": "Right",
        "type": "Floating point"
      }, {
        "constraints": "Default: 0.000000",
        "description": "",
        "identifier": "TARGET_USER_YMIN",
        "name": "Bottom",
        "type": "Floating point"
      }, {
        "constraints": "Default: 100.000000",
        "description": "",
        "identifier": "TARGET_USER_YMAX",
        "name": "Top",
        "type": "Floating point"
      }, {
        "constraints": "Available Choices:\n[0] nodes\n[1] cells\nDefault: 0",
        "description": "",
        "identifier": "TARGET_USER_FITS",
        "name": "Fit",
        "type": "Choice"
      }, {
        "constraints": "",
        "description": "",
        "identifier": "TARGET_SYSTEM",
        "name": "Grid System",
        "type": "Grid system"
      }]
    }],
    "tool_description": "Nearest Neighbour method for grid interpolation from irregular distributed points.",
    "tool_id": "2",
    "tool_name": "Nearest Neighbour",
    "tool_path": "http://geomodeling.njnu.edu.cn/OpenGMS/page/model-item-info/model-item-info.html?ZTNhNjNmMmYtZTA1MS00MTExLWEwMzItNzRlYjRjMTRkNzM3NmU=",
    "oid": "5b90e7bbd15d75093cb58743",
    "stateId": "CF13B94D-1B6E-4e47-A45A-E0367D5E8548",
    "mdlId": "42CFCEF3-D4A5-4485-982C-EDEF80255B6B"
  }, {
    "author": "O.Conrad (c) 2008",
    "parameters": [{
      "inputs": [{
        "constraints": "",
        "description": "",
        "identifier": "POINTS",
        "name": "Points",
        "optional": "false",
        "type": "Shapes (input)"
      }, {
        "constraints": "",
        "description": "use this grid's system for output grids",
        "identifier": "TARGET_TEMPLATE",
        "name": "Target System",
        "optional": "true",
        "type": "Grid (optional input)"
      }]
    }, {
      "outputs": [{
        "constraints": "",
        "description": "",
        "identifier": "TARGET_OUT_GRID",
        "name": "Target Grid",
        "optional": "false",
        "type": "Grid (output)"
      }]
    }, {
      "optionals": [{
        "constraints": "",
        "description": "",
        "identifier": "FIELD",
        "name": "Attribute",
        "type": "Table field"
      }, {
        "constraints": "Available Choices:\n[0] user defined\n[1] grid or grid system\nDefault: 0",
        "description": "",
        "identifier": "TARGET_DEFINITION",
        "name": "Target Grid System",
        "type": "Choice"
      }, {
        "constraints": "Minimum: 0.000000\nDefault: 1.000000",
        "description": "",
        "identifier": "TARGET_USER_SIZE",
        "name": "Cellsize",
        "type": "Floating point"
      }, {
        "constraints": "Default: 0.000000",
        "description": "",
        "identifier": "TARGET_USER_XMIN",
        "name": "Left",
        "type": "Floating point"
      }, {
        "constraints": "Default: 100.000000",
        "description": "",
        "identifier": "TARGET_USER_XMAX",
        "name": "Right",
        "type": "Floating point"
      }, {
        "constraints": "Default: 0.000000",
        "description": "",
        "identifier": "TARGET_USER_YMIN",
        "name": "Bottom",
        "type": "Floating point"
      }, {
        "constraints": "Default: 100.000000",
        "description": "",
        "identifier": "TARGET_USER_YMAX",
        "name": "Top",
        "type": "Floating point"
      }, {
        "constraints": "Available Choices:\n[0] nodes\n[1] cells\nDefault: 0",
        "description": "",
        "identifier": "TARGET_USER_FITS",
        "name": "Fit",
        "type": "Choice"
      }, {
        "constraints": "",
        "description": "",
        "identifier": "TARGET_SYSTEM",
        "name": "Grid System",
        "type": "Grid system"
      }, {
        "constraints": "Available Choices:\n[0] Linear\n[1] Sibson\n[2] Non-Sibsonian\nDefault: 1",
        "description": "",
        "identifier": "METHOD",
        "name": "Method",
        "type": "Choice"
      }, {
        "constraints": "Maximum: 0.000000\nDefault: 0.000000",
        "description": "restricts extrapolation by assigning minimal allowed weight for a vertex (normally \"-1\" or so; lower values correspond to lower reliability; \"0\" means no extrapolation)",
        "identifier": "WEIGHT",
        "name": "Minimum Weight",
        "type": "Floating point"
      }]
    }],
    "tool_description": "Natural Neighbour method for grid interpolation from irregular distributed points. This tool makes use of the 'nn - Natural Neighbours interpolation library' created and maintained by Pavel Sakov, CSIRO Marine Research. Find more information about this library at:\n<a href=\"http://github.com/sakov/nn-c\">github.com/sakov/nn-c</a>.",
    "tool_id": "3",
    "tool_name": "Natural Neighbour",
    "tool_path": "http://geomodeling.njnu.edu.cn/OpenGMS/page/model-item-info/model-item-info.html?MDkzZDQxMDctOWEzOS00YWQ3LWFjY2YtZjYzMzlmYjUxM2E4YjA=",
    "oid": "5b90e7bbd15d75093cb58744",
    "stateId": "E201A02A-1556-4456-8473-A105D41AF732",
    "mdlId": "437D9EE3-C06A-4ed4-A9B5-F8B96AD595A1"
  }, {
    "author": "A.Ringeler (c) 2003",
    "parameters": [{
      "inputs": [{
        "constraints": "",
        "description": "",
        "identifier": "POINTS",
        "name": "Points",
        "optional": "false",
        "type": "Shapes (input)"
      }, {
        "constraints": "",
        "description": "use this grid's system for output grids",
        "identifier": "TARGET_TEMPLATE",
        "name": "Target System",
        "optional": "true",
        "type": "Grid (optional input)"
      }]
    }, {
      "outputs": [{
        "constraints": "",
        "description": "",
        "identifier": "CV_SUMMARY",
        "name": "Cross Validation Summary",
        "optional": "true",
        "type": "Table (optional output)"
      }, {
        "constraints": "",
        "description": "",
        "identifier": "CV_RESIDUALS",
        "name": "Cross Validation Residuals",
        "optional": "true",
        "type": "Shapes (optional output)"
      }, {
        "constraints": "",
        "description": "",
        "identifier": "TARGET_OUT_GRID",
        "name": "Target Grid",
        "optional": "false",
        "type": "Grid (output)"
      }]
    }, {
      "optionals": [{
        "constraints": "",
        "description": "",
        "identifier": "FIELD",
        "name": "Attribute",
        "type": "Table field"
      }, {
        "constraints": "Available Choices:\n[0] none\n[1] leave one out\n[2] 2-fold\n[3] k-fold\nDefault: 0",
        "description": "",
        "identifier": "CV_METHOD",
        "name": "Cross Validation",
        "type": "Choice"
      }, {
        "constraints": "Minimum: 2\nDefault: 10",
        "description": "number of subsamples for k-fold cross validation",
        "identifier": "CV_SAMPLES",
        "name": "Cross Validation Subsamples",
        "type": "Integer"
      }, {
        "constraints": "Available Choices:\n[0] user defined\n[1] grid or grid system\nDefault: 0",
        "description": "",
        "identifier": "TARGET_DEFINITION",
        "name": "Target Grid System",
        "type": "Choice"
      }, {
        "constraints": "Minimum: 0.000000\nDefault: 1.000000",
        "description": "",
        "identifier": "TARGET_USER_SIZE",
        "name": "Cellsize",
        "type": "Floating point"
      }, {
        "constraints": "Default: 0.000000",
        "description": "",
        "identifier": "TARGET_USER_XMIN",
        "name": "Left",
        "type": "Floating point"
      }, {
        "constraints": "Default: 100.000000",
        "description": "",
        "identifier": "TARGET_USER_XMAX",
        "name": "Right",
        "type": "Floating point"
      }, {
        "constraints": "Default: 0.000000",
        "description": "",
        "identifier": "TARGET_USER_YMIN",
        "name": "Bottom",
        "type": "Floating point"
      }, {
        "constraints": "Default: 100.000000",
        "description": "",
        "identifier": "TARGET_USER_YMAX",
        "name": "Top",
        "type": "Floating point"
      }, {
        "constraints": "Available Choices:\n[0] nodes\n[1] cells\nDefault: 0",
        "description": "",
        "identifier": "TARGET_USER_FITS",
        "name": "Fit",
        "type": "Choice"
      }, {
        "constraints": "",
        "description": "",
        "identifier": "TARGET_SYSTEM",
        "name": "Grid System",
        "type": "Grid system"
      }, {
        "constraints": "Minimum: 5\nDefault: 13",
        "description": "",
        "identifier": "QUADRATIC_NEIGHBORS",
        "name": "Quadratic Neighbors",
        "type": "Integer"
      }, {
        "constraints": "Minimum: 3\nDefault: 19",
        "description": "",
        "identifier": "WEIGHTING_NEIGHBORS",
        "name": "Weighting Neighbors",
        "type": "Integer"
      }]
    }],
    "tool_description": "Modified  Quadratic Shepard method for grid interpolation from irregular distributed points. This tool is based on Tool 660 in TOMS.\nQSHEP2D: Fortran routines implementing the Quadratic Shepard method for bivariate interpolation of scattered data (see R. J. Renka, ACM TOMS 14 (1988) pp.149-150).\nClasses: E2b. Interpolation of scattered, non-gridded multivariate data.",
    "tool_id": "4",
    "tool_name": "Modifed Quadratic Shepard",
    "tool_path": "http://geomodeling.njnu.edu.cn/OpenGMS/page/model-item-info/model-item-info.html?N2VkNDA4ZDAtZWMyNi00MzRjLWIwNDgtYmZjNWRiMmExZjBhMTM=",
    "oid": "5b90e7bbd15d75093cb58745",
    "stateId": "EA642586-78C5-4052-B416-87D85C2AFD18",
    "mdlId": "B7888039-EDE1-45cd-A860-9D2254FB632D"
  }, {
    "author": "O.Conrad (c) 2004",
    "parameters": [{
      "inputs": [{
        "constraints": "",
        "description": "",
        "identifier": "POINTS",
        "name": "Points",
        "optional": "false",
        "type": "Shapes (input)"
      }, {
        "constraints": "",
        "description": "use this grid's system for output grids",
        "identifier": "TARGET_TEMPLATE",
        "name": "Target System",
        "optional": "true",
        "type": "Grid (optional input)"
      }]
    }, {
      "outputs": [{
        "constraints": "",
        "description": "",
        "identifier": "TARGET_OUT_GRID",
        "name": "Target Grid",
        "optional": "false",
        "type": "Grid (output)"
      }]
    }, {
      "optionals": [{
        "constraints": "",
        "description": "",
        "identifier": "FIELD",
        "name": "Attribute",
        "type": "Table field"
      }, {
        "constraints": "Available Choices:\n[0] user defined\n[1] grid or grid system\nDefault: 0",
        "description": "",
        "identifier": "TARGET_DEFINITION",
        "name": "Target Grid System",
        "type": "Choice"
      }, {
        "constraints": "Minimum: 0.000000\nDefault: 1.000000",
        "description": "",
        "identifier": "TARGET_USER_SIZE",
        "name": "Cellsize",
        "type": "Floating point"
      }, {
        "constraints": "Default: 0.000000",
        "description": "",
        "identifier": "TARGET_USER_XMIN",
        "name": "Left",
        "type": "Floating point"
      }, {
        "constraints": "Default: 100.000000",
        "description": "",
        "identifier": "TARGET_USER_XMAX",
        "name": "Right",
        "type": "Floating point"
      }, {
        "constraints": "Default: 0.000000",
        "description": "",
        "identifier": "TARGET_USER_YMIN",
        "name": "Bottom",
        "type": "Floating point"
      }, {
        "constraints": "Default: 100.000000",
        "description": "",
        "identifier": "TARGET_USER_YMAX",
        "name": "Top",
        "type": "Floating point"
      }, {
        "constraints": "Available Choices:\n[0] nodes\n[1] cells\nDefault: 0",
        "description": "",
        "identifier": "TARGET_USER_FITS",
        "name": "Fit",
        "type": "Choice"
      }, {
        "constraints": "",
        "description": "",
        "identifier": "TARGET_SYSTEM",
        "name": "Grid System",
        "type": "Grid system"
      }]
    }],
    "tool_description": "Gridding of a shapes layer using Delaunay Triangulation.",
    "tool_id": "5",
    "tool_name": "Triangulation",
    "tool_path": "http://geomodeling.njnu.edu.cn/OpenGMS/page/model-item-info/model-item-info.html?NGYyNWQ4ZTYtOTNkYy00ZjczLThiNDYtZjUxOTc0NTg5MGJlOWU=",
    "oid": "5b90e7bbd15d75093cb58746",
    "stateId": "54D5468A-BC5E-44eb-A566-E7C64341518E",
    "mdlId": "2B5B742F-CE09-4bcc-B538-9A5BB099DBA6"
  }, {
    "author": "O.Conrad (c) 2010",
    "parameters": [{
      "inputs": [{
        "constraints": "",
        "description": "",
        "identifier": "POINTS",
        "name": "Points",
        "optional": "false",
        "type": "Shapes (input)"
      }, {
        "constraints": "",
        "description": "use this grid's system for output grids",
        "identifier": "TARGET_TEMPLATE",
        "name": "Target System",
        "optional": "true",
        "type": "Grid (optional input)"
      }]
    }, {
      "outputs": [{
        "constraints": "",
        "description": "",
        "identifier": "TARGET_OUT_GRID",
        "name": "Target Grid",
        "optional": "false",
        "type": "Grid (output)"
      }]
    }, {
      "optionals": [{
        "constraints": "",
        "description": "",
        "identifier": "POPULATION",
        "name": "Population",
        "type": "Table field"
      }, {
        "constraints": "Minimum: 0.000000\nDefault: 1.000000",
        "description": "",
        "identifier": "RADIUS",
        "name": "Radius",
        "type": "Floating point"
      }, {
        "constraints": "Available Choices:\n[0] quartic kernel\n[1] gaussian kernel\nDefault: 0",
        "description": "",
        "identifier": "KERNEL",
        "name": "Kernel",
        "type": "Choice"
      }, {
        "constraints": "Available Choices:\n[0] user defined\n[1] grid or grid system\nDefault: 0",
        "description": "",
        "identifier": "TARGET_DEFINITION",
        "name": "Target Grid System",
        "type": "Choice"
      }, {
        "constraints": "Minimum: 0.000000\nDefault: 1.000000",
        "description": "",
        "identifier": "TARGET_USER_SIZE",
        "name": "Cellsize",
        "type": "Floating point"
      }, {
        "constraints": "Default: 0.000000",
        "description": "",
        "identifier": "TARGET_USER_XMIN",
        "name": "Left",
        "type": "Floating point"
      }, {
        "constraints": "Default: 100.000000",
        "description": "",
        "identifier": "TARGET_USER_XMAX",
        "name": "Right",
        "type": "Floating point"
      }, {
        "constraints": "Default: 0.000000",
        "description": "",
        "identifier": "TARGET_USER_YMIN",
        "name": "Bottom",
        "type": "Floating point"
      }, {
        "constraints": "Default: 100.000000",
        "description": "",
        "identifier": "TARGET_USER_YMAX",
        "name": "Top",
        "type": "Floating point"
      }, {
        "constraints": "Available Choices:\n[0] nodes\n[1] cells\nDefault: 0",
        "description": "",
        "identifier": "TARGET_USER_FITS",
        "name": "Fit",
        "type": "Choice"
      }, {
        "constraints": "",
        "description": "",
        "identifier": "TARGET_SYSTEM",
        "name": "Grid System",
        "type": "Grid system"
      }]
    }],
    "tool_description": "Kernel density estimation. If any point is currently in selection only selected points are taken into account.\n\nReferences:\n- Fotheringham, A.S., Brunsdon, C., Charlton, M. (2000): Quantitative Geography. Sage. 270p.\n- Lloyd, C.D. (2010): Spatial data analysis - An introduction for GIS users. Oxford. 206p.\n",
    "tool_id": "6",
    "tool_name": "Kernel Density Estimation",
    "tool_path": "http://geomodeling.njnu.edu.cn/OpenGMS/page/model-item-info/model-item-info.html?NGJlOTNhYmQtYmViOC00MmVmLWE5NWEtZjFkZWYwZTRkNDIxNzc=",
    "oid": "5b90e7bbd15d75093cb58747",
    "stateId": "A8E0CB92-C2F3-4a7f-A68C-A3FAC8318F2A",
    "mdlId": "A35A2A9A-9509-4a72-A9BB-176E32A81595"
  }, {
    "author": "O.Conrad (c) 2013",
    "parameters": [{
      "inputs": [{
        "constraints": "",
        "description": "",
        "identifier": "POINTS",
        "name": "Points",
        "optional": "false",
        "type": "Shapes (input)"
      }, {
        "constraints": "",
        "description": "use this grid's system for output grids",
        "identifier": "TARGET_TEMPLATE",
        "name": "Target System",
        "optional": "true",
        "type": "Grid (optional input)"
      }]
    }, {
      "outputs": [{
        "constraints": "",
        "description": "",
        "identifier": "CV_SUMMARY",
        "name": "Cross Validation Summary",
        "optional": "true",
        "type": "Table (optional output)"
      }, {
        "constraints": "",
        "description": "",
        "identifier": "CV_RESIDUALS",
        "name": "Cross Validation Residuals",
        "optional": "true",
        "type": "Shapes (optional output)"
      }, {
        "constraints": "",
        "description": "",
        "identifier": "TARGET_OUT_GRID",
        "name": "Target Grid",
        "optional": "false",
        "type": "Grid (output)"
      }]
    }, {
      "optionals": [{
        "constraints": "",
        "description": "",
        "identifier": "FIELD",
        "name": "Attribute",
        "type": "Table field"
      }, {
        "constraints": "Available Choices:\n[0] none\n[1] leave one out\n[2] 2-fold\n[3] k-fold\nDefault: 0",
        "description": "",
        "identifier": "CV_METHOD",
        "name": "Cross Validation",
        "type": "Choice"
      }, {
        "constraints": "Minimum: 2\nDefault: 10",
        "description": "number of subsamples for k-fold cross validation",
        "identifier": "CV_SAMPLES",
        "name": "Cross Validation Subsamples",
        "type": "Integer"
      }, {
        "constraints": "Available Choices:\n[0] user defined\n[1] grid or grid system\nDefault: 0",
        "description": "",
        "identifier": "TARGET_DEFINITION",
        "name": "Target Grid System",
        "type": "Choice"
      }, {
        "constraints": "Minimum: 0.000000\nDefault: 1.000000",
        "description": "",
        "identifier": "TARGET_USER_SIZE",
        "name": "Cellsize",
        "type": "Floating point"
      }, {
        "constraints": "Default: 0.000000",
        "description": "",
        "identifier": "TARGET_USER_XMIN",
        "name": "Left",
        "type": "Floating point"
      }, {
        "constraints": "Default: 100.000000",
        "description": "",
        "identifier": "TARGET_USER_XMAX",
        "name": "Right",
        "type": "Floating point"
      }, {
        "constraints": "Default: 0.000000",
        "description": "",
        "identifier": "TARGET_USER_YMIN",
        "name": "Bottom",
        "type": "Floating point"
      }, {
        "constraints": "Default: 100.000000",
        "description": "",
        "identifier": "TARGET_USER_YMAX",
        "name": "Top",
        "type": "Floating point"
      }, {
        "constraints": "Available Choices:\n[0] nodes\n[1] cells\nDefault: 0",
        "description": "",
        "identifier": "TARGET_USER_FITS",
        "name": "Fit",
        "type": "Choice"
      }, {
        "constraints": "",
        "description": "",
        "identifier": "TARGET_SYSTEM",
        "name": "Grid System",
        "type": "Grid system"
      }, {
        "constraints": "Available Choices:\n[0] local\n[1] global\nDefault: 1",
        "description": "",
        "identifier": "SEARCH_RANGE",
        "name": "Search Range",
        "type": "Choice"
      }, {
        "constraints": "Minimum: 0.000000\nDefault: 1000.000000",
        "description": "local maximum search distance given in map units",
        "identifier": "SEARCH_RADIUS",
        "name": "Maximum Search Distance",
        "type": "Floating point"
      }, {
        "constraints": "Available Choices:\n[0] maximum number of nearest points\n[1] all points within search distance\nDefault: 1",
        "description": "",
        "identifier": "SEARCH_POINTS_ALL",
        "name": "Number of Points",
        "type": "Choice"
      }, {
        "constraints": "Minimum: 1\nDefault: -1",
        "description": "minimum number of points to use",
        "identifier": "SEARCH_POINTS_MIN",
        "name": "Minimum",
        "type": "Integer"
      }, {
        "constraints": "Minimum: 1\nDefault: 20",
        "description": "maximum number of nearest points",
        "identifier": "SEARCH_POINTS_MAX",
        "name": "Maximum",
        "type": "Integer"
      }, {
        "constraints": "Available Choices:\n[0] all directions\n[1] quadrants\nDefault: 0",
        "description": "",
        "identifier": "SEARCH_DIRECTION",
        "name": "Direction",
        "type": "Choice"
      }, {
        "constraints": "Available Choices:\n[0] no distance weighting\n[1] inverse distance to a power\n[2] exponential\n[3] gaussian weighting\nDefault: 1",
        "description": "",
        "identifier": "DW_WEIGHTING",
        "name": "Weighting Function",
        "type": "Choice"
      }, {
        "constraints": "Minimum: 0.000000\nDefault: 2.000000",
        "description": "",
        "identifier": "DW_IDW_POWER",
        "name": "Inverse Distance Weighting Power",
        "type": "Floating point"
      }, {
        "constraints": "Default: 0",
        "description": "Calculates weights for distance plus one, avoiding division by zero for zero distances",
        "identifier": "DW_IDW_OFFSET",
        "name": "Inverse Distance Offset",
        "type": "Boolean"
      }, {
        "constraints": "Minimum: 0.000000\nDefault: 1.000000",
        "description": "",
        "identifier": "DW_BANDWIDTH",
        "name": "Gaussian and Exponential Weighting Bandwidth",
        "type": "Floating point"
      }]
    }],
    "tool_description": "Angular Distance Weighted (ADW) grid interpolation from irregular distributed points.\n\nReferences:\nShepard, D. (1968): A Two-Dimensional Interpolation Function for Irregularly-Spaced Data. Proceedings of the 1968 23rd ACM National Conference, pp.517-524, <a target=\"_blank\" href=\"http://champs.cecs.ucf.edu/Library/Conference_Papers/pdfs/A%20two-dimentional%20intepolation%20function%20for%20irregalarly-spaced%20data.pdf\">online</a>.\n",
    "tool_id": "7",
    "tool_name": "Angular Distance Weighted",
    "tool_path": "http://geomodeling.njnu.edu.cn/OpenGMS/page/model-item-info/model-item-info.html?YTA2MWFlMzItOWZkNi00OTMyLWEzM2YtMjNhNmM0ZWJkNDdlZTc=",
    "oid": "5b90e7bbd15d75093cb58748",
    "stateId": "D4256741-72B5-436a-892E-39879D7F683D",
    "mdlId": "76077310-E7D6-481f-84F2-085A8F667432"
  }, {
    "author": "O.Conrad (c) 2016",
    "parameters": [{
      "inputs": [{
        "constraints": "",
        "description": "",
        "identifier": "POLYGONS",
        "name": "Polygons",
        "optional": "false",
        "type": "Shapes (input)"
      }, {
        "constraints": "",
        "description": "use this grid's system for output grids",
        "identifier": "TARGET_TEMPLATE",
        "name": "Target System",
        "optional": "true",
        "type": "Grid (optional input)"
      }]
    }, {
      "outputs": [{
        "constraints": "",
        "description": "",
        "identifier": "AREA",
        "name": "Area of Coverage",
        "optional": "false",
        "type": "Grid (output)"
      }]
    }, {
      "optionals": [{
        "constraints": "Available Choices:\n[0] cell wise\n[1] polygon wise\nDefault: 1",
        "description": "Choose cell wise, if you have not many polygons. Polygon wise will show much better performance, if you have many (small) polygons.",
        "identifier": "METHOD",
        "name": "Method",
        "type": "Choice"
      }, {
        "constraints": "Available Choices:\n[0] area\n[1] percentage\nDefault: 1",
        "description": "",
        "identifier": "OUTPUT",
        "name": "Output",
        "type": "Choice"
      }, {
        "constraints": "Default: 1",
        "description": "",
        "identifier": "SELECTION",
        "name": "Only Selected Polygons",
        "type": "Boolean"
      }, {
        "constraints": "Available Choices:\n[0] user defined\n[1] grid or grid system\nDefault: 0",
        "description": "",
        "identifier": "TARGET_DEFINITION",
        "name": "Target Grid System",
        "type": "Choice"
      }, {
        "constraints": "Minimum: 0.000000\nDefault: 1.000000",
        "description": "",
        "identifier": "TARGET_USER_SIZE",
        "name": "Cellsize",
        "type": "Floating point"
      }, {
        "constraints": "Default: 0.000000",
        "description": "",
        "identifier": "TARGET_USER_XMIN",
        "name": "Left",
        "type": "Floating point"
      }, {
        "constraints": "Default: 100.000000",
        "description": "",
        "identifier": "TARGET_USER_XMAX",
        "name": "Right",
        "type": "Floating point"
      }, {
        "constraints": "Default: 0.000000",
        "description": "",
        "identifier": "TARGET_USER_YMIN",
        "name": "Bottom",
        "type": "Floating point"
      }, {
        "constraints": "Default: 100.000000",
        "description": "",
        "identifier": "TARGET_USER_YMAX",
        "name": "Top",
        "type": "Floating point"
      }, {
        "constraints": "Available Choices:\n[0] nodes\n[1] cells\nDefault: 0",
        "description": "",
        "identifier": "TARGET_USER_FITS",
        "name": "Fit",
        "type": "Choice"
      }, {
        "constraints": "",
        "description": "",
        "identifier": "TARGET_SYSTEM",
        "name": "Grid System",
        "type": "Grid system"
      }]
    }],
    "tool_description": "This tool calculates for each grid cell of the selected grid system the area that is covered by the input polygons layer. ",
    "tool_id": "8",
    "tool_name": "Grid Cell Area Covered by Polygons",
    "tool_path": "http://geomodeling.njnu.edu.cn/OpenGMS/page/model-item-info/model-item-info.html?NGVmNDcxN2EtZWY1ZS00MGM3LWIwODMtMzc1NWU2NGFlN2Y5NGU=",
    "oid": "5b90e7bbd15d75093cb58749",
    "stateId": "84B2875E-9BB6-4e65-842E-91DC4F356F9B",
    "mdlId": "F8F0B223-88A4-4987-90C3-05D0722F21A6"
  }, {
    "author": "O.Conrad (c) 2018",
    "parameters": [{
      "inputs": [{
        "constraints": "",
        "description": "",
        "identifier": "POLYGONS",
        "name": "Polygons",
        "optional": "false",
        "type": "Shapes (input)"
      }, {
        "constraints": "",
        "description": "use this grid's system for output grids",
        "identifier": "TARGET_TEMPLATE",
        "name": "Target System",
        "optional": "true",
        "type": "Grid (optional input)"
      }]
    }, {
      "outputs": [{
        "constraints": "",
        "description": "",
        "identifier": "GRID",
        "name": "Grid",
        "optional": "false",
        "type": "Grid (output)"
      }, {
        "constraints": "",
        "description": "",
        "identifier": "COVERAGE",
        "name": "Coverage",
        "optional": "true",
        "type": "Grid (optional output)"
      }]
    }, {
      "optionals": [{
        "constraints": "",
        "description": "",
        "identifier": "FIELD",
        "name": "Attribute",
        "type": "Table field"
      }, {
        "constraints": "Available Choices:\n[0] index number\n[1] attribute\nDefault: 2",
        "description": "",
        "identifier": "OUTPUT",
        "name": "Output Values",
        "type": "Choice"
      }, {
        "constraints": "Available Choices:\n[0] minimum coverage\n[1] maximum coverage\n[2] average proportional to area coverage\nDefault: 1",
        "description": "Output value for cells that intersect wiht more than one polygon.",
        "identifier": "MULTIPLE",
        "name": "Multiple Polygons",
        "type": "Choice"
      }, {
        "constraints": "Available Choices:\n[0] 1 bit\n[1] 1 byte unsigned integer\n[2] 1 byte signed integer\n[3] 2 byte unsigned integer\n[4] 2 byte signed integer\n[5] 4 byte unsigned integer\n[6] 4 byte signed integer\n[7] 4 byte floating point\n[8] 8 byte floating point\n[9] same as attribute\nDefault: 9",
        "description": "",
        "identifier": "GRID_TYPE",
        "name": "Data Type",
        "type": "Choice"
      }, {
        "constraints": "Available Choices:\n[0] user defined\n[1] grid or grid system\nDefault: 0",
        "description": "",
        "identifier": "TARGET_DEFINITION",
        "name": "Target Grid System",
        "type": "Choice"
      }, {
        "constraints": "Minimum: 0.000000\nDefault: 1.000000",
        "description": "",
        "identifier": "TARGET_USER_SIZE",
        "name": "Cellsize",
        "type": "Floating point"
      }, {
        "constraints": "Default: 0.000000",
        "description": "",
        "identifier": "TARGET_USER_XMIN",
        "name": "Left",
        "type": "Floating point"
      }, {
        "constraints": "Default: 100.000000",
        "description": "",
        "identifier": "TARGET_USER_XMAX",
        "name": "Right",
        "type": "Floating point"
      }, {
        "constraints": "Default: 0.000000",
        "description": "",
        "identifier": "TARGET_USER_YMIN",
        "name": "Bottom",
        "type": "Floating point"
      }, {
        "constraints": "Default: 100.000000",
        "description": "",
        "identifier": "TARGET_USER_YMAX",
        "name": "Top",
        "type": "Floating point"
      }, {
        "constraints": "Available Choices:\n[0] nodes\n[1] cells\nDefault: 0",
        "description": "",
        "identifier": "TARGET_USER_FITS",
        "name": "Fit",
        "type": "Choice"
      }, {
        "constraints": "",
        "description": "",
        "identifier": "TARGET_SYSTEM",
        "name": "Grid System",
        "type": "Grid system"
      }]
    }],
    "tool_description": "Gridding of polygons. If any polygons are selected, only these will be gridded.",
    "tool_id": "9",
    "tool_name": "Polygons to Grid",
    "tool_path": "http://geomodeling.njnu.edu.cn/OpenGMS/page/model-item-info/model-item-info.html?MjdhNjgyYWYtMjk5MC00NGNiLTk1NmYtZTFlYWRkNzNiZTE5Njc=",
    "oid": "5b90e7bbd15d75093cb5874a",
    "stateId": "72AB797B-B43B-47f2-9E74-2160995FB141",
    "mdlId": "4620B1A6-DC8D-49cf-9E7F-108F4C2C35B3"
  }, {
    "author": "O.Conrad (c) 2018",
    "parameters": [{
      "inputs": [{
        "constraints": "",
        "description": "",
        "identifier": "POLYGONS",
        "name": "Polygons",
        "optional": "false",
        "type": "Shapes (input)"
      }, {
        "constraints": "",
        "description": "use this grid's system for output grids",
        "identifier": "TARGET_TEMPLATE",
        "name": "Target System",
        "optional": "true",
        "type": "Grid (optional input)"
      }]
    }, {
      "outputs": [{
        "constraints": "",
        "description": "",
        "identifier": "CATEGORY",
        "name": "Category",
        "optional": "false",
        "type": "Grid (output)"
      }, {
        "constraints": "",
        "description": "",
        "identifier": "COVERAGE",
        "name": "Coverage",
        "optional": "true",
        "type": "Grid (optional output)"
      }]
    }, {
      "optionals": [{
        "constraints": "",
        "description": "The attribute field that specifies the category a polygon belongs to.",
        "identifier": "FIELD",
        "name": "Category",
        "type": "Table field"
      }, {
        "constraints": "Available Choices:\n[0] cell wise\n[1] polygon wise\nDefault: 1",
        "description": "Choose cell wise, if you have not many polygons. Polygon wise will show much better performance, if you have many (small) polygons.",
        "identifier": "METHOD",
        "name": "Method",
        "type": "Choice"
      }, {
        "constraints": "Available Choices:\n[0] minimum coverage\n[1] maximum coverage\nDefault: 1",
        "description": "Output value for cells that intersect wiht more than one polygon.",
        "identifier": "MULTIPLE",
        "name": "Multiple Polygons",
        "type": "Choice"
      }, {
        "constraints": "Available Choices:\n[0] user defined\n[1] grid or grid system\nDefault: 0",
        "description": "",
        "identifier": "TARGET_DEFINITION",
        "name": "Target Grid System",
        "type": "Choice"
      }, {
        "constraints": "Minimum: 0.000000\nDefault: 1.000000",
        "description": "",
        "identifier": "TARGET_USER_SIZE",
        "name": "Cellsize",
        "type": "Floating point"
      }, {
        "constraints": "Default: 0.000000",
        "description": "",
        "identifier": "TARGET_USER_XMIN",
        "name": "Left",
        "type": "Floating point"
      }, {
        "constraints": "Default: 100.000000",
        "description": "",
        "identifier": "TARGET_USER_XMAX",
        "name": "Right",
        "type": "Floating point"
      }, {
        "constraints": "Default: 0.000000",
        "description": "",
        "identifier": "TARGET_USER_YMIN",
        "name": "Bottom",
        "type": "Floating point"
      }, {
        "constraints": "Default: 100.000000",
        "description": "",
        "identifier": "TARGET_USER_YMAX",
        "name": "Top",
        "type": "Floating point"
      }, {
        "constraints": "Available Choices:\n[0] nodes\n[1] cells\nDefault: 0",
        "description": "",
        "identifier": "TARGET_USER_FITS",
        "name": "Fit",
        "type": "Choice"
      }, {
        "constraints": "",
        "description": "",
        "identifier": "TARGET_SYSTEM",
        "name": "Grid System",
        "type": "Grid system"
      }]
    }],
    "tool_description": "This tool has been designed to rasterize polygons representing categories and selects that category, which has maximum coverage of a cell. The advantage using this tool (instead the more simple 'Shapes to Grid' or 'Polygons to Grid' tools) is that it summarizes all polygon coverages belonging to the same category. ",
    "tool_id": "10",
    "tool_name": "Polygon Categories to Grid",
    "tool_path": "http://geomodeling.njnu.edu.cn/OpenGMS/page/model-item-info/model-item-info.html?YjU2ZWZlMDgtMTFiZi00Y2UyLTk5YzQtMzI5YjhmYmNhODljZTM=",
    "oid": "5b90e7bbd15d75093cb58742",
    "stateId": "BE3A5074-1936-4e55-A19D-A2BEE9345539",
    "mdlId": "3E857493-0962-471a-9B99-5275F1BE87E7"
  }]
}
