{
  "Version": "1.0",
  "author": "SAGA User Group Associaton, HfT Stuttgart (c) 2002-14",
  "library_description": "Tools for the manipulation of gridded data.",
  "library_name": "grid_filter",
  "library_name_title": "Grid Filter",
  "tools": [
    {
      "author": "O.Conrad (c) 2003",
      "parameters": [
        {
          "inputs": [
            {
              "constraints": "",
              "description": "",
              "identifier": "INPUT",
              "name": "Grid",
              "optional": "false",
              "type": "Grid (input)"
            }
          ]
        },
        {
          "outputs": [
            {
              "constraints": "",
              "description": "",
              "identifier": "RESULT",
              "name": "Filtered Grid",
              "optional": "true",
              "type": "Grid (optional output)"
            }
          ]
        },
        {
          "optionals": [
            {
              "constraints": "",
              "description": "",
              "identifier": "PARAMETERS_GRID_SYSTEM",
              "name": "Grid system",
              "type": "Grid system"
            },
            {
              "constraints": "Available Choices:\n[0] Smooth\n[1] Sharpen\n[2] Edge\nDefault: 0",
              "description": "Choose the filter method.",
              "identifier": "METHOD",
              "name": "Filter",
              "type": "Choice"
            },
            {
              "constraints": "Available Choices:\n[0] Square\n[1] Circle\nDefault: 1",
              "description": "The shape of the filter kernel.",
              "identifier": "KERNEL_TYPE",
              "name": "Kernel Type",
              "type": "Choice"
            },
            {
              "constraints": "Minimum: 1\nDefault: 2",
              "description": "The kernel radius in cells.",
              "identifier": "KERNEL_RADIUS",
              "name": "Kernel Radius",
              "type": "Integer"
            }
          ]
        }
      ],
      "tool_description": "Simple standard filters for grids.",
      "tool_id": "0",
      "tool_name": "Simple Filter"
    },
    {
      "author": "A.Ringeler (c) 2003",
      "parameters": [
        {
          "inputs": [
            {
              "constraints": "",
              "description": "",
              "identifier": "INPUT",
              "name": "Grid",
              "optional": "false",
              "type": "Grid (input)"
            }
          ]
        },
        {
          "outputs": [
            {
              "constraints": "",
              "description": "",
              "identifier": "RESULT",
              "name": "Filtered Grid",
              "optional": "true",
              "type": "Grid (optional output)"
            }
          ]
        },
        {
          "optionals": [
            {
              "constraints": "",
              "description": "",
              "identifier": "PARAMETERS_GRID_SYSTEM",
              "name": "Grid system",
              "type": "Grid system"
            },
            {
              "constraints": "Minimum: 0.000100\nDefault: 50.000000",
              "description": "The standard deviation as percentage of the kernel radius, determines the degree of smoothing.",
              "identifier": "SIGMA",
              "name": "Standard Deviation",
              "type": "Floating point"
            },
            {
              "constraints": "Available Choices:\n[0] Square\n[1] Circle\nDefault: 1",
              "description": "The shape of the filter kernel.",
              "identifier": "KERNEL_TYPE",
              "name": "Kernel Type",
              "type": "Choice"
            },
            {
              "constraints": "Minimum: 1\nDefault: 2",
              "description": "The kernel radius in cells.",
              "identifier": "KERNEL_RADIUS",
              "name": "Kernel Radius",
              "type": "Integer"
            }
          ]
        }
      ],
      "tool_description": "The Gaussian filter is a smoothing operator that is used to 'blur' or 'soften' data and to remove detail and noise. The degree of smoothing is determined by the standard deviation. For higher standard deviations you need to use a larger search radius.",
      "tool_id": "1",
      "tool_name": "Gaussian Filter"
    },
    {
      "author": "A.Ringeler (c) 2003, O.Conrad (c) 2008",
      "parameters": [
        {
          "inputs": [
            {
              "constraints": "",
              "description": "",
              "identifier": "INPUT",
              "name": "Grid",
              "optional": "false",
              "type": "Grid (input)"
            }
          ]
        },
        {
          "outputs": [
            {
              "constraints": "",
              "description": "",
              "identifier": "RESULT",
              "name": "Filtered Grid",
              "optional": "true",
              "type": "Grid (optional output)"
            }
          ]
        },
        {
          "optionals": [
            {
              "constraints": "",
              "description": "",
              "identifier": "PARAMETERS_GRID_SYSTEM",
              "name": "Grid system",
              "type": "Grid system"
            },
            {
              "constraints": "Available Choices:\n[0] standard kernel 1\n[1] standard kernel 2\n[2] Standard kernel 3\n[3] user defined kernel\nDefault: 3",
              "description": "",
              "identifier": "METHOD",
              "name": "Method",
              "type": "Choice"
            },
            {
              "constraints": "Minimum: 0.000010\nDefault: 50.000000",
              "description": "The standard deviation, expressed as a percentage of the radius.",
              "identifier": "SIGMA",
              "name": "Standard Deviation",
              "type": "Floating point"
            },
            {
              "constraints": "Available Choices:\n[0] Square\n[1] Circle\nDefault: 1",
              "description": "The shape of the filter kernel.",
              "identifier": "KERNEL_TYPE",
              "name": "Kernel Type",
              "type": "Choice"
            },
            {
              "constraints": "Minimum: 1\nDefault: 2",
              "description": "The kernel radius in cells.",
              "identifier": "KERNEL_RADIUS",
              "name": "Kernel Radius",
              "type": "Integer"
            }
          ]
        }
      ],
      "tool_description": "Other Common Names: Laplacian, Laplacian of Gaussian, LoG, Marr Filter\n\nStandard kernel 1 (3x3):\n 0 | -1 |  0\n-- + -- + --\n-1 |  4 | -1\n-- + -- + --\n 0 | -1 |  0\n\nStandard kernel 2 (3x3):\n-1 | -1 | -1\n-- + -- + --\n-1 |  8 | -1\n-- + -- + --\n-1 | -1 | -1\n\nStandard kernel 3 (3x3):\n-1 | -2 | -1\n-- + -- + --\n-2 | 12 | -2\n-- + -- + --\n-1 | -2 | -1\n\n",
      "tool_id": "2",
      "tool_name": "Laplacian Filter"
    },
    {
      "author": "Copyrights (c) 2003 by Andre Ringeler",
      "parameters": [
        {
          "inputs": [
            {
              "constraints": "",
              "description": "",
              "identifier": "INPUT",
              "name": "Grid",
              "optional": "false",
              "type": "Grid (input)"
            }
          ]
        },
        {
          "outputs": [
            {
              "constraints": "",
              "description": "",
              "identifier": "RESULT",
              "name": "Filtered Grid",
              "optional": "false",
              "type": "Grid (output)"
            },
            {
              "constraints": "",
              "description": "",
              "identifier": "STDDEV",
              "name": "Minimum Standard Deviation",
              "optional": "true",
              "type": "Grid (optional output)"
            },
            {
              "constraints": "",
              "description": "",
              "identifier": "DIR",
              "name": "Direction of Minimum Standard Deviation",
              "optional": "true",
              "type": "Grid (optional output)"
            }
          ]
        },
        {
          "optionals": [
            {
              "constraints": "",
              "description": "",
              "identifier": "PARAMETERS_GRID_SYSTEM",
              "name": "Grid system",
              "type": "Grid system"
            },
            {
              "constraints": "Default: 1.000000",
              "description": "Estimated noise in units of input data",
              "identifier": "NOISE_ABS",
              "name": "Estimated Noise (absolute)",
              "type": "Floating point"
            },
            {
              "constraints": "Default: 1.000000",
              "description": "Estimated noise relative to mean standard deviation",
              "identifier": "NOISE_REL",
              "name": "Estimated Noise (relative)",
              "type": "Floating point"
            },
            {
              "constraints": "Default: 1",
              "description": "",
              "identifier": "WEIGHTED",
              "name": "Weighted",
              "type": "Boolean"
            },
            {
              "constraints": "Available Choices:\n[0] noise variance given as absolute value\n[1] noise variance given relative to mean standard deviation\n[2] original calculation (Ringeler)\nDefault: 1",
              "description": "",
              "identifier": "METHOD",
              "name": "Method",
              "type": "Choice"
            }
          ]
        }
      ],
      "tool_description": "The tool searches for the minimum variance within 16 directions and applies a Lee Filter in the direction of minimum variance. The filter is edge-preserving and can be used to remove speckle noise from SAR images or to smooth DTMs. Applied to DTMs, this filter will preserve slope breaks and narrow valleys.\n\nFor more details, please refer to:\nLee, J.S. (1980): Digital image enhancement and noise filtering by use of local statistics. IEEE Transactions on Pattern Analysis and Machine Intelligence, PAMI-2: 165-168\n\nLee, J.S., Papathanassiou, K.P., Ainsworth, T.L., Grunes, M.R., Reigber, A. (1998): A New Technique for Noise Filtering of SAR Interferometric Phase Images. IEEE Transactions on Geosciences and Remote Sensing 36(5): 1456-1465.\n\nSelige, T., Böhner, J., Ringeler, A. (2006): Processing of SRTM X-SAR Data to correct interferometric elevation models for land surface process applications. In: Böhner, J., McCloy, K.R., Strobl, J. [Eds.]: SAGA - Analysis and Modelling Applications. Göttinger Geographische Abhandlungen, Vol. 115: 97-104 <a href=\"http://downloads.sourceforge.net/saga-gis/gga115_09.pdf\">&lt;PDF&gt;</a>\n\n\n",
      "tool_id": "3",
      "tool_name": "Multi Direction Lee Filter"
    },
    {
      "author": "O.Conrad (c) 2001",
      "parameters": [
        {
          "inputs": [
            {
              "constraints": "",
              "description": "",
              "identifier": "INPUT",
              "name": "Grid",
              "optional": "false",
              "type": "Grid (input)"
            },
            {
              "constraints": "",
              "description": "",
              "identifier": "FILTER",
              "name": "Filter Matrix",
              "optional": "true",
              "type": "Table (optional input)"
            }
          ]
        },
        {
          "outputs": [
            {
              "constraints": "",
              "description": "",
              "identifier": "RESULT",
              "name": "Filtered Grid",
              "optional": "false",
              "type": "Grid (output)"
            }
          ]
        },
        {
          "optionals": [
            {
              "constraints": "",
              "description": "",
              "identifier": "PARAMETERS_GRID_SYSTEM",
              "name": "Grid system",
              "type": "Grid system"
            },
            {
              "constraints": "Default: 1",
              "description": "",
              "identifier": "ABSOLUTE",
              "name": "Absolute Weighting",
              "type": "Boolean"
            }
          ]
        }
      ],
      "tool_description": "User defined filter matrix. The filter can be chosen from loaded tables. If not specified a fixed table with 3 rows (and 3 columns) will be used. ",
      "tool_id": "4",
      "tool_name": "User Defined Filter"
    },
    {
      "author": "",
      "parameters": [
        {
          "inputs": [
            {
              "constraints": "",
              "description": "",
              "identifier": "GRID",
              "name": "Input Grid",
              "optional": "false",
              "type": "Grid (input)"
            }
          ]
        },
        {
          "outputs": [
            {
              "constraints": "",
              "description": "",
              "identifier": "OUTPUT",
              "name": "Filtered Grid",
              "optional": "false",
              "type": "Grid (output)"
            }
          ]
        },
        {
          "optionals": [
            {
              "constraints": "",
              "description": "",
              "identifier": "PARAMETERS_GRID_SYSTEM",
              "name": "Grid system",
              "type": "Grid system"
            },
            {
              "constraints": "Default: 10",
              "description": "Min. Size (Cells)",
              "identifier": "THRESHOLD",
              "name": "Min. Size",
              "type": "Integer"
            }
          ]
        }
      ],
      "tool_description": "(c) 2004 by Victor Olaya. Filter Clumps",
      "tool_id": "5",
      "tool_name": "Filter Clumps"
    },
    {
      "author": "O.Conrad (c) 2010",
      "parameters": [
        {
          "inputs": [
            {
              "constraints": "",
              "description": "",
              "identifier": "INPUT",
              "name": "Grid",
              "optional": "false",
              "type": "Grid (input)"
            }
          ]
        },
        {
          "outputs": [
            {
              "constraints": "",
              "description": "",
              "identifier": "RESULT",
              "name": "Filtered Grid",
              "optional": "true",
              "type": "Grid (optional output)"
            }
          ]
        },
        {
          "optionals": [
            {
              "constraints": "",
              "description": "",
              "identifier": "PARAMETERS_GRID_SYSTEM",
              "name": "Grid system",
              "type": "Grid system"
            },
            {
              "constraints": "Available Choices:\n[0] Majority\n[1] Minority\nDefault: 0",
              "description": "",
              "identifier": "TYPE",
              "name": "Type",
              "type": "Choice"
            },
            {
              "constraints": "Minimum: 0.000000\nMaximum: 100.000000\nDefault: 0.000000",
              "description": "The majority/minority threshold [percent].",
              "identifier": "THRESHOLD",
              "name": "Threshold",
              "type": "Floating point"
            },
            {
              "constraints": "Available Choices:\n[0] Square\n[1] Circle\nDefault: 1",
              "description": "The shape of the filter kernel.",
              "identifier": "KERNEL_TYPE",
              "name": "Kernel Type",
              "type": "Choice"
            },
            {
              "constraints": "Minimum: 1\nDefault: 2",
              "description": "The kernel radius in cells.",
              "identifier": "KERNEL_RADIUS",
              "name": "Kernel Radius",
              "type": "Integer"
            }
          ]
        }
      ],
      "tool_description": "Majority filter for grids.",
      "tool_id": "6",
      "tool_name": "Majority/Minority Filter"
    },
    {
      "author": "Volker Wichmann (c) 2010, LASERDATA GmbH",
      "parameters": [
        {
          "inputs": [
            {
              "constraints": "",
              "description": "The grid to filter.",
              "identifier": "INPUT",
              "name": "Grid to filter",
              "optional": "false",
              "type": "Grid (input)"
            }
          ]
        },
        {
          "outputs": [
            {
              "constraints": "",
              "description": "Filtered DTM",
              "identifier": "GROUND",
              "name": "Bare Earth",
              "optional": "false",
              "type": "Grid (output)"
            },
            {
              "constraints": "",
              "description": "Objects removed from input grid",
              "identifier": "NONGROUND",
              "name": "Removed Objects",
              "optional": "false",
              "type": "Grid (output)"
            }
          ]
        },
        {
          "optionals": [
            {
              "constraints": "",
              "description": "",
              "identifier": "PARAMETERS_GRID_SYSTEM",
              "name": "Grid system",
              "type": "Grid system"
            },
            {
              "constraints": "Minimum: 1\nDefault: 2",
              "description": "Search radius of kernel in cells.",
              "identifier": "RADIUS",
              "name": "Search Radius",
              "type": "Integer"
            },
            {
              "constraints": "Minimum: 0.000000\nDefault: 30.000000",
              "description": "Approximate Terrain Slope [%]",
              "identifier": "TERRAINSLOPE",
              "name": "Approx. Terrain Slope",
              "type": "Floating point"
            },
            {
              "constraints": "Default: 0",
              "description": "Use 5 percent confidence interval",
              "identifier": "STDDEV",
              "name": "Use Confidence Interval",
              "type": "Boolean"
            }
          ]
        }
      ],
      "tool_description": "The tool can be used to filter a digital surface model (DSM), i.e. to classify its cells into bare earth and object cells (ground and nonground cells).\n\nThe tool uses concepts described by VOSSELMAN (2000) and is based on the assumption that a large height difference between two nearby cells is unlikely to be caused by a steep slope in the terrain. The probability that the higher cell could be a ground point decreases if the distance between the two cells decreases. Therefore the filter defines the acceptable height difference between two cells as a function of the distance between the cells. A cell is classified as terrain if there is no other cell within the kernel search radius such that the height difference between these cells is larger than the allowed maximum height difference at the distance between these cells.\n\nThe approximate terrain slope parameter is used to modify the filter function to match the overall slope in the study area. A confidence interval may be used to reject outliers.\n\nReference:\nVOSSELMAN, G. (2000): Slope based filtering of laser altimetry data. IAPRS, Vol. XXXIII, Part B3, Amsterdam, The Netherlands. pp. 935-942\n\n",
      "tool_id": "7",
      "tool_name": "DTM Filter (slope-based)"
    },
    {
      "author": "O.Conrad (c) 2010",
      "parameters": [
        {
          "inputs": [
            {
              "constraints": "",
              "description": "",
              "identifier": "INPUT",
              "name": "Grid",
              "optional": "false",
              "type": "Grid (input)"
            }
          ]
        },
        {
          "outputs": [
            {
              "constraints": "",
              "description": "",
              "identifier": "RESULT",
              "name": "Filtered Grid",
              "optional": "true",
              "type": "Grid (optional output)"
            }
          ]
        },
        {
          "optionals": [
            {
              "constraints": "",
              "description": "",
              "identifier": "PARAMETERS_GRID_SYSTEM",
              "name": "Grid system",
              "type": "Grid system"
            },
            {
              "constraints": "Available Choices:\n[0] Dilation\n[1] Erosion\n[2] Opening\n[3] Closing\nDefault: 0",
              "description": "Choose the operation to perform.",
              "identifier": "METHOD",
              "name": "Method",
              "type": "Choice"
            },
            {
              "constraints": "Available Choices:\n[0] Square\n[1] Circle\nDefault: 1",
              "description": "The shape of the filter kernel.",
              "identifier": "KERNEL_TYPE",
              "name": "Kernel Type",
              "type": "Choice"
            },
            {
              "constraints": "Minimum: 1\nDefault: 2",
              "description": "The kernel radius in cells.",
              "identifier": "KERNEL_RADIUS",
              "name": "Kernel Radius",
              "type": "Integer"
            }
          ]
        }
      ],
      "tool_description": "Morphological filter for grids. Dilation returns the maximum and erosion the minimum value found in a cell's neighbourhood as defined by the kernel. Opening applies first an erosion followed by a dilation and closing is a dilation followed by an erosion. ",
      "tool_id": "8",
      "tool_name": "Morphological Filter"
    },
    {
      "author": "O.Conrad (c) 2010",
      "parameters": [
        {
          "inputs": [
            {
              "constraints": "",
              "description": "",
              "identifier": "INPUT",
              "name": "Grid",
              "optional": "false",
              "type": "Grid (input)"
            }
          ]
        },
        {
          "outputs": [
            {
              "constraints": "",
              "description": "",
              "identifier": "RESULT",
              "name": "Filtered Grid",
              "optional": "true",
              "type": "Grid (optional output)"
            }
          ]
        },
        {
          "optionals": [
            {
              "constraints": "",
              "description": "",
              "identifier": "PARAMETERS_GRID_SYSTEM",
              "name": "Grid system",
              "type": "Grid system"
            },
            {
              "constraints": "Minimum: 0.000000\nMaximum: 100.000000\nDefault: 50.000000",
              "description": "The rank [percent].",
              "identifier": "RANK",
              "name": "Rank",
              "type": "Floating point"
            },
            {
              "constraints": "Available Choices:\n[0] Square\n[1] Circle\nDefault: 1",
              "description": "The shape of the filter kernel.",
              "identifier": "KERNEL_TYPE",
              "name": "Kernel Type",
              "type": "Choice"
            },
            {
              "constraints": "Minimum: 1\nDefault: 2",
              "description": "The kernel radius in cells.",
              "identifier": "KERNEL_RADIUS",
              "name": "Kernel Radius",
              "type": "Integer"
            }
          ]
        }
      ],
      "tool_description": "Rank filter for grids. Set rank to fifty percent to apply a median filter.",
      "tool_id": "9",
      "tool_name": "Rank Filter"
    },
    {
      "author": "O.Conrad (c) 2012",
      "parameters": [
        {
          "inputs": [
            {
              "constraints": "",
              "description": "",
              "identifier": "INPUT",
              "name": "Grid",
              "optional": "false",
              "type": "Grid (input)"
            }
          ]
        },
        {
          "outputs": [
            {
              "constraints": "",
              "description": "",
              "identifier": "OUTPUT",
              "name": "Denoised Grid",
              "optional": "false",
              "type": "Grid (output)"
            }
          ]
        },
        {
          "optionals": [
            {
              "constraints": "",
              "description": "",
              "identifier": "PARAMETERS_GRID_SYSTEM",
              "name": "Grid system",
              "type": "Grid system"
            },
            {
              "constraints": "Minimum: 0.000000\nMaximum: 1.000000\nDefault: 0.900000",
              "description": "",
              "identifier": "SIGMA",
              "name": "Threshold",
              "type": "Floating point"
            },
            {
              "constraints": "Minimum: 1\nDefault: 5",
              "description": "",
              "identifier": "ITER",
              "name": "Number of Iterations for Normal Updating",
              "type": "Integer"
            },
            {
              "constraints": "Minimum: 1\nDefault: 50",
              "description": "",
              "identifier": "VITER",
              "name": "Number of Iterations for Vertex Updating",
              "type": "Integer"
            },
            {
              "constraints": "Available Choices:\n[0] Common Vertex\n[1] Common Edge\nDefault: 0",
              "description": "",
              "identifier": "NB_CV",
              "name": "Common Edge Type of Face Neighbourhood",
              "type": "Choice"
            },
            {
              "constraints": "Default: 0",
              "description": "",
              "identifier": "ZONLY",
              "name": "Only Z-Direction Position is Updated",
              "type": "Boolean"
            }
          ]
        }
      ],
      "tool_description": "Mesh denoising for grids, using the algorithm of Sun et al. (2007).\nReferences:\nCardiff University: Filtering and Processing of Irregular Meshes with Uncertainties. <a target=\"_blank\" href=\"http://www.cs.cf.ac.uk/meshfiltering/\">online</a>.\nStevenson, J.A., Sun, X., Mitchell, N.C. (2010): Despeckling SRTM and other topographic data with a denoising algorithm, Geomorphology, Vol.114, No.3, pp.238-252.\nSun, X., Rosin, P.L., Martin, R.R., Langbein, F.C. (2007): Fast and effective feature-preserving mesh denoising. IEEE Transactions on Visualization and Computer Graphics, Vol.13, No.5, pp.925-938.\n",
      "tool_id": "10",
      "tool_name": "Mesh Denoise"
    },
    {
      "author": "O.Conrad (c) 2012",
      "parameters": [
        {
          "inputs": [
            {
              "constraints": "",
              "description": "",
              "identifier": "GRID",
              "name": "Grid",
              "optional": "false",
              "type": "Grid (input)"
            }
          ]
        },
        {
          "outputs": [
            {
              "constraints": "",
              "description": "",
              "identifier": "LOPASS",
              "name": "Low Pass Filter",
              "optional": "false",
              "type": "Grid (output)"
            },
            {
              "constraints": "",
              "description": "",
              "identifier": "HIPASS",
              "name": "High Pass Filter",
              "optional": "false",
              "type": "Grid (output)"
            }
          ]
        },
        {
          "optionals": [
            {
              "constraints": "",
              "description": "",
              "identifier": "PARAMETERS_GRID_SYSTEM",
              "name": "Grid system",
              "type": "Grid system"
            },
            {
              "constraints": "Minimum: 1.000000\nDefault: 10.000000",
              "description": "",
              "identifier": "SCALE",
              "name": "Scale Factor",
              "type": "Floating point"
            }
          ]
        }
      ],
      "tool_description": "Resampling filter for grids. Resamples in a first step the given grid to desired resampling cell size, expressed as multiple of the original cell size (scale factor). This is an up-scaling through which cell values are aggregated as cell area weighted means. Second step is the down-scaling to original cell size using spline interpolation. Specially for larger search distances this is a comparably fast alternative for simple low and high pass filter operations. ",
      "tool_id": "11",
      "tool_name": "Resampling Filter"
    },
    {
      "author": "HfT Stuttgart (c) 2013",
      "parameters": [
        {
          "inputs": [
            {
              "constraints": "",
              "description": "Input for the morphological reconstruction",
              "identifier": "INPUT_GRID",
              "name": "Input Grid",
              "optional": "false",
              "type": "Grid (input)"
            }
          ]
        },
        {
          "outputs": [
            {
              "constraints": "",
              "description": "Binary object mask",
              "identifier": "OBJECT_GRID",
              "name": "Object Grid",
              "optional": "false",
              "type": "Grid (output)"
            },
            {
              "constraints": "",
              "description": "Difference Input - Reconstruction",
              "identifier": "DIFFERENCE_GRID",
              "name": "Difference Input - Reconstruction",
              "optional": "false",
              "type": "Grid (output)"
            }
          ]
        },
        {
          "optionals": [
            {
              "constraints": "",
              "description": "",
              "identifier": "PARAMETERS_GRID_SYSTEM",
              "name": "Grid system",
              "type": "Grid system"
            },
            {
              "constraints": "Default: 5.000000",
              "description": "Shift value",
              "identifier": "SHIFT_VALUE",
              "name": "Shift value",
              "type": "Floating point"
            },
            {
              "constraints": "Default: 1",
              "description": "Preserve 1px border Yes/No",
              "identifier": "BORDER_YES_NO",
              "name": "Preserve 1px border Yes/No",
              "type": "Boolean"
            },
            {
              "constraints": "Default: 1",
              "description": "Create a binary mask Yes/No",
              "identifier": "BIN_YES_NO",
              "name": "Create a binary mask Yes/No",
              "type": "Boolean"
            },
            {
              "constraints": "Default: 1.000000",
              "description": "Threshold",
              "identifier": "THRESHOLD",
              "name": "Threshold",
              "type": "Floating point"
            }
          ]
        }
      ],
      "tool_description": "Geodesic morphological reconstruction according to \nL. Vincent (1993): Morphological Grayscale Reconstruction in Image Analysis: Applications and Efficient Algorithms. IEEE Transactions on Image Processing, Vol. 2, No 2\nHere we use the algorithm on p. 194: Computing of Regional Maxima and Breadth-first Scanning.\n\nA marker is derived from the input image INPUT_GRID by subtracting a constant SHIFT_VALUE. Optionally the SHIFT_VALUE can be set to zero at the border of the grid (\"Preserve 1px border Yes/No\"). OUTPUT_GRID is the difference between the input image and the morphological reconstruction of the marker under the input image as mask. If the Option \"Create a binary mask\" is selected, the OUTPUT_GRID is thresholded with THRESHOLD, creating a binary image of maxima regions.\n",
      "tool_id": "12",
      "tool_name": "Geodesic Morphological Reconstruction"
    },
    {
      "author": "HfT Stuttgart (c) 2013",
      "parameters": [
        {
          "inputs": [
            {
              "constraints": "",
              "description": "Grid to be filtered",
              "identifier": "INPUT_GRID",
              "name": "Input Grid",
              "optional": "false",
              "type": "Grid (input)"
            }
          ]
        },
        {
          "outputs": [
            {
              "constraints": "",
              "description": "Reconstruction result",
              "identifier": "OUTPUT_GRID",
              "name": "Output Grid",
              "optional": "false",
              "type": "Grid (output)"
            }
          ]
        },
        {
          "optionals": [
            {
              "constraints": "",
              "description": "",
              "identifier": "PARAMETERS_GRID_SYSTEM",
              "name": "Grid system",
              "type": "Grid system"
            },
            {
              "constraints": "Default: 3",
              "description": "Filter size (radius in grid cells)",
              "identifier": "RADIUS",
              "name": "Filter Size (Radius)",
              "type": "Integer"
            }
          ]
        }
      ],
      "tool_description": "Common binary Opening does not guarantee, that foreground regions which outlast the erosion step are reconstructed to their original shape in the dilation step. Depending on the application, that might be considered as a deficiency. Therefore this tool provides a combination of erosion with the binary Geodesic Morphological Reconstruction, see \nL. Vincent (1993): Morphological Grayscale Reconstruction in Image Analysis: Applications and Efficient Algorithms. IEEE Transactions on Image Processing, Vol. 2, No 2\nHere we use the algorithm on p. 194: Breadth-first Scanning.\n\nThe marker is defined as the eroded INPUT_GRID, whereas the mask is just the INPUT_GRID itself. OUTPUT_GRID is the reconstruction of the marker under the mask.\n",
      "tool_id": "13",
      "tool_name": "Binary Erosion-Reconstruction"
    },
    {
      "author": "HfT Stuttgart (c) 2013",
      "parameters": [
        {
          "inputs": [
            {
              "constraints": "",
              "description": "Binary input image for the connectivity analysis",
              "identifier": "INPUT_GRID",
              "name": "Input Binary Grid",
              "optional": "false",
              "type": "Grid (input)"
            }
          ]
        },
        {
          "outputs": [
            {
              "constraints": "",
              "description": "Morphologically filtered binary mask",
              "identifier": "FILTERED_MASK",
              "name": "Filtered Image",
              "optional": "true",
              "type": "Grid (optional output)"
            },
            {
              "constraints": "",
              "description": "The final symbolic image",
              "identifier": "SYMBOLIC_IMAGE",
              "name": "Symbolic Image",
              "optional": "false",
              "type": "Grid (output)"
            },
            {
              "constraints": "",
              "description": "Polygon outlines of object regions",
              "identifier": "OUTLINES",
              "name": "Outlines",
              "optional": "false",
              "type": "Shapes (output)"
            }
          ]
        },
        {
          "optionals": [
            {
              "constraints": "",
              "description": "",
              "identifier": "PARAMETERS_GRID_SYSTEM",
              "name": "Grid system",
              "type": "Grid system"
            },
            {
              "constraints": "Default: 1",
              "description": "Apply a filter (erosion - binary reconstruction) to the input image ",
              "identifier": "FILTER",
              "name": "Apply Filter?",
              "type": "Boolean"
            },
            {
              "constraints": "Default: 3",
              "description": "Filter size (radius in grid cells)",
              "identifier": "SIZE",
              "name": "Filter Size (Radius)",
              "type": "Integer"
            },
            {
              "constraints": "Default: 0",
              "description": "Should the output shapes contain the centers of the border pixels instead of the corners?",
              "identifier": "BORDER_PIXEL_CENTERS",
              "name": "Pixel Centers?",
              "type": "Boolean"
            },
            {
              "constraints": "Default: 0",
              "description": "Remove regions which have contact with (are adjacent to) the image borders?",
              "identifier": "REMOVE_MARGINAL_REGIONS",
              "name": "Remove Border Regions?",
              "type": "Boolean"
            }
          ]
        }
      ],
      "tool_description": "Connectivity analysis of a binary input image according to \nBurger, W., Burge, M.: Digitale Bildverarbeitung. Springer Verlag 2006, p.208.\nOutput consists in a symbolic image of the connected foreground regions and a shape of the borders of the foreground regions (outer and inner borders). The shape may contain alternatively the centers or the corners of the border pixels. Optionally, the regions which have contact with the image borders can be removed together with their border shapes. \nIn addition, an optional morphological filter (erosion-binary reconstruction) can be applied to the input image first. \n\n",
      "tool_id": "14",
      "tool_name": "Connectivity Analysis"
    },
    {
      "author": "O.Conrad (c) 2014",
      "parameters": [
        {
          "inputs": [
            {
              "constraints": "",
              "description": "",
              "identifier": "INPUT",
              "name": "Classes",
              "optional": "false",
              "type": "Grid (input)"
            }
          ]
        },
        {
          "outputs": [
            {
              "constraints": "",
              "description": "",
              "identifier": "OUTPUT",
              "name": "Sieved Classes",
              "optional": "true",
              "type": "Grid (optional output)"
            }
          ]
        },
        {
          "optionals": [
            {
              "constraints": "",
              "description": "",
              "identifier": "PARAMETERS_GRID_SYSTEM",
              "name": "Grid system",
              "type": "Grid system"
            },
            {
              "constraints": "Available Choices:\n[0] Neumann\n[1] Moore\nDefault: 0",
              "description": "Neumann: the four horizontally and vertically neighboured cells; Moore: all eight adjacent cells",
              "identifier": "MODE",
              "name": "Neighbourhood",
              "type": "Choice"
            },
            {
              "constraints": "Minimum: 2\nDefault: 4",
              "description": "Minimum number of cells in a group of adjacent cells.",
              "identifier": "THRESHOLD",
              "name": "Minimum Threshold",
              "type": "Integer"
            },
            {
              "constraints": "Available Choices:\n[0] single class\n[1] all classes\nDefault: 1",
              "description": "",
              "identifier": "ALL",
              "name": "Class Selection",
              "type": "Choice"
            },
            {
              "constraints": "Default: 1.000000",
              "description": "",
              "identifier": "CLASS",
              "name": "Class Identifier",
              "type": "Floating point"
            }
          ]
        }
      ],
      "tool_description": "The 'Sieve Classes' tool counts the number of adjacent cells sharing the same value (the class identifier). Areas that are formed by less cells than specified by the treshold will be removed (sieved), i.e. they are set to no-data. ",
      "tool_id": "15",
      "tool_name": "Sieve Classes"
    },
    {
      "author": "O.Conrad (c) 2015",
      "parameters": [
        {
          "inputs": [
            {
              "constraints": "",
              "description": "",
              "identifier": "FEATURE",
              "name": "Feature",
              "optional": "false",
              "type": "Grid (input)"
            }
          ]
        },
        {
          "outputs": [
            {
              "constraints": "",
              "description": "",
              "identifier": "EDGE_POINTS",
              "name": "Edge Points",
              "optional": "true",
              "type": "Shapes (optional output)"
            },
            {
              "constraints": "",
              "description": "",
              "identifier": "EDGE_LINES",
              "name": "Edge Segments",
              "optional": "true",
              "type": "Shapes (optional output)"
            },
            {
              "constraints": "",
              "description": "",
              "identifier": "GRADIENTS",
              "name": "Gradients",
              "optional": "true",
              "type": "Grid list (optional output)"
            }
          ]
        },
        {
          "optionals": [
            {
              "constraints": "",
              "description": "",
              "identifier": "PARAMETERS_GRID_SYSTEM",
              "name": "Grid system",
              "type": "Grid system"
            },
            {
              "constraints": "Minimum: 0.000000\nMaximum: 100.000000\nDefault: 90.000000",
              "description": "Minimum magnitude as percentile.",
              "identifier": "TMAGNITUDE",
              "name": "Minimum Magnitude",
              "type": "Floating point"
            },
            {
              "constraints": "Minimum: 0.000000\nMaximum: 180.000000\nDefault: 30.000000",
              "description": "Maximum angular difference as degree between adjacent segment points.",
              "identifier": "TDIRECTION",
              "name": "Maximum Angle",
              "type": "Floating point"
            },
            {
              "constraints": "Minimum: 0\nDefault: 1",
              "description": "Minimum number of neighbouring potential edge cells with similar direction.",
              "identifier": "TNEIGHBOUR",
              "name": "Minimum Neighbours",
              "type": "Integer"
            },
            {
              "constraints": "Available Choices:\n[0] between cells\n[1] on cell\nDefault: 1",
              "description": "",
              "identifier": "ALIGNMENT",
              "name": "Alignment",
              "type": "Choice"
            },
            {
              "constraints": "Available Choices:\n[0] Rooke's case\n[1] Queen's case\nDefault: 1",
              "description": "",
              "identifier": "NEIGHBOUR",
              "name": "Edge Connectivity",
              "type": "Choice"
            },
            {
              "constraints": "Default: 0",
              "description": "",
              "identifier": "GRADIENTS_OUT",
              "name": "Output of Gradients",
              "type": "Boolean"
            }
          ]
        }
      ],
      "tool_description": "Continuous Wombling for edge detection. Uses magnitude of gradient to detect edges between adjacent cells. Edge segments connect such edges, when the difference of their gradient directions is below given threshold.",
      "tool_id": "16",
      "tool_name": "Wombling (Edge Detection)"
    },
    {
      "author": "O.Conrad (c) 2015",
      "parameters": [
        {
          "inputs": [
            {
              "constraints": "",
              "description": "",
              "identifier": "FEATURES",
              "name": "Features",
              "optional": "false",
              "type": "Grid list (input)"
            }
          ]
        },
        {
          "outputs": [
            {
              "constraints": "",
              "description": "",
              "identifier": "EDGE_CELLS",
              "name": "Edges",
              "optional": "false",
              "type": "Grid list (output)"
            },
            {
              "constraints": "",
              "description": "",
              "identifier": "OUTPUT",
              "name": "Output",
              "optional": "true",
              "type": "Grid list (optional output)"
            }
          ]
        },
        {
          "optionals": [
            {
              "constraints": "",
              "description": "",
              "identifier": "PARAMETERS_GRID_SYSTEM",
              "name": "Grid system",
              "type": "Grid system"
            },
            {
              "constraints": "Minimum: 0.000000\nMaximum: 100.000000\nDefault: 90.000000",
              "description": "Minimum magnitude as percentile.",
              "identifier": "TMAGNITUDE",
              "name": "Minimum Magnitude",
              "type": "Floating point"
            },
            {
              "constraints": "Minimum: 0.000000\nMaximum: 180.000000\nDefault: 30.000000",
              "description": "Maximum angular difference as degree between adjacent segment points.",
              "identifier": "TDIRECTION",
              "name": "Maximum Angle",
              "type": "Floating point"
            },
            {
              "constraints": "Minimum: 0\nDefault: 1",
              "description": "Minimum number of neighbouring potential edge cells with similar direction.",
              "identifier": "TNEIGHBOUR",
              "name": "Minimum Neighbours",
              "type": "Integer"
            },
            {
              "constraints": "Available Choices:\n[0] between cells\n[1] on cell\nDefault: 1",
              "description": "",
              "identifier": "ALIGNMENT",
              "name": "Alignment",
              "type": "Choice"
            },
            {
              "constraints": "Available Choices:\n[0] Rooke's case\n[1] Queen's case\nDefault: 1",
              "description": "",
              "identifier": "NEIGHBOUR",
              "name": "Edge Connectivity",
              "type": "Choice"
            },
            {
              "constraints": "Available Choices:\n[0] none\n[1] gradients\n[2] edge cells\nDefault: 0",
              "description": "",
              "identifier": "OUTPUT_ADD",
              "name": "Additional Output",
              "type": "Choice"
            },
            {
              "constraints": "Default: 1",
              "description": "",
              "identifier": "ZERO_AS_NODATA",
              "name": "Zero as No-Data",
              "type": "Boolean"
            }
          ]
        }
      ],
      "tool_description": "Continuous Wombling for edge detection. Uses magnitude of gradient to detect edges between adjacent cells. Edge segments connect such edges, when the difference of their gradient directions is below given threshold.",
      "tool_id": "17",
      "tool_name": "Wombling for Multiple Features (Edge Detection)"
    },
    {
      "author": "Johan Van de Wauw, 2015",
      "parameters": [
        {
          "inputs": [
            {
              "constraints": "",
              "description": "",
              "identifier": "INPUT",
              "name": "Grid",
              "optional": "false",
              "type": "Grid (input)"
            },
            {
              "constraints": "",
              "description": "pPolygons: the simple filter will only operate on grid cells which fall in the same shape",
              "identifier": "SHAPES",
              "name": "pPolygons",
              "optional": "false",
              "type": "Shapes (input)"
            }
          ]
        },
        {
          "outputs": [
            {
              "constraints": "",
              "description": "",
              "identifier": "RESULT",
              "name": "Filtered Grid",
              "optional": "true",
              "type": "Grid (optional output)"
            }
          ]
        },
        {
          "optionals": [
            {
              "constraints": "",
              "description": "",
              "identifier": "PARAMETERS_GRID_SYSTEM",
              "name": "Grid system",
              "type": "Grid system"
            },
            {
              "constraints": "Available Choices:\n[0] Smooth\n[1] Sharpen\n[2] Edge\nDefault: 0",
              "description": "Choose the shape of the filter kernel.",
              "identifier": "METHOD",
              "name": "Filter",
              "type": "Choice"
            },
            {
              "constraints": "Available Choices:\n[0] Square\n[1] Circle\nDefault: 1",
              "description": "The shape of the filter kernel.",
              "identifier": "KERNEL_TYPE",
              "name": "Kernel Type",
              "type": "Choice"
            },
            {
              "constraints": "Minimum: 1\nDefault: 2",
              "description": "The kernel radius in cells.",
              "identifier": "KERNEL_RADIUS",
              "name": "Kernel Radius",
              "type": "Integer"
            }
          ]
        }
      ],
      "tool_description": "Simple standard filters for grids, evaluation within polygons.",
      "tool_id": "18",
      "tool_name": "Simple Filter (Restricted to Polygons)"
    }
  ]
}

