{"Version":"1.0","author":"SAGA User Group Assoc. (c) 2009","library_description":"Image segmentation algorithms.","library_name":"imagery_segmentation","tools":[{"author":"O.Conrad (c) 2002","parameters":[{"inputs":[{"constraints":"","description":"","identifier":"GRID","name":"Grid","optional":"false","type":"Grid (input)"}]},{"outputs":[{"constraints":"","description":"","identifier":"SEGMENTS","name":"Segments","optional":"false","type":"Grid (output)"},{"constraints":"","description":"","identifier":"SEEDS","name":"Seed Points","optional":"false","type":"Shapes (output)"},{"constraints":"","description":"","identifier":"BORDERS","name":"Borders","optional":"true","type":"Data Object Grid (optional output)"}]},{"optionals":[{"constraints":"","description":"","identifier":"PARAMETERS_GRID_SYSTEM","name":"Grid system","type":"Grid system"},{"constraints":"Available Choices:\n[0] Seed Value\n[1] Segment ID\nDefault: 1","description":"The values of the resultant grid can be either the seed value (e.g. the local maximum) or the enumerated segment id.","identifier":"OUTPUT","name":"Output","type":"Choice"},{"constraints":"Available Choices:\n[0] Minima\n[1] Maxima\nDefault: 1","description":"Choose if you want to segmentate either on minima or on maxima.","identifier":"DOWN","name":"Method","type":"Choice"},{"constraints":"Available Choices:\n[0] do not join\n[1] seed to saddle difference\n[2] seeds difference\nDefault: 0","description":"Join segments based on threshold value.","identifier":"JOIN","name":"Join Segments based on Threshold Value","type":"Choice"},{"constraints":"Minimum: 0.000000\nDefault: 0.000000","description":"Specify a threshold value as minimum difference between neighboured segments.","identifier":"THRESHOLD","name":"Threshold","type":"Floating point"},{"constraints":"Default: 1","description":"","identifier":"EDGE","name":"Allow Edge Pixels to be Seeds","type":"Boolean"},{"constraints":"Default: 0","description":"Create borders between segments as new grid.","identifier":"BBORDERS","name":"Borders","type":"Boolean"}]}],"tool_description":"Watershed segmentation.","tool_id":"0","tool_name":"Watershed Segmentation","tool_path":"http://geomodeling.njnu.edu.cn/OpenGMS/page/model-item-info/model-item-info.html?YWU0NWQwYTgtNWQwOC00NDc5LTk0MTItMDc1ZjJkY2U4NjYzMDg=","oid":"5b90e7bbd15d75093cb58789","stateId":"858DFDDB-5E3E-4878-BA95-4B42D04A9F97","mdlId":"6D963335-018F-41b7-9874-FBB019CBF24B"},{"author":"O.Conrad (c) 2002","parameters":[{"inputs":[{"constraints":"","description":"","identifier":"INPUT","name":"Grid","optional":"false","type":"Grid (input)"}]},{"outputs":[{"constraints":"","description":"","identifier":"RESULT","name":"Skeleton","optional":"false","type":"Grid (output)"},{"constraints":"","description":"","identifier":"VECTOR","name":"Skeleton","optional":"true","type":"Shapes (optional output)"}]},{"optionals":[{"constraints":"","description":"","identifier":"PARAMETERS_GRID_SYSTEM","name":"Grid system","type":"Grid system"},{"constraints":"Available Choices:\n[0] Standard\n[1] Hilditch's Algorithm\n[2] Channel Skeleton\nDefault: 0","description":"","identifier":"METHOD","name":"Method","type":"Choice"},{"constraints":"Available Choices:\n[0] Less than\n[1] Greater than\nDefault: 1","description":"","identifier":"INIT_METHOD","name":"Initialisation","type":"Choice"},{"constraints":"Default: 0.000000","description":"","identifier":"INIT_THRESHOLD","name":"Threshold (Init.)","type":"Floating point"},{"constraints":"Default: 3","description":"","identifier":"CONVERGENCE","name":"Convergence","type":"Integer"}]}],"tool_description":"Simple skeletonisation methods for grids.\n","tool_id":"1","tool_name":"Grid Skeletonization","tool_path":"http://geomodeling.njnu.edu.cn/OpenGMS/page/model-item-info/model-item-info.html?YmQ3NjVhYjktZGVkMS00YTFjLWIyMjAtZTM3Yzc0NDg5YTZjYTg=","oid":"5b90e7bbd15d75093cb5878a","stateId":"493C53A8-C80B-47dd-88EA-FAA5F4624B7D","mdlId":"DEF0129A-4EE0-451f-A585-DDBA73F8DCB6"},{"author":"O.Conrad (c) 2010","parameters":[{"inputs":[{"constraints":"","description":"","identifier":"FEATURES","name":"Features","optional":"false","type":"Grid list (input)"}]},{"outputs":[{"constraints":"","description":"","identifier":"VARIANCE","name":"Variance","optional":"false","type":"Grid (output)"},{"constraints":"","description":"","identifier":"SEED_GRID","name":"Seeds Grid","optional":"true","type":"Grid (optional output)"},{"constraints":"","description":"","identifier":"SEED_POINTS","name":"Seed Points","optional":"true","type":"Shapes (optional output)"}]},{"optionals":[{"constraints":"","description":"","identifier":"PARAMETERS_GRID_SYSTEM","name":"Grid system","type":"Grid system"},{"constraints":"Available Choices:\n[0] minima of variance\n[1] maxima of variance\nDefault: 0","description":"","identifier":"SEED_TYPE","name":"Seed Type","type":"Choice"},{"constraints":"Available Choices:\n[0] band width smoothing\n[1] band width search\nDefault: 0","description":"","identifier":"METHOD","name":"Method","type":"Choice"},{"constraints":"Minimum: 1.000000\nDefault: 10.000000","description":"","identifier":"BAND_WIDTH","name":"Bandwidth (Cells)","type":"Floating point"},{"constraints":"Default: 0","description":"","identifier":"NORMALIZE","name":"Normalize Features","type":"Boolean"},{"constraints":"Available Choices:\n[0] no distance weighting\n[1] inverse distance to a power\n[2] exponential\n[3] gaussian weighting\nDefault: 3","description":"","identifier":"DW_WEIGHTING","name":"Weighting Function","type":"Choice"},{"constraints":"Minimum: 0.000000\nDefault: 1.000000","description":"","identifier":"DW_IDW_POWER","name":"Inverse Distance Weighting Power","type":"Floating point"},{"constraints":"Default: 1","description":"Calculates weights for distance plus one, avoiding division by zero for zero distances","identifier":"DW_IDW_OFFSET","name":"Inverse Distance Offset","type":"Boolean"},{"constraints":"Minimum: 0.000000\nDefault: 5.000000","description":"","identifier":"DW_BANDWIDTH","name":"Gaussian and Exponential Weighting Bandwidth","type":"Floating point"}]}],"tool_description":"","tool_id":"2","tool_name":"Seed Generation","tool_path":"http://geomodeling.njnu.edu.cn/OpenGMS/page/model-item-info/model-item-info.html?M2YyODUxN2UtOTliNS00ZjY4LTliYTYtZjYzMTg4YWExZWU0YWQ=","oid":"5b90e7bbd15d75093cb5878b","stateId":"8CEF313C-4BB3-40ff-BFD2-18E05A4955BB","mdlId":"4912628A-84BD-4914-98FC-FF8F3899B446"},{"author":"B. Bechtel, O. Conrad (c) 2008","parameters":[{"inputs":[{"constraints":"","description":"","identifier":"SEEDS","name":"Seeds","optional":"false","type":"Grid (input)"},{"constraints":"","description":"","identifier":"FEATURES","name":"Features","optional":"false","type":"Grid list (input)"}]},{"outputs":[{"constraints":"","description":"","identifier":"SEGMENTS","name":"Segments","optional":"false","type":"Grid (output)"},{"constraints":"","description":"","identifier":"SIMILARITY","name":"Similarity","optional":"false","type":"Grid (output)"},{"constraints":"","description":"","identifier":"TABLE","name":"Seeds","optional":"false","type":"Table (output)"}]},{"optionals":[{"constraints":"","description":"","identifier":"PARAMETERS_GRID_SYSTEM","name":"Grid system","type":"Grid system"},{"constraints":"Default: 0","description":"","identifier":"NORMALIZE","name":"Normalize","type":"Boolean"},{"constraints":"Available Choices:\n[0] 4 (von Neumann)\n[1] 8 (Moore)\nDefault: 0","description":"","identifier":"NEIGHBOUR","name":"Neighbourhood","type":"Choice"},{"constraints":"Available Choices:\n[0] feature space and position\n[1] feature space\nDefault: 0","description":"","identifier":"METHOD","name":"Method","type":"Choice"},{"constraints":"Minimum: 0.000000\nDefault: 1.000000","description":"","identifier":"SIG_1","name":"Variance in Feature Space","type":"Floating point"},{"constraints":"Minimum: 0.000000\nDefault: 1.000000","description":"","identifier":"SIG_2","name":"Variance in Position Space","type":"Floating point"},{"constraints":"Minimum: 0.000000\nDefault: 0.000000","description":"","identifier":"THRESHOLD","name":"Similarity Threshold","type":"Floating point"},{"constraints":"Default: 0","description":"","identifier":"REFRESH","name":"Refresh","type":"Boolean"},{"constraints":"Minimum: 2\nDefault: 256","description":"","identifier":"LEAFSIZE","name":"Leaf Size (for Speed Optimisation)","type":"Integer"}]}],"tool_description":"\nReferences:\nAdams, R. & Bischof, L. (1994): Seeded Region Growing. IEEE Transactions on Pattern Analysis and Machine Intelligence, Vol.16, No.6, p.641-647.\n\nBechtel, B., Ringeler, A. & Boehner, J. (2008): Segmentation for Object Extraction of Trees using MATLAB and SAGA. In: Boehner, J., Blaschke, T., Montanarella, L. [Eds.]: SAGA - Seconds Out. Hamburger Beitraege zur Physischen Geographie und Landschaftsoekologie, 19:59-70. <a href=\"http://downloads.sourceforge.net/saga-gis/hbpl19_01.pdf\">download</a>\n\n","tool_id":"3","tool_name":"Seeded Region Growing","tool_path":"http://geomodeling.njnu.edu.cn/OpenGMS/page/model-item-info/model-item-info.html?NmY3MDdiMTUtMmM0MS00ODE0LTgyN2UtZDE1NGY4YjU0Zjc2Mzc=","oid":"5b90e7bbd15d75093cb5878c","stateId":"F185F3C1-2861-4cd1-A8C5-206E7FC32CC5","mdlId":"B7B4F254-5568-4266-90A6-19DA58446A1D"}]}