{"Version":"1.0","author":"SAGA User Group Association","library_description":"Image processing and analysis tools.","library_name":"imagery_tools","tools":[{"author":"V.Olaya (c) 2004, O.Conrad (c) 2011","parameters":[{"inputs":[{"constraints":"","description":"","identifier":"RED","name":"Red Reflectance","optional":"false","type":"Grid (input)"},{"constraints":"","description":"","identifier":"NIR","name":"Near Infrared Reflectance","optional":"false","type":"Grid (input)"}]},{"outputs":[{"constraints":"","description":"","identifier":"PVI0","name":"Perpendicular Vegetation Index (Richardson and Wiegand, 1977)","optional":"true","type":"Grid (optional output)"},{"constraints":"","description":"","identifier":"PVI1","name":"Perpendicular Vegetation Index (Perry and Lautenschlager, 1984)","optional":"true","type":"Grid (optional output)"},{"constraints":"","description":"","identifier":"PVI2","name":"Perpendicular Vegetation Index (Walther and Shabaani)","optional":"true","type":"Grid (optional output)"},{"constraints":"","description":"","identifier":"PVI3","name":"Perpendicular Vegetation Index (Qi, et al., 1994)","optional":"true","type":"Grid (optional output)"},{"constraints":"","description":"","identifier":"TSAVI","name":"Transformed Soil Adjusted Vegetation Index (Baret et al. 1989)","optional":"true","type":"Grid (optional output)"},{"constraints":"","description":"","identifier":"ATSAVI","name":"Transformed Soil Adjusted Vegetation Index (Baret and Guyot, 1991)","optional":"true","type":"Grid (optional output)"}]},{"optionals":[{"constraints":"","description":"","identifier":"PARAMETERS_GRID_SYSTEM","name":"Grid system","type":"Grid system"},{"constraints":"Default: 0.000000","description":"","identifier":"INTERCEPT","name":"Intercept of Soil Line","type":"Floating point"},{"constraints":"Default: 0.500000","description":"","identifier":"SLOPE","name":"Slope of Soil Line","type":"Floating point"}]}],"tool_description":"Distance based vegetation indices.\n\nReferences:\nK.R. McCloy (2006): Resource Management Information Systems: Remote Sensing, GIS and Modelling. 2nd Edition, CRC Taylor & Francis, 575pp.\n\nN.G. Silleos, T.K. Alexandridis, I.Z. Gitas & K. Perakis (2006): Vegetation Indices: Advances Made in Biomass Estimation and Vegetation Monitoring in the Last 30 Years, Geocarto International, 21:4, 21-28, <a target=\"_blank\" href=\"http://dx.doi.org/10.1080/10106040608542399\">online</a>.\n","tool_id":"0","tool_name":"Vegetation Index (Distance Based)","tool_path":"http://geomodeling.njnu.edu.cn/OpenGMS/page/model-item-info/model-item-info.html?ZGEzZjdjYmEtNDA5My00MmM5LThlZmItODhmZjc1ZGRiYzA0NjU=","oid":"5b90e7bbd15d75093cb5878e","stateId":"EE7C06D2-E51B-4fcc-9F39-01789335606E","mdlId":"6AD05D85-E20F-4e72-AFAC-BE0AA6968B14"},{"author":"V.Olaya (c) 2004, O.Conrad (c) 2011","parameters":[{"inputs":[{"constraints":"","description":"","identifier":"RED","name":"Red Reflectance","optional":"false","type":"Grid (input)"},{"constraints":"","description":"","identifier":"NIR","name":"Near Infrared Reflectance","optional":"false","type":"Grid (input)"}]},{"outputs":[{"constraints":"","description":"","identifier":"DVI","name":"Difference Vegetation Index","optional":"true","type":"Grid (optional output)"},{"constraints":"","description":"","identifier":"NDVI","name":"Normalized Difference Vegetation Index","optional":"true","type":"Grid (optional output)"},{"constraints":"","description":"","identifier":"RVI","name":"Ratio Vegetation Index","optional":"true","type":"Grid (optional output)"},{"constraints":"","description":"","identifier":"NRVI","name":"Normalized Ratio Vegetation Index","optional":"true","type":"Grid (optional output)"},{"constraints":"","description":"","identifier":"TVI","name":"Transformed Vegetation Index","optional":"true","type":"Grid (optional output)"},{"constraints":"","description":"","identifier":"CTVI","name":"Corrected Transformed Vegetation Index","optional":"true","type":"Grid (optional output)"},{"constraints":"","description":"","identifier":"TTVI","name":"Thiam's Transformed Vegetation Index","optional":"true","type":"Grid (optional output)"},{"constraints":"","description":"","identifier":"SAVI","name":"Soil Adjusted Vegetation Index","optional":"true","type":"Grid (optional output)"}]},{"optionals":[{"constraints":"","description":"","identifier":"PARAMETERS_GRID_SYSTEM","name":"Grid system","type":"Grid system"},{"constraints":"Minimum: 0.000000\nMaximum: 1.000000\nDefault: 0.500000","description":"Soil adjustment factor for SAVI calculation. Suggested values are 1.0 in case of very low vegetation, 0.5 for intermediate 0.5, and 0.25 for high densities (Silleos et al. 2006).","identifier":"SOIL","name":"Soil Adjustment Factor","type":"Floating point"}]}],"tool_description":"Slope based vegetation indices.\n\n<ul><li>Difference Vegetation Index\n    DVI = NIR - R</li>\n<li>Normalized Difference Vegetation Index (Rouse et al. 1974)\n    NDVI = (NIR - R) / (NIR + R)</li>\n<li>Ratio Vegetation Index (Richardson and Wiegand, 1977)\n    RVI = R / NIR</li>\n<li>Normalized Ratio Vegetation Index (Baret and Guyot, 1991)\n    NRVI = (RVI - 1) / (RVI + 1)</li>\n<li>Transformed Vegetation Index (Deering et al., 1975)\n    TVI = [(NIR - R) / (NIR + R) + 0.5]^0.5</li>\n<li>Corrected Transformed Ratio Vegetation Index (Perry and Lautenschlager, 1984)\n    CTVI = [(NDVI + 0.5) / abs(NDVI + 0.5)] * [abs(NDVI + 0.5)]^0.5</li>\n<li>Thiam's Transformed Vegetation Index (Thiam, 1997)\n    RVI = [abs(NDVI) + 0.5]^0.5</li>\n<li>Soil Adjusted Vegetation Index (Huete, 1988)\n    SAVI = [(NIR - R) / (NIR + R)] * (1 + S)</li>\n</ul>(NIR = near infrared, R = red, S = soil adjustment factor)\n\n\n","tool_id":"1","tool_name":"Vegetation Index (Slope Based)","tool_path":"http://geomodeling.njnu.edu.cn/OpenGMS/page/model-item-info/model-item-info.html?NWQ5Nzg2NjMtZmZiOC00OGYyLWE2MmYtYjhhMDQ3NmViZTBhM2Q=","oid":"5b90e7bbd15d75093cb5878f","stateId":"D6BCBB8A-36BB-4365-AE37-7E7046C394CE","mdlId":"5E46FC0D-4CD9-48e3-B3D9-03F164E31358"},{"author":"O.Conrad (c) 2011","parameters":[{"inputs":[{"constraints":"","description":"","identifier":"BLUE","name":"Blue Reflectance","optional":"true","type":"Grid (optional input)"},{"constraints":"","description":"","identifier":"RED","name":"Red Reflectance","optional":"false","type":"Grid (input)"},{"constraints":"","description":"","identifier":"NIR","name":"Near Infrared Reflectance","optional":"false","type":"Grid (input)"}]},{"outputs":[{"constraints":"","description":"","identifier":"EVI","name":"Enhanced Vegetation Index","optional":"false","type":"Grid (output)"}]},{"optionals":[{"constraints":"","description":"","identifier":"PARAMETERS_GRID_SYSTEM","name":"Grid system","type":"Grid system"},{"constraints":"Minimum: 0.000000\nDefault: 2.500000","description":"","identifier":"GAIN","name":"Gain","type":"Floating point"},{"constraints":"Minimum: 0.000000\nDefault: 1.000000","description":"","identifier":"L","name":"Canopy Background Adjustment","type":"Floating point"},{"constraints":"Minimum: 0.000000\nDefault: 7.500000","description":"","identifier":"CBLUE","name":"Aerosol Resistance Coefficient (Blue)","type":"Floating point"},{"constraints":"Minimum: 0.000000\nDefault: 6.000000","description":"","identifier":"CRED","name":"Aerosol Resistance Coefficient (Red)","type":"Floating point"}]}],"tool_description":"Enhanced Vegetation Index (EVI).\n\nReferences:\nA Huete, K Didan, T Miura, E.P Rodriguez, X Gao, L.G Ferreira, Overview of the radiometric and biophysical performance of the MODIS vegetation indices, Remote Sensing of Environment, Volume 83, Issues 1-2, November 2002, Pages 195-213, ISSN 0034-4257, 10.1016/S0034-4257(02)00096-2. <a target=\"_blank\" href=\"http://www.sciencedirect.com/science/article/pii/S0034425702000962\">online</a>\n","tool_id":"2","tool_name":"Enhanced Vegetation Index","tool_path":"http://geomodeling.njnu.edu.cn/OpenGMS/page/model-item-info/model-item-info.html?MzFmZjE3YTAtZmMwOC00YjFlLWE3N2ItZTRhYjJmM2VhOTZjMDU=","oid":"5b90e7bbd15d75093cb58795","stateId":"A1D3B848-93F2-435f-8A2A-4A58BD083668","mdlId":"E90AAA3C-C57E-4fd5-85D0-DA1980850D71"},{"author":"O.Conrad (c) 2011","parameters":[{"inputs":[{"constraints":"","description":"","identifier":"BLUE","name":"Blue (TM 1)","optional":"false","type":"Grid (input)"},{"constraints":"","description":"","identifier":"GREEN","name":"Green (TM 2)","optional":"false","type":"Grid (input)"},{"constraints":"","description":"","identifier":"RED","name":"Red (TM 3)","optional":"false","type":"Grid (input)"},{"constraints":"","description":"","identifier":"NIR","name":"Near Infrared (TM 4)","optional":"false","type":"Grid (input)"},{"constraints":"","description":"","identifier":"MIR1","name":"Mid Infrared (TM 5)","optional":"false","type":"Grid (input)"},{"constraints":"","description":"","identifier":"MIR2","name":"Mid Infrared (TM 7)","optional":"false","type":"Grid (input)"}]},{"outputs":[{"constraints":"","description":"","identifier":"BRIGHTNESS","name":"Brightness","optional":"false","type":"Grid (output)"},{"constraints":"","description":"","identifier":"GREENNESS","name":"Greenness","optional":"false","type":"Grid (output)"},{"constraints":"","description":"","identifier":"WETNESS","name":"Wetness","optional":"false","type":"Grid (output)"}]},{"optionals":[{"constraints":"","description":"","identifier":"PARAMETERS_GRID_SYSTEM","name":"Grid system","type":"Grid system"}]}],"tool_description":"Tasseled Cap Transformation as proposed for Landsat Thematic Mapper.","tool_id":"3","tool_name":"Tasseled Cap Transformation","tool_path":"http://geomodeling.njnu.edu.cn/OpenGMS/page/model-item-info/model-item-info.html?NDZlMWVkZjMtYjdkOS00MTBiLTk5NmYtNjhkZmM4YjdiMmViMTM=","oid":"5b90e7bbd15d75093cb58796","stateId":"6D50EFC6-AC2C-4d41-87FD-BA1B96100F79","mdlId":"D1FCF7D4-D721-4533-B9D2-7536DA6E48AD"},{"author":"O.Conrad (c) 2011","parameters":[{"inputs":[{"constraints":"","description":"","identifier":"R","name":"Red","optional":"false","type":"Grid (input)"},{"constraints":"","description":"","identifier":"G","name":"Green","optional":"false","type":"Grid (input)"},{"constraints":"","description":"","identifier":"B","name":"Blue","optional":"false","type":"Grid (input)"},{"constraints":"","description":"","identifier":"PAN","name":"Panchromatic Channel","optional":"false","type":"Grid (input)"}]},{"outputs":[{"constraints":"","description":"","identifier":"R_SHARP","name":"Red","optional":"false","type":"Grid (output)"},{"constraints":"","description":"","identifier":"G_SHARP","name":"Green","optional":"false","type":"Grid (output)"},{"constraints":"","description":"","identifier":"B_SHARP","name":"Blue","optional":"false","type":"Grid (output)"},{"constraints":"","description":"","identifier":"SHARPEN","name":"Sharpened Channels","optional":"false","type":"Grid list (output)"}]},{"optionals":[{"constraints":"","description":"","identifier":"PARAMETERS_GRID_SYSTEM","name":"Grid system","type":"Grid system"},{"constraints":"","description":"","identifier":"PAN_SYSTEM","name":"High Resolution Grid System","type":"Grid system"},{"constraints":"Available Choices:\n[0] nearest neighbour\n[1] bilinear\n[2] cubic convolution\nDefault: 2","description":"","identifier":"RESAMPLING","name":"Resampling","type":"Choice"},{"constraints":"Available Choices:\n[0] normalized\n[1] standardized\nDefault: 0","description":"","identifier":"PAN_MATCH","name":"Panchromatic Channel Matching","type":"Choice"}]}],"tool_description":"Intensity, hue, saturation (IHS) sharpening.","tool_id":"4","tool_name":"IHS Sharpening","tool_path":"http://geomodeling.njnu.edu.cn/OpenGMS/page/model-item-info/model-item-info.html?MmI5YTI0MzctZDlmMi00OWQxLWJjZTktYWY2ZTRhZGI4MDI3YmI=","oid":"5b90e7bbd15d75093cb58797","stateId":"329A1BAF-12A7-4e76-8CFF-61E3DF00B3A9","mdlId":"11A29FE2-706F-4a9b-B888-935584F470EA"},{"author":"O.Conrad (c) 2011","parameters":[{"inputs":[{"constraints":"","description":"","identifier":"R","name":"Red","optional":"false","type":"Grid (input)"},{"constraints":"","description":"","identifier":"G","name":"Green","optional":"false","type":"Grid (input)"},{"constraints":"","description":"","identifier":"B","name":"Blue","optional":"false","type":"Grid (input)"},{"constraints":"","description":"","identifier":"PAN","name":"Panchromatic Channel","optional":"false","type":"Grid (input)"}]},{"outputs":[{"constraints":"","description":"","identifier":"R_SHARP","name":"Red","optional":"false","type":"Grid (output)"},{"constraints":"","description":"","identifier":"G_SHARP","name":"Green","optional":"false","type":"Grid (output)"},{"constraints":"","description":"","identifier":"B_SHARP","name":"Blue","optional":"false","type":"Grid (output)"},{"constraints":"","description":"","identifier":"SHARPEN","name":"Sharpened Channels","optional":"false","type":"Grid list (output)"}]},{"optionals":[{"constraints":"","description":"","identifier":"PARAMETERS_GRID_SYSTEM","name":"Grid system","type":"Grid system"},{"constraints":"","description":"","identifier":"PAN_SYSTEM","name":"High Resolution Grid System","type":"Grid system"},{"constraints":"Available Choices:\n[0] nearest neighbour\n[1] bilinear\n[2] cubic convolution\nDefault: 2","description":"","identifier":"RESAMPLING","name":"Resampling","type":"Choice"}]}],"tool_description":"Colour normalized (Brovey) sharpening.","tool_id":"5","tool_name":"Colour Normalized Brovey Sharpening","tool_path":"http://geomodeling.njnu.edu.cn/OpenGMS/page/model-item-info/model-item-info.html?YmUyZjdmNzUtOGVkZS00MTM3LWEzZDUtNDA1NzY5MDIzN2VmYTY=","oid":"5b90e7bbd15d75093cb58798","stateId":"6F674901-771D-4f43-9112-2C3D68F5DD5F","mdlId":"9B6C487F-0381-4917-B4A4-B9369F8D99E5"},{"author":"O.Conrad (c) 2011","parameters":[{"inputs":[{"constraints":"","description":"","identifier":"GRIDS","name":"Original Channels","optional":"false","type":"Grid list (input)"},{"constraints":"","description":"","identifier":"PAN","name":"Panchromatic Channel","optional":"false","type":"Grid (input)"}]},{"outputs":[{"constraints":"","description":"","identifier":"SHARPEN","name":"Sharpened Channels","optional":"false","type":"Grid list (output)"}]},{"optionals":[{"constraints":"","description":"","identifier":"PARAMETERS_GRID_SYSTEM","name":"Grid system","type":"Grid system"},{"constraints":"","description":"","identifier":"LO_RES","name":"Low Resolution Grid System","type":"Grid system"},{"constraints":"Available Choices:\n[0] nearest neighbour\n[1] bilinear\n[2] cubic convolution\nDefault: 2","description":"","identifier":"RESAMPLING","name":"Resampling","type":"Choice"}]}],"tool_description":"Colour normalized spectral sharpening.","tool_id":"6","tool_name":"Colour Normalized Spectral Sharpening","tool_path":"http://geomodeling.njnu.edu.cn/OpenGMS/page/model-item-info/model-item-info.html?YzM0ZjQwMjctMzY2YS00NjE1LWExYjUtYzE0ZDAyYjBlNjFjNWU=","oid":"5b90e7bbd15d75093cb58799","stateId":"72E14842-0662-47af-B779-BDDB4A88F006","mdlId":"C6972E80-64E6-4b60-A479-9F10D90C0121"},{"author":"O.Conrad (c) 2011","parameters":[{"inputs":[{"constraints":"","description":"","identifier":"GRIDS","name":"Original Channels","optional":"false","type":"Grid list (input)"},{"constraints":"","description":"","identifier":"PAN","name":"Panchromatic Channel","optional":"false","type":"Grid (input)"}]},{"outputs":[{"constraints":"","description":"","identifier":"SHARPEN","name":"Sharpened Channels","optional":"false","type":"Grid list (output)"}]},{"optionals":[{"constraints":"","description":"","identifier":"PARAMETERS_GRID_SYSTEM","name":"Grid system","type":"Grid system"},{"constraints":"","description":"","identifier":"LO_RES","name":"Low Resolution","type":"Grid system"},{"constraints":"Available Choices:\n[0] correlation matrix\n[1] variance-covariance matrix\n[2] sums-of-squares-and-cross-products matrix\nDefault: 1","description":"","identifier":"METHOD","name":"Method","type":"Choice"},{"constraints":"Available Choices:\n[0] nearest neighbour\n[1] bilinear\n[2] cubic convolution\nDefault: 2","description":"","identifier":"RESAMPLING","name":"Resampling","type":"Choice"},{"constraints":"Available Choices:\n[0] normalized\n[1] standardized\nDefault: 1","description":"","identifier":"PAN_MATCH","name":"Panchromatic Channel Matching","type":"Choice"},{"constraints":"Default: 1","description":"overwrite previous output if adequate","identifier":"OVERWRITE","name":"Overwrite","type":"Boolean"}]}],"tool_description":"Principle components based image sharpening.","tool_id":"7","tool_name":"Principle Components Based Image Sharpening","tool_path":"http://geomodeling.njnu.edu.cn/OpenGMS/page/model-item-info/model-item-info.html?NTUzNjliYTItOTEwOS00N2UxLTkwNWYtMTM5ODdjMTg1Y2E4OTM=","oid":"5b90e7bbd15d75093cb5879a","stateId":"B03839B4-7605-4ea2-A759-7D1C88C64AF9","mdlId":"492D7AF4-3141-4515-BB37-E40C3DDBB670"},{"author":"B.Bechtel, O.Conrad (c) 2013","parameters":[{"inputs":[{"constraints":"","description":"","identifier":"MSS01","name":"Band 1","optional":"true","type":"Grid (optional input)"},{"constraints":"","description":"","identifier":"MSS02","name":"Band 2","optional":"true","type":"Grid (optional input)"},{"constraints":"","description":"","identifier":"MSS03","name":"Band 3","optional":"true","type":"Grid (optional input)"},{"constraints":"","description":"","identifier":"MSS04","name":"Band 4","optional":"true","type":"Grid (optional input)"},{"constraints":"","description":"","identifier":"TM01","name":"Band 1","optional":"true","type":"Grid (optional input)"},{"constraints":"","description":"","identifier":"TM02","name":"Band 2","optional":"true","type":"Grid (optional input)"},{"constraints":"","description":"","identifier":"TM03","name":"Band 3","optional":"true","type":"Grid (optional input)"},{"constraints":"","description":"","identifier":"TM04","name":"Band 4","optional":"true","type":"Grid (optional input)"},{"constraints":"","description":"","identifier":"TM05","name":"Band 5","optional":"true","type":"Grid (optional input)"},{"constraints":"","description":"","identifier":"TM07","name":"Band 7","optional":"true","type":"Grid (optional input)"},{"constraints":"","description":"","identifier":"ETM01","name":"Band 1","optional":"true","type":"Grid (optional input)"},{"constraints":"","description":"","identifier":"ETM02","name":"Band 2","optional":"true","type":"Grid (optional input)"},{"constraints":"","description":"","identifier":"ETM03","name":"Band 3","optional":"true","type":"Grid (optional input)"},{"constraints":"","description":"","identifier":"ETM04","name":"Band 4","optional":"true","type":"Grid (optional input)"},{"constraints":"","description":"","identifier":"ETM05","name":"Band 5","optional":"true","type":"Grid (optional input)"},{"constraints":"","description":"","identifier":"ETM07","name":"Band 7","optional":"true","type":"Grid (optional input)"},{"constraints":"","description":"","identifier":"OLI01","name":"Band 1","optional":"true","type":"Grid (optional input)"},{"constraints":"","description":"","identifier":"OLI02","name":"Band 2","optional":"true","type":"Grid (optional input)"},{"constraints":"","description":"","identifier":"OLI03","name":"Band 3","optional":"true","type":"Grid (optional input)"},{"constraints":"","description":"","identifier":"OLI04","name":"Band 4","optional":"true","type":"Grid (optional input)"},{"constraints":"","description":"","identifier":"OLI05","name":"Band 5","optional":"true","type":"Grid (optional input)"},{"constraints":"","description":"","identifier":"OLI06","name":"Band 6","optional":"true","type":"Grid (optional input)"},{"constraints":"","description":"","identifier":"OLI07","name":"Band 7","optional":"true","type":"Grid (optional input)"},{"constraints":"","description":"","identifier":"OLI09","name":"Band 9","optional":"true","type":"Grid (optional input)"},{"constraints":"","description":"","identifier":"TM_T06","name":"Band 6","optional":"true","type":"Grid (optional input)"},{"constraints":"","description":"","identifier":"ETM_T61","name":"Band 61","optional":"true","type":"Grid (optional input)"},{"constraints":"","description":"","identifier":"ETM_T62","name":"Band 62","optional":"true","type":"Grid (optional input)"},{"constraints":"","description":"","identifier":"TIRS10","name":"Band 10","optional":"true","type":"Grid (optional input)"},{"constraints":"","description":"","identifier":"TIRS11","name":"Band 11","optional":"true","type":"Grid (optional input)"},{"constraints":"","description":"","identifier":"PAN08","name":"Band 8","optional":"true","type":"Grid (optional input)"}]},{"outputs":[{"constraints":"","description":"","identifier":"SPECTRAL","name":"Spectral","optional":"false","type":"Grid list (output)"},{"constraints":"","description":"","identifier":"THERMAL","name":"Thermal","optional":"false","type":"Grid list (output)"},{"constraints":"","description":"","identifier":"PANBAND","name":"Panchromatic","optional":"false","type":"Grid list (output)"}]},{"optionals":[{"constraints":"","description":"","identifier":"MSS","name":"Spectral","type":"Grid system"},{"constraints":"","description":"","identifier":"TM","name":"Spectral","type":"Grid system"},{"constraints":"","description":"","identifier":"ETM","name":"Spectral","type":"Grid system"},{"constraints":"","description":"","identifier":"OLI","name":"Spectral","type":"Grid system"},{"constraints":"","description":"","identifier":"TM_T","name":"Thermal","type":"Grid system"},{"constraints":"","description":"","identifier":"ETM_T","name":"Thermal","type":"Grid system"},{"constraints":"","description":"","identifier":"TIRS","name":"Thermal","type":"Grid system"},{"constraints":"","description":"","identifier":"PAN","name":"Panchromatic","type":"Grid system"},{"constraints":"","description":"Name of Landsat metadata file (.met or MTL.txt)","identifier":"METAFILE","name":"Metadata File","type":"File path"},{"constraints":"Available Choices:\n[0] Landsat-1 MSS\n[1] Landsat-2 MSS\n[2] Landsat-3 MSS\n[3] Landsat-4 MSS\n[4] Landsat-5 MSS\n[5] Landsat-4 TM\n[6] Landsat-5 TM\n[7] Landsat-7 ETM+\n[8] Landsat-8 OLI/TIRS\nDefault: 7","description":"","identifier":"SENSOR","name":"Spacecraft Sensor","type":"Choice"},{"constraints":"Default: 2001-01-01","description":"Image acquisition date (yyyy-mm-dd)","identifier":"DATE_ACQU","name":"Image Acquisition Date","type":"Text"},{"constraints":"Default: 2001-01-01","description":"Image creation date (yyyy-mm-dd)","identifier":"DATE_PROD","name":"Image Creation Date","type":"Text"},{"constraints":"Minimum: 0.000000\nMaximum: 90.000000\nDefault: 45.000000","description":"Sun's height above horizon in degree","identifier":"SUN_HGT","name":"Suns's Height","type":"Floating point"},{"constraints":"Default: 1","description":"","identifier":"GRIDS_OUT","name":"Spectral Output as Grid Collection","type":"Boolean"},{"constraints":"Default: Landsat Calibrated","description":"","identifier":"GRIDS_NAME","name":"Name","type":"Text"},{"constraints":"Default: 0","description":"Output at-sensor radiance for all bands","identifier":"AS_RAD","name":"At-Sensor Radiance","type":"Boolean"},{"constraints":"Available Choices:\n[0] uncorrected\n[1] corrected\n[2] dark object subtraction 1\n[3] dark object subtraction 2\n[4] dark object subtraction 2b\n[5] dark object subtraction 3\n[6] dark object subtraction 4\nDefault: 0","description":"","identifier":"AC_METHOD","name":"Atmospheric Correction","type":"Choice"},{"constraints":"Minimum: 0\nDefault: 1000","description":"Minimum pixels to consider digital number as dark object","identifier":"AC_DO_CELLS","name":"Minimum Number of Dark Object Cells","type":"Integer"},{"constraints":"Minimum: 0.000000\nDefault: 0.000000","description":"Rayleigh atmosphere (diffuse sky irradiance)","identifier":"AC_RAYLEIGH","name":"Rayleigh Scattering","type":"Floating point"},{"constraints":"Minimum: 0.000000\nMaximum: 100.000000\nDefault: 1.000000","description":"Percent of solar radiance in path radiance","identifier":"AC_SUN_RAD","name":"Solar Radiance","type":"Floating point"},{"constraints":"Available Choices:\n[0] low\n[1] high\nDefault: 1","description":"","identifier":"ETM_GAIN_10","name":"Band 1","type":"Choice"},{"constraints":"Available Choices:\n[0] low\n[1] high\nDefault: 1","description":"","identifier":"ETM_GAIN_20","name":"Band 2","type":"Choice"},{"constraints":"Available Choices:\n[0] low\n[1] high\nDefault: 1","description":"","identifier":"ETM_GAIN_30","name":"Band 3","type":"Choice"},{"constraints":"Available Choices:\n[0] low\n[1] high\nDefault: 1","description":"","identifier":"ETM_GAIN_40","name":"Band 4","type":"Choice"},{"constraints":"Available Choices:\n[0] low\n[1] high\nDefault: 1","description":"","identifier":"ETM_GAIN_50","name":"Band 5","type":"Choice"},{"constraints":"Available Choices:\n[0] low\n[1] high\nDefault: 0","description":"","identifier":"ETM_GAIN_61","name":"Band 61","type":"Choice"},{"constraints":"Available Choices:\n[0] low\n[1] high\nDefault: 1","description":"","identifier":"ETM_GAIN_62","name":"Band 62","type":"Choice"},{"constraints":"Available Choices:\n[0] low\n[1] high\nDefault: 1","description":"","identifier":"ETM_GAIN_70","name":"Band 7","type":"Choice"},{"constraints":"Available Choices:\n[0] low\n[1] high\nDefault: 0","description":"","identifier":"ETM_GAIN_80","name":"Band 8","type":"Choice"}]}],"tool_description":"Calculation of top-of-atmosphere radiance or reflectance and temperature (TOAR) for Landsat MSS/TM/ETM+. This tool incorporates E.J. Tizado's GRASS GIS implementation (i.landsat.toar).","tool_id":"8","tool_name":"Top of Atmosphere Reflectance","tool_path":"http://geomodeling.njnu.edu.cn/OpenGMS/page/model-item-info/model-item-info.html?MThjODQ5YzYtODE3ZC00OTZmLTlkYzMtNmE2ODU0YTI5NThkYzM=","oid":"5b90e7bbd15d75093cb5879b","stateId":"3B6D39B1-1DAC-470c-9E38-6AA3714F0599","mdlId":"76964BC1-112D-477f-B3BD-B9AE4DF942DC"},{"author":"B.Bechtel, O.Conrad (c) 2013","parameters":[{"inputs":[{"constraints":"","description":"","identifier":"BAND2","name":"Landsat Band 2","optional":"false","type":"Grid (input)"},{"constraints":"","description":"","identifier":"BAND3","name":"Landsat Band 3","optional":"false","type":"Grid (input)"},{"constraints":"","description":"","identifier":"BAND4","name":"Landsat Band 4","optional":"false","type":"Grid (input)"},{"constraints":"","description":"","identifier":"BAND5","name":"Landsat Band 5","optional":"false","type":"Grid (input)"},{"constraints":"","description":"","identifier":"BAND6","name":"Landsat Band 6","optional":"false","type":"Grid (input)"}]},{"outputs":[{"constraints":"","description":"","identifier":"CLOUD","name":"Cloud Cover","optional":"false","type":"Grid (output)"}]},{"optionals":[{"constraints":"","description":"","identifier":"PARAMETERS_GRID_SYSTEM","name":"Grid system","type":"Grid system"},{"constraints":"","description":"","identifier":"BAND6_GRIDSYSTEM","name":"Grid system","type":"Grid system"},{"constraints":"Default: 1","description":"","identifier":"FILTER","name":"Apply post-processing filter to remove small holes","type":"Boolean"},{"constraints":"Default: 225.000000","description":"","identifier":"B56C","name":"B56 Composite (step 6)","type":"Floating point"},{"constraints":"Default: 1.000000","description":"","identifier":"B45R","name":"B45 Ratio: Desert detection (step 10)","type":"Floating point"},{"constraints":"Default: 1","description":"","identifier":"CSIG","name":"Always use cloud signature (step 14)","type":"Boolean"},{"constraints":"Default: 1","description":"","identifier":"PASS2","name":"Bypass second-pass processing, and merge warm (not ambiguous) and cold clouds","type":"Boolean"},{"constraints":"Default: 1","description":"","identifier":"SHADOW","name":"Include a category for cloud shadows","type":"Boolean"}]}],"tool_description":"Automated Cloud-Cover Assessment (ACCA) for Landsat TM/ETM+ imagery as proposed by Irish (2000). This tool incorporates E.J. Tizado's GRASS GIS implementation (i.landsat.acca).","tool_id":"9","tool_name":"Automated Cloud Cover Assessment","tool_path":"http://geomodeling.njnu.edu.cn/OpenGMS/page/model-item-info/model-item-info.html?Y2FiY2Y4ODMtNTM5My00ZTI5LTgyZTgtNWYxMjExNzY4NWQ2Y2Y=","oid":"5b90e7bbd15d75093cb5879c","stateId":"6DD26FB4-DCBC-4125-ABDC-6B9C26DC1A87","mdlId":"7C7EAC71-C4DA-45fa-80AA-ED677D86B907"},{"author":"O.Conrad (c) 2014","parameters":[null,{"outputs":[{"constraints":"","description":"","identifier":"BANDS","name":"Bands","optional":"false","type":"Grid list (output)"}]},{"optionals":[{"constraints":"","description":"","identifier":"FILES","name":"Files","type":"File path"},{"constraints":"Available Choices:\n[0] UTM North\n[1] UTM South\n[2] Geographic Coordinates\nDefault: 0","description":"","identifier":"PROJECTION","name":"Coordinate System","type":"Choice"},{"constraints":"Available Choices:\n[0] Nearest Neighbour\n[1] Bilinear Interpolation\n[2] Bicubic Spline Interpolation\n[3] B-Spline Interpolation\nDefault: 3","description":"","identifier":"RESAMPLING","name":"Resampling","type":"Choice"},{"constraints":"Default: 1","description":"","identifier":"SHOW_RGB","name":"Show a Composite","type":"Boolean"},{"constraints":"Available Choices:\n[0] no choice available\nDefault: 0","description":"","identifier":"SHOW_R","name":"Red","type":"Choice"},{"constraints":"Available Choices:\n[0] no choice available\nDefault: 0","description":"","identifier":"SHOW_G","name":"Green","type":"Choice"},{"constraints":"Available Choices:\n[0] no choice available\nDefault: 0","description":"","identifier":"SHOW_B","name":"Blue","type":"Choice"}]}],"tool_description":"This tool facilitates the import and display of Landsat scenes, which have each band given as a single GeoTIFF file.\n\nThe development of this tool has been requested and sponsored by Rohan Fisher, Charles Darwin University, Australia. ","tool_id":"10","tool_name":"Landsat Import with Options","tool_path":"http://geomodeling.njnu.edu.cn/OpenGMS/page/model-item-info/model-item-info.html?YmQ2ZTZjMDQtMjg2YS00MzcwLWI4NGMtMTFmMDZhZTQxNmY1OTY=","oid":"5b90e7bbd15d75093cb58790","stateId":"69A41474-8063-4719-9EFE-7B66EB9C5FC2","mdlId":"6166A8B6-8934-4023-883A-47435222ED17"},{"author":"O.Conrad (c) 2016","parameters":[{"inputs":[{"constraints":"","description":"","identifier":"GRID","name":"Grid","optional":"false","type":"Grid (input)"}]},{"outputs":[{"constraints":"","description":"","identifier":"ASM","name":"Angular Second Moment","optional":"true","type":"Grid (optional output)"},{"constraints":"","description":"","identifier":"CONTRAST","name":"Contrast","optional":"true","type":"Grid (optional output)"},{"constraints":"","description":"","identifier":"CORRELATION","name":"Correlation","optional":"true","type":"Grid (optional output)"},{"constraints":"","description":"","identifier":"VARIANCE","name":"Variance","optional":"true","type":"Grid (optional output)"},{"constraints":"","description":"","identifier":"IDM","name":"Inverse Diff Moment","optional":"true","type":"Grid (optional output)"},{"constraints":"","description":"","identifier":"SUM_AVERAGE","name":"Sum Average","optional":"true","type":"Grid (optional output)"},{"constraints":"","description":"","identifier":"SUM_ENTROPY","name":"Sum Entropy","optional":"true","type":"Grid (optional output)"},{"constraints":"","description":"","identifier":"SUM_VARIANCE","name":"Sum Variance","optional":"true","type":"Grid (optional output)"},{"constraints":"","description":"","identifier":"ENTROPY","name":"Entropy","optional":"true","type":"Grid (optional output)"},{"constraints":"","description":"","identifier":"DIF_VARIANCE","name":"Difference Variance","optional":"true","type":"Grid (optional output)"},{"constraints":"","description":"","identifier":"DIF_ENTROPY","name":"Difference Entropy","optional":"true","type":"Grid (optional output)"},{"constraints":"","description":"","identifier":"MOC_1","name":"Measure of Correlation-1","optional":"true","type":"Grid (optional output)"},{"constraints":"","description":"","identifier":"MOC_2","name":"Measure of Correlation-2","optional":"true","type":"Grid (optional output)"}]},{"optionals":[{"constraints":"","description":"","identifier":"PARAMETERS_GRID_SYSTEM","name":"Grid system","type":"Grid system"},{"constraints":"Available Choices:\n[0] all\n[1] N-S\n[2] NE-SW\n[3] E-W\n[4] SE-NW\nDefault: 0","description":"","identifier":"DIRECTION","name":"Direction","type":"Choice"},{"constraints":"Minimum: 1\nDefault: 1","description":"kernel radius in cells","identifier":"RADIUS","name":"Radius","type":"Integer"},{"constraints":"Minimum: 1\nDefault: 1","description":"The distance between two samples.","identifier":"DISTANCE","name":"Distance","type":"Integer"},{"constraints":"Minimum: 2\nDefault: 256","description":"","identifier":"MAX_CATS","name":"Maximum Number of Categories","type":"Integer"}]}],"tool_description":"","tool_id":"11","tool_name":"Textural Features","tool_path":"http://geomodeling.njnu.edu.cn/OpenGMS/page/model-item-info/model-item-info.html?YmMxNDQzZmEtZTZhZi00ZDY0LWFlYWMtZjVkMTA1N2FjZDBiNmY=","oid":"5b90e7bbd15d75093cb58791","stateId":"9D132DBD-CA9A-4672-BAEA-452425A8D916","mdlId":"6F9E7823-9F13-477c-AD1A-830C9E7DC545"},{"author":"O.Conrad (c) 2016","parameters":[{"inputs":[{"constraints":"","description":"","identifier":"GRID","name":"Grid","optional":"false","type":"Grid (input)"}]},{"outputs":[{"constraints":"","description":"","identifier":"CONTRAST","name":"Contrast","optional":"false","type":"Grid (output)"},{"constraints":"","description":"","identifier":"ENERGY","name":"Energy","optional":"false","type":"Grid (output)"},{"constraints":"","description":"","identifier":"ENTROPY","name":"Entropy","optional":"false","type":"Grid (output)"},{"constraints":"","description":"","identifier":"VARIANCE","name":"Variance","optional":"false","type":"Grid (output)"}]},{"optionals":[{"constraints":"","description":"","identifier":"PARAMETERS_GRID_SYSTEM","name":"Grid system","type":"Grid system"},{"constraints":"Available Choices:\n[0] square\n[1] circle\nDefault: 1","description":"kernel radius in cells","identifier":"TYPE","name":"Kernel","type":"Choice"},{"constraints":"Minimum: 1\nDefault: 1","description":"kernel radius in cells","identifier":"RADIUS","name":"Radius","type":"Integer"},{"constraints":"Available Choices:\n[0] no\n[1] scale to range\nDefault: 1","description":"","identifier":"NORMALIZE","name":"Normalization","type":"Choice"},{"constraints":"Default: 1.000000","description":"","identifier":"NORM_MIN","name":"Minimum","type":"Floating point"},{"constraints":"Default: 255.000000","description":"","identifier":"NORM_MAX","name":"Maximum","type":"Floating point"}]}],"tool_description":"<hr><h4>References</h4><ul><li><b>Zhang, Y. (2001):</b> Texture-integrated classification of urban treed areas in high-resolution color-infrared imagery. Photogrammetric Engineering and Remote Sensing 67(12), 1359-1365. <a href=\"http://web.pdx.edu/~nauna/2001_dec_1359-1365.pdf\">online</a>.</li></ul>","tool_id":"12","tool_name":"Local Statistical Measures","tool_path":"http://geomodeling.njnu.edu.cn/OpenGMS/page/model-item-info/model-item-info.html?ZjJmYTU0ZDEtMzg5MS00NTM1LThhZjYtMmM1MzZmYjliZWI4NTI=","oid":"5b90e7bbd15d75093cb58792","stateId":"B392176C-9AB3-4aab-BAA2-11E2F13C15DF","mdlId":"D36FF10E-5F72-46e9-BB78-6D92E2484F41"},{"author":"M.Ambrosi (c) 2017","parameters":[{"inputs":[{"constraints":"","description":"","identifier":"A","name":"First Grid","optional":"false","type":"Grid (input)"},{"constraints":"","description":"","identifier":"B","name":"Second Grid","optional":"false","type":"Grid (input)"}]},{"outputs":[{"constraints":"","description":"The product of correlation, luminance and contrast similarity.","identifier":"Q","name":"Universal Image Quality Index","optional":"false","type":"Grid (output)"},{"constraints":"","description":"The correlation coefficient.","identifier":"R","name":"Correlation","optional":"true","type":"Grid (optional output)"},{"constraints":"","description":"The similarity of mean luminance.","identifier":"L","name":"Luminance","optional":"true","type":"Grid (optional output)"},{"constraints":"","description":"The similarity of contrast.","identifier":"C","name":"Contrast","optional":"true","type":"Grid (optional output)"}]},{"optionals":[{"constraints":"","description":"","identifier":"PARAMETERS_GRID_SYSTEM","name":"Grid system","type":"Grid system"},{"constraints":"Minimum: 0.000000\nMaximum: 1.000000\nDefault: 0.010000","description":"","identifier":"K1","name":"k1","type":"Floating point"},{"constraints":"Minimum: 0.000000\nMaximum: 1.000000\nDefault: 0.030000","description":"","identifier":"K2","name":"k2","type":"Floating point"},{"constraints":"Minimum: 1\nDefault: 255","description":"The dynamic range for the image pixel, i.e. the number of different grey values.","identifier":"L","name":"L","type":"Integer"},{"constraints":"Available Choices:\n[0] Square\n[1] Circle\nDefault: 1","description":"The shape of the filter kernel.","identifier":"KERNEL_TYPE","name":"Kernel Type","type":"Choice"},{"constraints":"Minimum: 1\nDefault: 2","description":"The kernel radius in cells.","identifier":"KERNEL_RADIUS","name":"Kernel Radius","type":"Integer"}]}],"tool_description":"The Universal Image Quality Index compares two grids (greyscale images) using the three parameters luminance, contrast and structure. This is done for each pixel using a moving window as specified by the kernel radius. ","tool_id":"13","tool_name":"Universal Image Quality Index","tool_path":"http://geomodeling.njnu.edu.cn/OpenGMS/page/model-item-info/model-item-info.html?OGZkZDY1ZWMtYTliMC00MDUwLWJiNWEtMDc3NWMyOWJjZTljZDk=","oid":"5b90e7bbd15d75093cb58793","stateId":"6098C300-E71C-4cf8-9436-9F1A01A9A358","mdlId":"BB6B4A9B-8C3A-4ce8-8C3D-BA5D4356A742"},{"author":"O.Conrad (c) 2017","parameters":[null,{"outputs":[{"constraints":"","description":"","identifier":"BANDS","name":"Bands","optional":"false","type":"Grid list (output)"},{"constraints":"","description":"","identifier":"BAND_INFO","name":"Band Info","optional":"true","type":"Table (optional output)"}]},{"optionals":[{"constraints":"","description":"","identifier":"METAFILE","name":"Metadata File","type":"File path"},{"constraints":"Default: 1","description":"","identifier":"MULTI2GRIDS","name":"Multispectral Bands as Grid Collection","type":"Boolean"},{"constraints":"Default: 1","description":"","identifier":"SKIP_PAN","name":"Skip Panchromatic Band","type":"Boolean"},{"constraints":"Available Choices:\n[0] UTM North\n[1] UTM South\n[2] Geographic Coordinates\nDefault: 0","description":"","identifier":"PROJECTION","name":"Coordinate System","type":"Choice"},{"constraints":"Available Choices:\n[0] Nearest Neighbour\n[1] Bilinear Interpolation\n[2] Bicubic Spline Interpolation\n[3] B-Spline Interpolation\nDefault: 3","description":"","identifier":"RESAMPLING","name":"Resampling","type":"Choice"}]}],"tool_description":"Import Landsat scenes including metadata from Landsat metadata files. Band data have to be stored in the same folder as the chosen metadata file in uncompressed GeoTIFF format. ","tool_id":"14","tool_name":"Import Landsat Scene","tool_path":"http://geomodeling.njnu.edu.cn/OpenGMS/page/model-item-info/model-item-info.html?NjkyYzBmZDgtYTVjNC00MTIyLTg3ZGQtZGNmZmVlNjQyMWZlZTQ=","oid":"5b90e7bbd15d75093cb58794","stateId":"296BABB7-F2F5-422c-8476-10598012C2A0","mdlId":"52A871B5-0708-4b7f-B7B2-DC04B48F716B"}]}