{"Version":"LIBSVM 3.11","author":"O.Conrad (c) 2012","library_description":"Interface to LIBSVM - A Library for Support Vector Machines.\nReference:\nChang, C.-C. / Lin, C.-J. (2011): A library for support vector machines. ACM Transactions on Intelligent Systems and Technology, vol.2/3, p.1-27. <a target=\"_blank\" href=\"http://www.csie.ntu.edu.tw/~cjlin/libsvm\">LIBSVM Homepage</a>.\n","library_name":"imagery_svm","tools":[{"author":"O.Conrad (c) 2012","parameters":[{"inputs":[{"constraints":"","description":"","identifier":"GRIDS","name":"Grids","optional":"false","type":"Grid list (input)"},{"constraints":"","description":"","identifier":"ROI","name":"Training Areas","optional":"false","type":"Shapes (input)"}]},{"outputs":[{"constraints":"","description":"","identifier":"CLASSES","name":"Classification","optional":"false","type":"Grid (output)"}]},{"optionals":[{"constraints":"","description":"","identifier":"PARAMETERS_GRID_SYSTEM","name":"Grid system","type":"Grid system"},{"constraints":"Available Choices:\n[0] none\n[1] normalize (0-1)\n[2] standardize\nDefault: 2","description":"","identifier":"SCALING","name":"Scaling","type":"Choice"},{"constraints":"Default: 0","description":"","identifier":"MESSAGE","name":"Verbose Messages","type":"Boolean"},{"constraints":"Available Choices:\n[0] create from training areas\n[1] restore from file\nDefault: 0","description":"","identifier":"MODEL_SRC","name":"Model Source","type":"Choice"},{"constraints":"","description":"","identifier":"MODEL_LOAD","name":"Restore Model from File","type":"File path"},{"constraints":"","description":"","identifier":"ROI_ID","name":"Class Identifier","type":"Table field"},{"constraints":"","description":"","identifier":"MODEL_SAVE","name":"Store Model to File","type":"File path"},{"constraints":"Available Choices:\n[0] C-SVC\n[1] nu-SVC\n[2] one-class SVM\n[3] epsilon-SVR\n[4] nu-SVR\nDefault: 0","description":"","identifier":"SVM_TYPE","name":"SVM Type","type":"Choice"},{"constraints":"Available Choices:\n[0] linear\n[1] polynomial\n[2] radial basis function\n[3] sigmoid\nDefault: 2","description":"linear: u'*v\npolynomial: (gamma*u'*v + coef0)^degree\nradial basis function: exp(-gamma*|u-v|^2)\nsigmoid: tanh(gamma*u'*v + coef0)","identifier":"KERNEL_TYPE","name":"Kernel Type","type":"Choice"},{"constraints":"Default: 3","description":"degree in kernel function","identifier":"DEGREE","name":"Degree","type":"Integer"},{"constraints":"Default: 0.000000","description":"gamma in kernel function","identifier":"GAMMA","name":"Gamma","type":"Floating point"},{"constraints":"Default: 0.000000","description":"coef0 in kernel function","identifier":"COEF0","name":"coef0","type":"Floating point"},{"constraints":"Default: 1.000000","description":"parameter C (cost) of C-SVC, epsilon-SVR, and nu-SVR","identifier":"COST","name":"C","type":"Floating point"},{"constraints":"Default: 0.500000","description":"parameter nu of nu-SVC, one-class SVM, and nu-SVR","identifier":"NU","name":"nu-SVR","type":"Floating point"},{"constraints":"Default: 0.100000","description":"epsilon in loss function of epsilon-SVR","identifier":"EPS_SVR","name":"SVR Epsilon","type":"Floating point"},{"constraints":"Default: 100.000000","description":"cache memory size in MB","identifier":"CACHE_SIZE","name":"Cache Size","type":"Floating point"},{"constraints":"Default: 0.001000","description":"tolerance of termination criterion","identifier":"EPS","name":"Epsilon","type":"Floating point"},{"constraints":"Default: 0","description":"whether to use the shrinking heuristics","identifier":"SHRINKING","name":"Shrinking","type":"Boolean"},{"constraints":"Default: 0","description":"whether to train a SVC or SVR model for probability estimates","identifier":"PROBABILITY","name":"Probability Estimates","type":"Boolean"},{"constraints":"Minimum: 1\nDefault: 1","description":"n-fold cross validation: n must > 1","identifier":"CROSSVAL","name":"Cross Validation","type":"Integer"}]}],"tool_description":"Support Vector Machine (SVM) based classification for grids.\nReference:\nChang, C.-C. / Lin, C.-J. (2011): A library for support vector machines. ACM Transactions on Intelligent Systems and Technology, vol.2/3, p.1-27. <a target=\"_blank\" href=\"http://www.csie.ntu.edu.tw/~cjlin/libsvm\">LIBSVM Homepage</a>.\n","tool_id":"0","tool_name":"SVM Classification","tool_path":"http://geomodeling.njnu.edu.cn/OpenGMS/page/model-item-info/model-item-info.html?NTQyMzkxNWQtYWI5Ny00YjU1LTgwNTUtYzRkZDBlZTQzYjQ1NTM=","oid":"5b90e7bbd15d75093cb5878d","stateId":"212FD309-1BEA-4ea8-8510-DA25A71BA6DD","mdlId":"E2AEADAC-D231-4e5d-8A92-FF54FFDC605D"}]}