{"Version":"1.0","author":"O. Conrad (c) 2016","library_description":"ISODATA Clustering tools","library_name":"imagery_isocluster","tools":[{"author":"O.Conrad (c) 2016","parameters":[{"inputs":[{"constraints":"","description":"","identifier":"FEATURES","name":"Features","optional":"false","type":"Grid list (input)"}]},{"outputs":[{"constraints":"","description":"","identifier":"CLUSTER","name":"Clusters","optional":"false","type":"Grid (output)"},{"constraints":"","description":"","identifier":"STATISTICS","name":"Statistics","optional":"false","type":"Table (output)"}]},{"optionals":[{"constraints":"","description":"","identifier":"PARAMETERS_GRID_SYSTEM","name":"Grid system","type":"Grid system"},{"constraints":"Default: 0","description":"","identifier":"NORMALIZE","name":"Normalize","type":"Boolean"},{"constraints":"Minimum: 3\nDefault: 20","description":"","identifier":"ITERATIONS","name":"Maximum Number of Iterations","type":"Integer"},{"constraints":"Minimum: 0\nDefault: 5","description":"","identifier":"CLUSTER_INI","name":"Initial Number of Clusters","type":"Integer"},{"constraints":"Minimum: 3\nDefault: 16","description":"","identifier":"CLUSTER_MAX","name":"Maximum Number of Clusters","type":"Integer"},{"constraints":"Minimum: 2\nDefault: 5","description":"","identifier":"SAMPLES_MIN","name":"Minimum Number of Samples in a Cluster","type":"Integer"},{"constraints":"Default: 1","description":"Use the first three features in list to obtain blue, green, red components for class colour in look-up table.","identifier":"RGB_COLORS","name":"Update Colors from Features","type":"Boolean"}]}],"tool_description":"This tool executes the Isodata unsupervised classification - clustering algorithm. Isodata stands for Iterative Self-Organizing Data Analysis Techniques. This is a more sophisticated algorithm which allows the number of clusters to be automatically adjusted during the iteration by merging similar clusters and splitting clusters with large standard deviations.\nThe tool is based on Christos Iosifidis' Isodata implementation:\n<a target=\"_blank\" href=\"http://users.ntua.gr/chiossif/Free_As_Freedom_Software/isodata.c\">isodata.c</a>\n\nFurther references:\nMemarsadeghi, N., Mount, D. M., Netanyahu, N. S., Le Moigne, J. (2007): A Fast Implementation of the ISODATA Clustering Algorithm. International Journal of Computational Geometry and Applications, 17, 71-103. <a target=\"_blank\" href=\"https://www.cs.umd.edu/~mount/Projects/ISODATA/ijcga07-isodata.pdf\">online</a>\n\n<a target=\"_blank\" href=\"https://www.cs.umd.edu/~mount/Projects/ISODATA/\">A Fast Implementation of the ISODATA Clustering Algorithm</a>","tool_id":"0","tool_name":"ISODATA Clustering for Grids","tool_path":"http://geomodeling.njnu.edu.cn/OpenGMS/page/model-item-info/model-item-info.html?ZGY2MDJmMzEtYzBjNi00MmVkLTkwMzMtMDYyM2MwOWFmYTMxMjQ=","oid":"5b90e7bbd15d75093cb58785","stateId":"A12CA681-E85D-4127-9DA0-8C70CF90A815","mdlId":"CED1FB56-AC00-4991-8CDA-DFED2EB3005A"}]}