{"Version":"1.0","author":"O. Conrad (c) 2015","library_description":"Maximum entropy based classification and prediction.","library_name":"imagery_maxent","tools":[{"author":"O.Conrad (c) 2015","parameters":[{"inputs":[{"constraints":"","description":"","identifier":"TRAINING","name":"Training Areas","optional":"false","type":"Shapes (input)"},{"constraints":"","description":"","identifier":"FEATURES_NUM","name":"Numerical Features","optional":"true","type":"Grid list (optional input)"},{"constraints":"","description":"","identifier":"FEATURES_CAT","name":"Categorical Features","optional":"true","type":"Grid list (optional input)"}]},{"outputs":[{"constraints":"","description":"","identifier":"CLASSES","name":"Classes","optional":"false","type":"Grid (output)"},{"constraints":"","description":"","identifier":"PROB","name":"Probability","optional":"false","type":"Grid (output)"},{"constraints":"","description":"","identifier":"PROBS","name":"Probabilities","optional":"false","type":"Grid list (output)"}]},{"optionals":[{"constraints":"","description":"","identifier":"PARAMETERS_GRID_SYSTEM","name":"Grid system","type":"Grid system"},{"constraints":"","description":"","identifier":"FIELD","name":"Class Name","type":"Table field"},{"constraints":"Default: 0","description":"","identifier":"PROBS_CREATE","name":"Create Propabilities","type":"Boolean"},{"constraints":"Available Choices:\n[0] Yoshimasa Tsuruoka\n[1] Dekang Lin\nDefault: 0","description":"","identifier":"METHOD","name":"Method","type":"Choice"},{"constraints":"","description":"","identifier":"YT_FILE_LOAD","name":"Load from File...","type":"File path"},{"constraints":"","description":"","identifier":"YT_FILE_SAVE","name":"Save to File...","type":"File path"},{"constraints":"Available Choices:\n[0] none\n[1] L1\n[2] L2\nDefault: 1","description":"","identifier":"YT_REGUL","name":"Regularization","type":"Choice"},{"constraints":"Minimum: 0.000000\nDefault: 1.000000","description":"","identifier":"YT_REGUL_VAL","name":"Regularization Factor","type":"Floating point"},{"constraints":"Default: 1","description":"","identifier":"YT_NUMASREAL","name":"Real-valued Numerical Features","type":"Boolean"},{"constraints":"Default: 0.100000","description":"","identifier":"DL_ALPHA","name":"Alpha","type":"Floating point"},{"constraints":"Minimum: 0.000000\nDefault: 0.000000","description":"","identifier":"DL_THRESHOLD","name":"Threshold","type":"Floating point"},{"constraints":"Minimum: 1\nDefault: 100","description":"","identifier":"DL_ITERATIONS","name":"Maximum Iterations","type":"Integer"},{"constraints":"Minimum: 1\nDefault: 32","description":"","identifier":"NUM_CLASSES","name":"Number of Numeric Value Classes","type":"Integer"},{"constraints":"Minimum: 0.000000\nMaximum: 1.000000\nDefault: 0.000000","description":"Minimum probability to accept a classification result for a cell.","identifier":"PROB_MIN","name":"Minimum Probability","type":"Floating point"}]}],"tool_description":"","tool_id":"0","tool_name":"Maximum Entropy Classifcation","tool_path":"http://geomodeling.njnu.edu.cn/OpenGMS/page/model-item-info/model-item-info.html?NzA5NmQ3ZTUtMzU0OS00OGUzLTlhNGItOGNlY2ZhZTQ2Mzc0YTM=","oid":"5b90e7bbd15d75093cb58786","stateId":"1FF01544-90A2-4f99-AAB9-E10745CE59AD","mdlId":"31B0789F-1B27-41c7-8078-35896165C1E9"},{"author":"O.Conrad (c) 2015","parameters":[{"inputs":[{"constraints":"","description":"","identifier":"PRESENCE","name":"Presence Data","optional":"false","type":"Shapes (input)"},{"constraints":"","description":"","identifier":"FEATURES_NUM","name":"Numerical Features","optional":"true","type":"Grid list (optional input)"},{"constraints":"","description":"","identifier":"FEATURES_CAT","name":"Categorical Features","optional":"true","type":"Grid list (optional input)"}]},{"outputs":[{"constraints":"","description":"","identifier":"PREDICTION","name":"Presence Prediction","optional":"false","type":"Grid (output)"},{"constraints":"","description":"","identifier":"PROBABILITY","name":"Presence Probability","optional":"false","type":"Grid (output)"}]},{"optionals":[{"constraints":"","description":"","identifier":"PARAMETERS_GRID_SYSTEM","name":"Grid system","type":"Grid system"},{"constraints":"Minimum: 0.000000\nMaximum: 100.000000\nDefault: 1.000000","description":"","identifier":"BACKGROUND","name":"Background Sample Density [Percent]","type":"Floating point"},{"constraints":"Available Choices:\n[0] Yoshimasa Tsuruoka\n[1] Dekang Lin\nDefault: 0","description":"","identifier":"METHOD","name":"Method","type":"Choice"},{"constraints":"","description":"","identifier":"YT_FILE_LOAD","name":"Load from File...","type":"File path"},{"constraints":"","description":"","identifier":"YT_FILE_SAVE","name":"Save to File...","type":"File path"},{"constraints":"Available Choices:\n[0] none\n[1] L1\n[2] L2\nDefault: 1","description":"","identifier":"YT_REGUL","name":"Regularization","type":"Choice"},{"constraints":"Minimum: 0.000000\nDefault: 1.000000","description":"","identifier":"YT_REGUL_VAL","name":"Regularization Factor","type":"Floating point"},{"constraints":"Default: 1","description":"","identifier":"YT_NUMASREAL","name":"Real-valued Numerical Features","type":"Boolean"},{"constraints":"Default: 0.100000","description":"","identifier":"DL_ALPHA","name":"Alpha","type":"Floating point"},{"constraints":"Minimum: 0.000000\nDefault: 0.000000","description":"","identifier":"DL_THRESHOLD","name":"Threshold","type":"Floating point"},{"constraints":"Minimum: 1\nDefault: 100","description":"","identifier":"DL_ITERATIONS","name":"Maximum Iterations","type":"Integer"},{"constraints":"Minimum: 1\nDefault: 32","description":"","identifier":"NUM_CLASSES","name":"Number of Numeric Value Classes","type":"Integer"}]}],"tool_description":"","tool_id":"1","tool_name":"Maximum Entropy Presence Prediction","tool_path":"http://geomodeling.njnu.edu.cn/OpenGMS/page/model-item-info/model-item-info.html?YmVjNWM3ZjMtYWY4MC00MzM5LTg0YTUtYmRiODg4MDhlYTdkZWE=","oid":"5b90e7bbd15d75093cb58787","stateId":"D0B4150D-0288-4bab-A868-2C94ADCC357A","mdlId":"53B3AEFB-189F-404b-AD11-04D0FA7EB5EC"}]}