{
  "Version": "1.0",
  "author": "SAGA User Group Association (c) 2003-13",
  "library_description": "Tools for the georeferencing of spatial data.",
  "library_name": "pj_georeference",
  "library_name_title": "PJ Georeference",
  "tools": [
    {
      "author": "O.Conrad (c) 2013",
      "parameters": [
        null,
        {
          "outputs": [
            {
              "constraints": "",
              "description": "",
              "identifier": "REF_SOURCE",
              "name": "Reference Points (Origin)",
              "optional": "false",
              "type": "Shapes (output)"
            },
            {
              "constraints": "",
              "description": "",
              "identifier": "REF_TARGET",
              "name": "Reference Points (Projection)",
              "optional": "true",
              "type": "Shapes (optional output)"
            }
          ]
        },
        {
          "optionals": [
            {
              "constraints": "Available Choices:\n[0] Automatic\n[1] Triangulation\n[2] Spline\n[3] Affine\n[4] 1st Order Polynomial\n[5] 2nd Order Polynomial\n[6] 3rd Order Polynomial\n[7] Polynomial, Order\nDefault: 0",
              "description": "",
              "identifier": "METHOD",
              "name": "Method",
              "type": "Choice"
            },
            {
              "constraints": "Minimum: 1\nDefault: 3",
              "description": "",
              "identifier": "ORDER",
              "name": "Polynomial Order",
              "type": "Integer"
            },
            {
              "constraints": "Default: 0",
              "description": "",
              "identifier": "REFRESH",
              "name": "Clear Reference Points",
              "type": "Boolean"
            }
          ]
        }
      ],
      "tool_description": "Digitize reference points for georeferencing grids, images and shapes. Click with the mouse on known locations in the map window and add the reference coordinates. After choosing 4 or more points, stop the interactive module execution by unchecking it in the in the tools menu.",
      "tool_id": "0",
      "tool_name": "Create Reference Points"
    },
    {
      "author": "O.Conrad (c) 2006",
      "parameters": [
        {
          "inputs": [
            {
              "constraints": "",
              "description": "",
              "identifier": "REF_SOURCE",
              "name": "Reference Points (Origin)",
              "optional": "false",
              "type": "Shapes (input)"
            },
            {
              "constraints": "",
              "description": "",
              "identifier": "REF_TARGET",
              "name": "Reference Points (Projection)",
              "optional": "true",
              "type": "Shapes (optional input)"
            },
            {
              "constraints": "",
              "description": "",
              "identifier": "GRID",
              "name": "Grid",
              "optional": "false",
              "type": "Grid (input)"
            }
          ]
        },
        null,
        {
          "optionals": [
            {
              "constraints": "",
              "description": "",
              "identifier": "XFIELD",
              "name": "x Position",
              "type": "Table field"
            },
            {
              "constraints": "",
              "description": "",
              "identifier": "YFIELD",
              "name": "y Position",
              "type": "Table field"
            },
            {
              "constraints": "Available Choices:\n[0] Automatic\n[1] Triangulation\n[2] Spline\n[3] Affine\n[4] 1st Order Polynomial\n[5] 2nd Order Polynomial\n[6] 3rd Order Polynomial\n[7] Polynomial, Order\nDefault: 0",
              "description": "",
              "identifier": "METHOD",
              "name": "Method",
              "type": "Choice"
            },
            {
              "constraints": "Minimum: 1\nDefault: 3",
              "description": "",
              "identifier": "ORDER",
              "name": "Polynomial Order",
              "type": "Integer"
            },
            {
              "constraints": "",
              "description": "",
              "identifier": "GRID_GRIDSYSTEM",
              "name": "Grid system",
              "type": "Grid system"
            },
            {
              "constraints": "Available Choices:\n[0] Nearest Neighbour\n[1] Bilinear Interpolation\n[2] Bicubic Spline Interpolation\n[3] B-Spline Interpolation\nDefault: 3",
              "description": "",
              "identifier": "RESAMPLING",
              "name": "Resampling",
              "type": "Choice"
            },
            {
              "constraints": "Default: 0",
              "description": "",
              "identifier": "BYTEWISE",
              "name": "Bytewise Interpolation",
              "type": "Boolean"
            }
          ]
        }
      ],
      "tool_description": "Georeferencing and rectification for grids. Either choose the attribute fields (x/y) with the projected coordinates for the reference points (origin) or supply an additional points layer with correspondend points in the target projection. ",
      "tool_id": "1",
      "tool_name": "Rectify Grid"
    },
    {
      "author": "O.Conrad (c) 2006",
      "parameters": [
        {
          "inputs": [
            {
              "constraints": "",
              "description": "",
              "identifier": "REF_SOURCE",
              "name": "Reference Points (Origin)",
              "optional": "false",
              "type": "Shapes (input)"
            },
            {
              "constraints": "",
              "description": "",
              "identifier": "REF_TARGET",
              "name": "Reference Points (Projection)",
              "optional": "true",
              "type": "Shapes (optional input)"
            },
            {
              "constraints": "",
              "description": "",
              "identifier": "INPUT",
              "name": "Input",
              "optional": "false",
              "type": "Shapes (input)"
            }
          ]
        },
        {
          "outputs": [
            {
              "constraints": "",
              "description": "",
              "identifier": "OUTPUT",
              "name": "Output",
              "optional": "false",
              "type": "Shapes (output)"
            }
          ]
        },
        {
          "optionals": [
            {
              "constraints": "",
              "description": "",
              "identifier": "XFIELD",
              "name": "x Position",
              "type": "Table field"
            },
            {
              "constraints": "",
              "description": "",
              "identifier": "YFIELD",
              "name": "y Position",
              "type": "Table field"
            },
            {
              "constraints": "Available Choices:\n[0] Automatic\n[1] Triangulation\n[2] Spline\n[3] Affine\n[4] 1st Order Polynomial\n[5] 2nd Order Polynomial\n[6] 3rd Order Polynomial\n[7] Polynomial, Order\nDefault: 0",
              "description": "",
              "identifier": "METHOD",
              "name": "Method",
              "type": "Choice"
            },
            {
              "constraints": "Minimum: 1\nDefault: 3",
              "description": "",
              "identifier": "ORDER",
              "name": "Polynomial Order",
              "type": "Integer"
            }
          ]
        }
      ],
      "tool_description": "Georeferencing of shapes layers. Either choose the attribute fields (x/y) with the projected coordinates for the reference points (origin) or supply a additional points layer with correspondend points in the target projection. ",
      "tool_id": "2",
      "tool_name": "Warping Shapes"
    },
    {
      "author": "O.Conrad (c) 2008",
      "parameters": [
        {
          "inputs": [
            {
              "constraints": "",
              "description": "",
              "identifier": "SOURCE",
              "name": "Source",
              "optional": "false",
              "type": "Grid (input)"
            }
          ]
        },
        {
          "outputs": [
            {
              "constraints": "",
              "description": "",
              "identifier": "GRID",
              "name": "Grid",
              "optional": "true",
              "type": "Data Object Grid (optional output)"
            }
          ]
        },
        {
          "optionals": [
            {
              "constraints": "",
              "description": "",
              "identifier": "SOURCE_GRIDSYSTEM",
              "name": "Grid system",
              "type": "Grid system"
            }
          ]
        }
      ],
      "tool_description": "",
      "tool_id": "3",
      "tool_name": "Move Grid"
    },
    {
      "author": "O.Conrad (c) 2012",
      "parameters": [
        {
          "inputs": [
            {
              "constraints": "",
              "description": "",
              "identifier": "INPUT",
              "name": "Unreferenced Grids",
              "optional": "false",
              "type": "Grid list (input)"
            },
            {
              "constraints": "",
              "description": "",
              "identifier": "DEM",
              "name": "Elevation",
              "optional": "true",
              "type": "Grid (optional input)"
            }
          ]
        },
        {
          "outputs": [
            {
              "constraints": "",
              "description": "",
              "identifier": "OUTPUT",
              "name": "Referenced Grids",
              "optional": "false",
              "type": "Grid list (output)"
            },
            {
              "constraints": "",
              "description": "",
              "identifier": "EXTENT",
              "name": "Extent",
              "optional": "true",
              "type": "Shapes (optional output)"
            }
          ]
        },
        {
          "optionals": [
            {
              "constraints": "",
              "description": "",
              "identifier": "PARAMETERS_GRID_SYSTEM",
              "name": "Grid system",
              "type": "Grid system"
            },
            {
              "constraints": "",
              "description": "",
              "identifier": "DEM_GRIDSYSTEM",
              "name": "Grid system",
              "type": "Grid system"
            },
            {
              "constraints": "Default: 0.000000",
              "description": "",
              "identifier": "ZREF",
              "name": "Default Reference Height",
              "type": "Floating point"
            },
            {
              "constraints": "Default: 0.000000",
              "description": "",
              "identifier": "X",
              "name": "X",
              "type": "Floating point"
            },
            {
              "constraints": "Default: 0.000000",
              "description": "",
              "identifier": "Y",
              "name": "Y",
              "type": "Floating point"
            },
            {
              "constraints": "Default: 1000.000000",
              "description": "",
              "identifier": "Z",
              "name": "Flying Height",
              "type": "Floating point"
            },
            {
              "constraints": "Available Choices:\n[0] BLUH\n[1] PATB\nDefault: 0",
              "description": "",
              "identifier": "ORIENTATION",
              "name": "Orientation",
              "type": "Choice"
            },
            {
              "constraints": "Default: 0.000000",
              "description": "rotation around the X axis (roll)",
              "identifier": "OMEGA",
              "name": "Omega [degree]",
              "type": "Floating point"
            },
            {
              "constraints": "Default: 0.000000",
              "description": "rotation around the Y axis (pitch)",
              "identifier": "PHI",
              "name": "Phi [degree]",
              "type": "Floating point"
            },
            {
              "constraints": "Default: 0.000000",
              "description": "rotation around the Z axis (heading)",
              "identifier": "KAPPA",
              "name": "Kappa [degree]",
              "type": "Floating point"
            },
            {
              "constraints": "Default: 90.000000",
              "description": "origin adjustment for Z axis (heading)",
              "identifier": "KAPPA_OFF",
              "name": "Kappa Offset [degree]",
              "type": "Floating point"
            },
            {
              "constraints": "Minimum: 0.000000\nDefault: 80.000000",
              "description": "",
              "identifier": "CFL",
              "name": "Focal Length [mm]",
              "type": "Floating point"
            },
            {
              "constraints": "Minimum: 0.000000\nDefault: 5.200000",
              "description": "",
              "identifier": "PXSIZE",
              "name": "CCD Physical Pixel Size [micron]",
              "type": "Floating point"
            },
            {
              "constraints": "Available Choices:\n[0] Nearest Neighbour\n[1] Bilinear Interpolation\n[2] Bicubic Spline Interpolation\n[3] B-Spline Interpolation\nDefault: 3",
              "description": "",
              "identifier": "RESAMPLING",
              "name": "Resampling",
              "type": "Choice"
            },
            {
              "constraints": "Available Choices:\n[0] 1 byte unsigned integer\n[1] 1 byte signed integer\n[2] 2 byte unsigned integer\n[3] 2 byte signed integer\n[4] 4 byte unsigned integer\n[5] 4 byte signed integer\n[6] 4 byte floating point\n[7] 8 byte floating point\n[8] same as original\nDefault: 8",
              "description": "",
              "identifier": "DATA_TYPE",
              "name": "Data Storage Type",
              "type": "Choice"
            },
            {
              "constraints": "Available Choices:\n[0] top down\n[1] bottom up\nDefault: 0",
              "description": "",
              "identifier": "ROW_ORDER",
              "name": "Row Order",
              "type": "Choice"
            }
          ]
        }
      ],
      "tool_description": "Direct georeferencing of aerial photographs uses extrinsic (position, attitude) and intrinsic (focal length, physical pixel size) camera parameters. Orthorectification routine supports additional data from a Digital Elevation Model (DEM).\n\nReferences:\nBaumker, M. / Heimes, F.J. (2001): New Calibration and Computing Method for Direct Georeferencing of Image and Scanner Data Using the Position and Angular Data of an Hybrid Inertial Navigation System. OEEPE Workshop, Integrated Sensor Orientation, Hannover 2001. <a target=\"_blank\" href=\"http://www.hochschule-bochum.de/fileadmin/media/fb_v/veroeffentlichungen/baeumker/baheimesoeepe.pdf\">online</a>.\n",
      "tool_id": "4",
      "tool_name": "Direct Georeferencing of Airborne Photographs"
    },
    {
      "author": "O.Conrad (c) 2013",
      "parameters": [
        {
          "inputs": [
            {
              "constraints": "",
              "description": "",
              "identifier": "GRIDS",
              "name": "Grids",
              "optional": "false",
              "type": "Grid list (input)"
            }
          ]
        },
        {
          "outputs": [
            {
              "constraints": "",
              "description": "",
              "identifier": "REFERENCED",
              "name": "Referenced Grids",
              "optional": "false",
              "type": "Grid list (output)"
            }
          ]
        },
        {
          "optionals": [
            {
              "constraints": "",
              "description": "",
              "identifier": "PARAMETERS_GRID_SYSTEM",
              "name": "Grid system",
              "type": "Grid system"
            },
            {
              "constraints": "Available Choices:\n[0] cellsize and lower left cell coordinates\n[1] cellsize and upper left cell coordinates\n[2] lower left cell coordinates and left to right range\n[3] lower left cell coordinates and lower to upper range\nDefault: 0",
              "description": "",
              "identifier": "DEFINITION",
              "name": "Definition",
              "type": "Choice"
            },
            {
              "constraints": "",
              "description": "",
              "identifier": "SYSTEM",
              "name": "Grid System",
              "type": "Grid system"
            },
            {
              "constraints": "Minimum: 0.000000\nDefault: 1.000000",
              "description": "",
              "identifier": "SIZE",
              "name": "Cellsize",
              "type": "Floating point"
            },
            {
              "constraints": "Default: 0.000000",
              "description": "",
              "identifier": "XMIN",
              "name": "Left",
              "type": "Floating point"
            },
            {
              "constraints": "Default: 0.000000",
              "description": "",
              "identifier": "XMAX",
              "name": "Right",
              "type": "Floating point"
            },
            {
              "constraints": "Default: 0.000000",
              "description": "",
              "identifier": "YMIN",
              "name": "Lower",
              "type": "Floating point"
            },
            {
              "constraints": "Default: 0.000000",
              "description": "",
              "identifier": "YMAX",
              "name": "Upper",
              "type": "Floating point"
            },
            {
              "constraints": "Available Choices:\n[0] center\n[1] corner\nDefault: 0",
              "description": "",
              "identifier": "CELL_REF",
              "name": "Cell Reference",
              "type": "Choice"
            }
          ]
        }
      ],
      "tool_description": "This tool simply allows definition of grid's cellsize and position. It does not perform any kind of warping but might be helpful, if the grid has lost this information or is already aligned with the coordinate system. ",
      "tool_id": "5",
      "tool_name": "Define Georeference for Grids"
    },
    {
      "author": "O.Conrad (c) 2014",
      "parameters": [
        null,
        {
          "outputs": [
            {
              "constraints": "",
              "description": "",
              "identifier": "EXTENT",
              "name": "Extent",
              "optional": "true",
              "type": "Shapes (optional output)"
            }
          ]
        },
        {
          "optionals": [
            {
              "constraints": "",
              "description": "",
              "identifier": "FILE",
              "name": "World File",
              "type": "File path"
            },
            {
              "constraints": "Minimum: 1\nDefault: 100",
              "description": "",
              "identifier": "NX",
              "name": "Number of Columns",
              "type": "Integer"
            },
            {
              "constraints": "Minimum: 1\nDefault: 100",
              "description": "",
              "identifier": "NY",
              "name": "Number of Columns",
              "type": "Integer"
            },
            {
              "constraints": "Default: 0.000000",
              "description": "",
              "identifier": "X",
              "name": "X",
              "type": "Floating point"
            },
            {
              "constraints": "Default: 0.000000",
              "description": "",
              "identifier": "Y",
              "name": "Y",
              "type": "Floating point"
            },
            {
              "constraints": "Default: 1000.000000",
              "description": "",
              "identifier": "Z",
              "name": "Flying Height",
              "type": "Floating point"
            },
            {
              "constraints": "Available Choices:\n[0] BLUH\n[1] PATB\nDefault: 0",
              "description": "",
              "identifier": "ORIENTATION",
              "name": "Orientation",
              "type": "Choice"
            },
            {
              "constraints": "Default: 0.000000",
              "description": "rotation around the X axis (roll)",
              "identifier": "OMEGA",
              "name": "Omega [degree]",
              "type": "Floating point"
            },
            {
              "constraints": "Default: 0.000000",
              "description": "rotation around the Y axis (pitch)",
              "identifier": "PHI",
              "name": "Phi [degree]",
              "type": "Floating point"
            },
            {
              "constraints": "Default: 0.000000",
              "description": "rotation around the Z axis (heading)",
              "identifier": "KAPPA",
              "name": "Kappa [degree]",
              "type": "Floating point"
            },
            {
              "constraints": "Default: 90.000000",
              "description": "origin adjustment for Z axis (heading)",
              "identifier": "KAPPA_OFF",
              "name": "Kappa Offset [degree]",
              "type": "Floating point"
            },
            {
              "constraints": "Minimum: 0.000000\nDefault: 80.000000",
              "description": "",
              "identifier": "CFL",
              "name": "Focal Length [mm]",
              "type": "Floating point"
            },
            {
              "constraints": "Minimum: 0.000000\nDefault: 5.200000",
              "description": "",
              "identifier": "PXSIZE",
              "name": "CCD Physical Pixel Size [micron]",
              "type": "Floating point"
            }
          ]
        }
      ],
      "tool_description": "Creates a world file (RST = rotation, scaling, translation) for georeferencing images by direct georeferencing. Direct georeferencing uses extrinsic (position, attitude) and intrinsic (focal length, physical pixel size) camera parameters.\n\nReferences:\nBaumker, M. / Heimes, F.J. (2001): New Calibration and Computing Method for Direct Georeferencing of Image and Scanner Data Using the Position and Angular Data of an Hybrid Inertial Navigation System. OEEPE Workshop, Integrated Sensor Orientation, Hannover 2001. <a target=\"_blank\" href=\"http://www.hochschule-bochum.de/fileadmin/media/fb_v/veroeffentlichungen/baeumker/baheimesoeepe.pdf\">online</a>.\n",
      "tool_id": "6",
      "tool_name": "World File from Flight and Camera Settings"
    }
  ]
}

