{
  "Version": "1.0",
  "author": "Various Authors",
  "library_description": "Tools for the manipulation of point vector data.",
  "library_name": "shapes_points",
  "library_name_title": "Shapes Points",
  "tools": [
    {
      "author": "Victor Olaya (c) 2004",
      "parameters": [
        {
          "inputs": [
            {
              "constraints": "",
              "description": "",
              "identifier": "TABLE",
              "name": "Table",
              "optional": "false",
              "type": "Table (input)"
            }
          ]
        },
        {
          "outputs": [
            {
              "constraints": "",
              "description": "",
              "identifier": "POINTS",
              "name": "Points",
              "optional": "false",
              "type": "Shapes (output)"
            }
          ]
        },
        {
          "optionals": [
            {
              "constraints": "",
              "description": "",
              "identifier": "X",
              "name": "X",
              "type": "Table field"
            },
            {
              "constraints": "",
              "description": "",
              "identifier": "Y",
              "name": "Y",
              "type": "Table field"
            },
            {
              "constraints": "",
              "description": "",
              "identifier": "Z",
              "name": "Z",
              "type": "Table field"
            }
          ]
        }
      ],
      "tool_description": "Create Point Theme From Table",
      "tool_id": "0",
      "tool_name": "Convert Table to Points"
    },
    {
      "author": "Victor Olaya (c) 2004",
      "parameters": [
        {
          "inputs": [
            {
              "constraints": "",
              "description": "",
              "identifier": "POINTS",
              "name": "Points",
              "optional": "false",
              "type": "Shapes (input)"
            },
            {
              "constraints": "",
              "description": "",
              "identifier": "POLYGONS",
              "name": "Polygons",
              "optional": "false",
              "type": "Shapes (input)"
            }
          ]
        },
        null,
        null
      ],
      "tool_description": "Count Points in Polygons.",
      "tool_id": "1",
      "tool_name": "Count Points in Polygons"
    },
    {
      "author": "",
      "parameters": [
        null,
        {
          "outputs": [
            {
              "constraints": "",
              "description": "",
              "identifier": "POINTS",
              "name": "Point Grid",
              "optional": "false",
              "type": "Shapes (output)"
            }
          ]
        },
        {
          "optionals": [
            {
              "constraints": "",
              "description": "",
              "identifier": "X_EXTENT",
              "name": "X-Extent",
              "type": "Value range"
            },
            {
              "constraints": "",
              "description": "",
              "identifier": "Y_EXTENT",
              "name": "Y-Extent",
              "type": "Value range"
            },
            {
              "constraints": "Default: 100.000000",
              "description": "Distance between points (grid units).",
              "identifier": "DIST",
              "name": "Distance",
              "type": "Floating point"
            }
          ]
        }
      ],
      "tool_description": "(c) 2004 by Victor Olaya. Creates a regular grid of points.",
      "tool_id": "2",
      "tool_name": "Create Point Grid"
    },
    {
      "author": "V.Olaya (c) 2004, O.Conrad (c) 2014",
      "parameters": [
        {
          "inputs": [
            {
              "constraints": "",
              "description": "",
              "identifier": "POINTS",
              "name": "Points",
              "optional": "false",
              "type": "Shapes (input)"
            },
            {
              "constraints": "",
              "description": "",
              "identifier": "NEAR",
              "name": "Near Points",
              "optional": "true",
              "type": "Shapes (optional input)"
            }
          ]
        },
        {
          "outputs": [
            {
              "constraints": "",
              "description": "",
              "identifier": "DISTANCES",
              "name": "Distances",
              "optional": "false",
              "type": "Table (output)"
            }
          ]
        },
        {
          "optionals": [
            {
              "constraints": "",
              "description": "",
              "identifier": "ID_POINTS",
              "name": "Identifier",
              "type": "Table field"
            },
            {
              "constraints": "",
              "description": "",
              "identifier": "ID_NEAR",
              "name": "Identifier",
              "type": "Table field"
            },
            {
              "constraints": "Available Choices:\n[0] complete input times near points matrix\n[1] each pair with a single record\nDefault: 1",
              "description": "",
              "identifier": "FORMAT",
              "name": "Output Format",
              "type": "Choice"
            },
            {
              "constraints": "Minimum: 0.000000\nDefault: 0.000000",
              "description": "ignored if set to zero (consider all pairs)",
              "identifier": "MAX_DIST",
              "name": "Maximum Distance",
              "type": "Floating point"
            }
          ]
        }
      ],
      "tool_description": "Computes distances between pairs of points.",
      "tool_id": "3",
      "tool_name": "Point Distances"
    },
    {
      "author": "",
      "parameters": [
        {
          "inputs": [
            {
              "constraints": "",
              "description": "",
              "identifier": "SHAPES",
              "name": "Shapes",
              "optional": "false",
              "type": "Shapes (input)"
            }
          ]
        },
        {
          "outputs": [
            {
              "constraints": "",
              "description": "",
              "identifier": "POINTS",
              "name": "Points",
              "optional": "false",
              "type": "Shapes (output)"
            }
          ]
        },
        {
          "optionals": [
            {
              "constraints": "Minimum: 1\nDefault: 100",
              "description": "Number of points",
              "identifier": "NUMPOINTS",
              "name": "Number of points",
              "type": "Integer"
            }
          ]
        }
      ],
      "tool_description": "(c) 2004 by Victor Olaya. Fit N Points to shape",
      "tool_id": "4",
      "tool_name": "Fit N Points to shape"
    },
    {
      "author": "V. Olaya, V. Wichmann (c) 2004-2015",
      "parameters": [
        {
          "inputs": [
            {
              "constraints": "",
              "description": "",
              "identifier": "LINES",
              "name": "Lines",
              "optional": "false",
              "type": "Shapes (input)"
            }
          ]
        },
        {
          "outputs": [
            {
              "constraints": "",
              "description": "",
              "identifier": "POINTS",
              "name": "Points",
              "optional": "false",
              "type": "Shapes (output)"
            }
          ]
        },
        {
          "optionals": [
            {
              "constraints": "Default: 0",
              "description": "",
              "identifier": "ADD",
              "name": "Insert Additional Points",
              "type": "Boolean"
            },
            {
              "constraints": "Available Choices:\n[0] per line segment\n[1] per line\n[2] from line center\nDefault: 0",
              "description": "Choose the method how to insert additional points.",
              "identifier": "METHOD_INSERT",
              "name": "Insertion",
              "type": "Choice"
            },
            {
              "constraints": "Minimum: 0.000000\nDefault: 1.000000",
              "description": "Point insertion distance [map units].",
              "identifier": "DIST",
              "name": "Insertion Distance",
              "type": "Floating point"
            },
            {
              "constraints": "Default: 0",
              "description": "Add point order as additional attribute.",
              "identifier": "ADD_POINT_ORDER",
              "name": "Add Point Order",
              "type": "Boolean"
            }
          ]
        }
      ],
      "tool_description": "Converts lines to points. Optionally inserts additional points in user-defined distances. ",
      "tool_id": "5",
      "tool_name": "Convert Lines to Points"
    },
    {
      "author": "Victor Olaya (c) 2004",
      "parameters": [
        {
          "inputs": [
            {
              "constraints": "",
              "description": "",
              "identifier": "INPUT",
              "name": "Points",
              "optional": "false",
              "type": "Shapes (input)"
            }
          ]
        },
        {
          "outputs": [
            {
              "constraints": "",
              "description": "",
              "identifier": "OUTPUT",
              "name": "Output",
              "optional": "true",
              "type": "Shapes (optional output)"
            }
          ]
        },
        {
          "optionals": [
            {
              "constraints": "Default: 1",
              "description": "",
              "identifier": "X",
              "name": "X",
              "type": "Boolean"
            },
            {
              "constraints": "Default: 1",
              "description": "",
              "identifier": "Y",
              "name": "Y",
              "type": "Boolean"
            },
            {
              "constraints": "Default: 1",
              "description": "",
              "identifier": "Z",
              "name": "Z",
              "type": "Boolean"
            },
            {
              "constraints": "Default: 1",
              "description": "",
              "identifier": "M",
              "name": "M",
              "type": "Boolean"
            }
          ]
        }
      ],
      "tool_description": "The tool attaches the x- and y-coordinates of each point to the attribute table. For 3D shapefiles, also the z/m-coordinates are reported.",
      "tool_id": "6",
      "tool_name": "Add Coordinates to Points"
    },
    {
      "author": "O.Conrad (c) 2008",
      "parameters": [
        {
          "inputs": [
            {
              "constraints": "",
              "description": "",
              "identifier": "POINTS",
              "name": "Points",
              "optional": "false",
              "type": "Shapes (input)"
            }
          ]
        },
        {
          "outputs": [
            {
              "constraints": "",
              "description": "",
              "identifier": "RESULT",
              "name": "Result",
              "optional": "true",
              "type": "Shapes (optional output)"
            }
          ]
        },
        {
          "optionals": [
            {
              "constraints": "",
              "description": "",
              "identifier": "FIELD",
              "name": "Attribute",
              "type": "Table field"
            },
            {
              "constraints": "Available Choices:\n[0] first point\n[1] last point\n[2] point with minimum attribute value\n[3] point with maximum attribute value\nDefault: 0",
              "description": "",
              "identifier": "METHOD",
              "name": "Point to Keep",
              "type": "Choice"
            },
            {
              "constraints": "Available Choices:\n[0] take value from the point to be kept\n[1] minimum value of all duplicates\n[2] maximum value of all duplicates\n[3] mean value of all duplicates\nDefault: 0",
              "description": "",
              "identifier": "NUMERIC",
              "name": "Numeric Attribute Values",
              "type": "Choice"
            }
          ]
        }
      ],
      "tool_description": "",
      "tool_id": "7",
      "tool_name": "Remove Duplicate Points"
    },
    {
      "author": "(c) 2008 by O.Conrad",
      "parameters": [
        {
          "inputs": [
            {
              "constraints": "",
              "description": "",
              "identifier": "POINTS",
              "name": "Points",
              "optional": "false",
              "type": "Shapes (input)"
            },
            {
              "constraints": "",
              "description": "",
              "identifier": "POLYGONS",
              "name": "Polygons",
              "optional": "false",
              "type": "Shapes (input)"
            }
          ]
        },
        {
          "outputs": [
            {
              "constraints": "",
              "description": "",
              "identifier": "CLIPS",
              "name": "Clipped Points",
              "optional": "false",
              "type": "Shapes list (output)"
            }
          ]
        },
        {
          "optionals": [
            {
              "constraints": "",
              "description": "",
              "identifier": "FIELD",
              "name": "Add Attribute to Clipped Points",
              "type": "Table field"
            },
            {
              "constraints": "Available Choices:\n[0] one layer for all points\n[1] separate layer for each polygon\nDefault: 0",
              "description": "",
              "identifier": "METHOD",
              "name": "Clipping Options",
              "type": "Choice"
            }
          ]
        }
      ],
      "tool_description": "",
      "tool_id": "8",
      "tool_name": "Clip Points with Polygons"
    },
    {
      "author": "O. Conrad (c) 2008",
      "parameters": [
        {
          "inputs": [
            {
              "constraints": "",
              "description": "",
              "identifier": "POINTS",
              "name": "Points",
              "optional": "false",
              "type": "Shapes (input)"
            }
          ]
        },
        {
          "outputs": [
            {
              "constraints": "",
              "description": "",
              "identifier": "OUTPUT",
              "name": "Ouput",
              "optional": "false",
              "type": "Shapes list (output)"
            }
          ]
        },
        {
          "optionals": [
            {
              "constraints": "Minimum: 2.000000\nDefault: 4.000000",
              "description": "",
              "identifier": "DIRECTIONS",
              "name": "Number of Directions",
              "type": "Floating point"
            },
            {
              "constraints": "Minimum: 0.000000\nDefault: 5.000000",
              "description": "",
              "identifier": "TOLERANCE",
              "name": "Tolerance (Degree)",
              "type": "Floating point"
            }
          ]
        }
      ],
      "tool_description": "Separates points by direction. Direction is determined as average direction of three consecutive points A, B, C. If the angle between the directions of A-B and B-C is higher than given tolerance angle the point is dropped. This tool has been designed to separate GPS tracks recorded by tractors while preparing a field. ",
      "tool_id": "9",
      "tool_name": "Separate points by direction"
    },
    {
      "author": "O.Conrad (c) 2009",
      "parameters": [
        {
          "inputs": [
            {
              "constraints": "",
              "description": "",
              "identifier": "INPUT",
              "name": "Points",
              "optional": "false",
              "type": "Shapes (input)"
            },
            {
              "constraints": "",
              "description": "",
              "identifier": "POLYGONS",
              "name": "Polygons",
              "optional": "false",
              "type": "Shapes (input)"
            }
          ]
        },
        {
          "outputs": [
            {
              "constraints": "",
              "description": "",
              "identifier": "OUTPUT",
              "name": "Result",
              "optional": "true",
              "type": "Shapes (optional output)"
            }
          ]
        },
        {
          "optionals": [
            {
              "constraints": "",
              "description": "Attributes to add. Select none to add all",
              "identifier": "FIELDS",
              "name": "Attributes",
              "type": "Table fields"
            }
          ]
        }
      ],
      "tool_description": "Spatial join for points. Retrieves for each point the selected attributes from those polygon, which contain the point. ",
      "tool_id": "10",
      "tool_name": "Add Polygon Attributes to Points"
    },
    {
      "author": "O.Conrad (c) 2010",
      "parameters": [
        {
          "inputs": [
            {
              "constraints": "",
              "description": "",
              "identifier": "POINTS",
              "name": "Points",
              "optional": "false",
              "type": "Shapes (input)"
            }
          ]
        },
        {
          "outputs": [
            {
              "constraints": "",
              "description": "",
              "identifier": "FILTER",
              "name": "Filtered Points",
              "optional": "true",
              "type": "Shapes (optional output)"
            }
          ]
        },
        {
          "optionals": [
            {
              "constraints": "",
              "description": "",
              "identifier": "FIELD",
              "name": "Attribute",
              "type": "Table field"
            },
            {
              "constraints": "Minimum: 0.000000\nDefault: 1.000000",
              "description": "",
              "identifier": "RADIUS",
              "name": "Radius",
              "type": "Floating point"
            },
            {
              "constraints": "Minimum: 0\nDefault: 0",
              "description": "only points with given minimum number of points in search radius will be processed",
              "identifier": "MINNUM",
              "name": "Minimum Number of Points",
              "type": "Integer"
            },
            {
              "constraints": "Minimum: 0\nDefault: 0",
              "description": "Number of nearest points, which will be evaluated for filtering. Set to zero to investigate all points in search radius.",
              "identifier": "MAXNUM",
              "name": "Maximum Number of Points",
              "type": "Integer"
            },
            {
              "constraints": "Default: 0",
              "description": "",
              "identifier": "QUADRANTS",
              "name": "Quadrants",
              "type": "Boolean"
            },
            {
              "constraints": "Available Choices:\n[0] keep maxima (with tolerance)\n[1] keep minima (with tolerance)\n[2] remove maxima (with tolerance)\n[3] remove minima (with tolerance)\n[4] remove below percentile\n[5] remove above percentile\nDefault: 0",
              "description": "",
              "identifier": "METHOD",
              "name": "Filter Criterion",
              "type": "Choice"
            },
            {
              "constraints": "Minimum: 0.000000\nDefault: 0.000000",
              "description": "",
              "identifier": "TOLERANCE",
              "name": "Tolerance",
              "type": "Floating point"
            },
            {
              "constraints": "Minimum: 0.000000\nMaximum: 100.000000\nDefault: 50.000000",
              "description": "",
              "identifier": "PERCENT",
              "name": "Percentile",
              "type": "Floating point"
            }
          ]
        }
      ],
      "tool_description": "",
      "tool_id": "11",
      "tool_name": "Points Filter"
    },
    {
      "author": "O.Conrad (c) 2011",
      "parameters": [
        {
          "inputs": [
            {
              "constraints": "",
              "description": "",
              "identifier": "SHAPES",
              "name": "Points",
              "optional": "false",
              "type": "Shapes (input)"
            }
          ]
        },
        {
          "outputs": [
            {
              "constraints": "",
              "description": "",
              "identifier": "HULLS",
              "name": "Convex Hull",
              "optional": "false",
              "type": "Shapes (output)"
            },
            {
              "constraints": "",
              "description": "",
              "identifier": "BOXES",
              "name": "Minimum Bounding Box",
              "optional": "true",
              "type": "Shapes (optional output)"
            }
          ]
        },
        {
          "optionals": [
            {
              "constraints": "Available Choices:\n[0] one hull for all shapes\n[1] one hull per shape\n[2] one hull per shape part\nDefault: 1",
              "description": "This option does not apply to simple point layers.",
              "identifier": "POLYPOINTS",
              "name": "Hull Construction",
              "type": "Choice"
            }
          ]
        }
      ],
      "tool_description": "Implementation of 'Andrew's Monotone Chain Algorithm' for convex hull construction. \nReferences:\nAlgorithmist (2011): <a target=\"_blank\" href=\"http://www.algorithmist.com/index.php/Monotone_Chain_Convex_Hull.cpp\">Monotone Chain Convex Hull</a>. algorithmist.com.\nAndrew, A.M. (1979): Another Efficient Algorithm for Convex Hulls in Two Dimensions. Info. Proc. Letters 9, pp.216-219.\nSunday, D. (2001-2006): <a target=\"_blank\" href=\"http://www.softsurfer.com/Archive/algorithm_0109\">The Convex Hull of a 2D Point Set or Polygon</a>. Softsurfer.com.\n",
      "tool_id": "12",
      "tool_name": "Convex Hull"
    },
    {
      "author": "O.Conrad (c) 2011",
      "parameters": [
        {
          "inputs": [
            {
              "constraints": "",
              "description": "",
              "identifier": "POINTS",
              "name": "Points",
              "optional": "false",
              "type": "Shapes (input)"
            }
          ]
        },
        {
          "outputs": [
            {
              "constraints": "",
              "description": "",
              "identifier": "SELECTION",
              "name": "Selection",
              "optional": "false",
              "type": "Shapes (output)"
            }
          ]
        },
        {
          "optionals": [
            {
              "constraints": "Minimum: 0.000000\nDefault: 1.000000",
              "description": "",
              "identifier": "RADIUS",
              "name": "Radius",
              "type": "Floating point"
            },
            {
              "constraints": "Minimum: 0\nDefault: 0",
              "description": "",
              "identifier": "MAXNUM",
              "name": "Maximum Number of Points",
              "type": "Integer"
            },
            {
              "constraints": "Available Choices:\n[0] all quadrants\n[1] 1. quadrant (upper right)\n[2] 2. quadrant (lower right)\n[3] 3. quadrant (lower left)\n[4] 4. quadrant (upper left)\nDefault: 0",
              "description": "",
              "identifier": "QUADRANT",
              "name": "Quadrant",
              "type": "Choice"
            },
            {
              "constraints": "Default: 0",
              "description": "",
              "identifier": "ADDCENTER",
              "name": "Add Center",
              "type": "Boolean"
            }
          ]
        }
      ],
      "tool_description": "",
      "tool_id": "13",
      "tool_name": "Select Points"
    },
    {
      "author": "O.Conrad (c) 2011",
      "parameters": [
        {
          "inputs": [
            {
              "constraints": "",
              "description": "",
              "identifier": "POINTS",
              "name": "Points",
              "optional": "false",
              "type": "Shapes (input)"
            }
          ]
        },
        {
          "outputs": [
            {
              "constraints": "",
              "description": "",
              "identifier": "THINNED",
              "name": "Thinned Points",
              "optional": "false",
              "type": "Shapes (output)"
            }
          ]
        },
        {
          "optionals": [
            {
              "constraints": "",
              "description": "",
              "identifier": "FIELD",
              "name": "Attribute",
              "type": "Table field"
            },
            {
              "constraints": "Minimum: 0.000000\nDefault: 1.000000",
              "description": "",
              "identifier": "RESOLUTION",
              "name": "Resolution",
              "type": "Floating point"
            }
          ]
        }
      ],
      "tool_description": "",
      "tool_id": "14",
      "tool_name": "Points Thinning"
    },
    {
      "author": "O.Conrad (c) 2011",
      "parameters": [
        {
          "inputs": [
            {
              "constraints": "",
              "description": "",
              "identifier": "MULTIPOINTS",
              "name": "Multipoints",
              "optional": "false",
              "type": "Shapes (input)"
            }
          ]
        },
        {
          "outputs": [
            {
              "constraints": "",
              "description": "",
              "identifier": "POINTS",
              "name": "Points",
              "optional": "false",
              "type": "Shapes (output)"
            }
          ]
        },
        null
      ],
      "tool_description": "Converts multipoints to points. ",
      "tool_id": "15",
      "tool_name": "Convert Multipoints to Points"
    },
    {
      "author": "O.Conrad (c) 2011",
      "parameters": [
        {
          "inputs": [
            {
              "constraints": "",
              "description": "",
              "identifier": "POINTS",
              "name": "Points",
              "optional": "false",
              "type": "Shapes (input)"
            }
          ]
        },
        {
          "outputs": [
            {
              "constraints": "",
              "description": "",
              "identifier": "POLYGONS",
              "name": "Polygons",
              "optional": "false",
              "type": "Shapes (output)"
            }
          ]
        },
        {
          "optionals": [
            {
              "constraints": "Minimum: 0.000000\nDefault: 10.000000",
              "description": "",
              "identifier": "FRAME",
              "name": "Frame Size",
              "type": "Floating point"
            }
          ]
        }
      ],
      "tool_description": "Creates Thiessen or Voronoi polygons for given point data set.",
      "tool_id": "16",
      "tool_name": "Thiessen Polygons"
    },
    {
      "author": "O.Conrad (c) 2011",
      "parameters": [
        {
          "inputs": [
            {
              "constraints": "",
              "description": "",
              "identifier": "REFERENCE",
              "name": "Reference Points",
              "optional": "false",
              "type": "Shapes (input)"
            },
            {
              "constraints": "",
              "description": "",
              "identifier": "OBSERVATIONS",
              "name": "Observations",
              "optional": "false",
              "type": "Table (input)"
            }
          ]
        },
        {
          "outputs": [
            {
              "constraints": "",
              "description": "",
              "identifier": "AGGREGATED",
              "name": "Aggregated",
              "optional": "false",
              "type": "Table (output)"
            }
          ]
        },
        {
          "optionals": [
            {
              "constraints": "",
              "description": "",
              "identifier": "REFERENCE_ID",
              "name": "ID",
              "type": "Table field"
            },
            {
              "constraints": "",
              "description": "",
              "identifier": "X",
              "name": "X",
              "type": "Table field"
            },
            {
              "constraints": "",
              "description": "",
              "identifier": "Y",
              "name": "Y",
              "type": "Table field"
            },
            {
              "constraints": "",
              "description": "",
              "identifier": "TRACK",
              "name": "Track",
              "type": "Table field"
            },
            {
              "constraints": "",
              "description": "",
              "identifier": "DATE",
              "name": "Date",
              "type": "Table field"
            },
            {
              "constraints": "",
              "description": "expected to be the second of day",
              "identifier": "TIME",
              "name": "Time",
              "type": "Table field"
            },
            {
              "constraints": "",
              "description": "",
              "identifier": "PARAMETER",
              "name": "Parameter",
              "type": "Table field"
            },
            {
              "constraints": "Available Choices:\n[0] ignore\n[1] floating\n[2] fixed\nDefault: 1",
              "description": "",
              "identifier": "TIME_SPAN",
              "name": "Time Span Aggregation",
              "type": "Choice"
            },
            {
              "constraints": "Minimum: 0.000000\nDefault: 20.000000",
              "description": "ignored if set to zero",
              "identifier": "FIX_TIME",
              "name": "Fixed Time Span (minutes)",
              "type": "Floating point"
            },
            {
              "constraints": "Default: -10.000000",
              "description": "offset in minutes relative to 00:00 (midnight)",
              "identifier": "OFF_TIME",
              "name": "Fixed Time Span Offset (minutes)",
              "type": "Floating point"
            },
            {
              "constraints": "Minimum: 0.000000\nDefault: 60.000000",
              "description": "ignored if set to zero",
              "identifier": "EPS_TIME",
              "name": "Maximum Time Span (Seconds)",
              "type": "Floating point"
            },
            {
              "constraints": "Minimum: 0.000000\nDefault: 100.000000",
              "description": "given as map units or meters if polar coordinates switch is on; ignored if set to zero",
              "identifier": "EPS_SPACE",
              "name": "Maximum Distance",
              "type": "Floating point"
            },
            {
              "constraints": "Default: 0",
              "description": "",
              "identifier": "VERBOSE",
              "name": "Verbose",
              "type": "Boolean"
            },
            {
              "constraints": "Default: 0",
              "description": "",
              "identifier": "POLAR",
              "name": "Polar Coordinates",
              "type": "Boolean"
            }
          ]
        }
      ],
      "tool_description": "",
      "tool_id": "17",
      "tool_name": "Aggregate Point Observations"
    },
    {
      "author": "O.Conrad (c) 2012",
      "parameters": [
        {
          "inputs": [
            {
              "constraints": "",
              "description": "",
              "identifier": "INPUT",
              "name": "Points",
              "optional": "false",
              "type": "Shapes (input)"
            },
            {
              "constraints": "",
              "description": "",
              "identifier": "SNAP",
              "name": "Snap Features",
              "optional": "false",
              "type": "Shapes (input)"
            }
          ]
        },
        {
          "outputs": [
            {
              "constraints": "",
              "description": "",
              "identifier": "OUTPUT",
              "name": "Result",
              "optional": "true",
              "type": "Shapes (optional output)"
            },
            {
              "constraints": "",
              "description": "",
              "identifier": "MOVES",
              "name": "Moves",
              "optional": "true",
              "type": "Shapes (optional output)"
            }
          ]
        },
        {
          "optionals": [
            {
              "constraints": "Minimum: 0.000000\nDefault: 0.000000",
              "description": "",
              "identifier": "DISTANCE",
              "name": "Search Distance",
              "type": "Floating point"
            }
          ]
        }
      ],
      "tool_description": "",
      "tool_id": "18",
      "tool_name": "Snap Points to Points"
    },
    {
      "author": "O.Conrad (c) 2012",
      "parameters": [
        {
          "inputs": [
            {
              "constraints": "",
              "description": "",
              "identifier": "INPUT",
              "name": "Points",
              "optional": "false",
              "type": "Shapes (input)"
            },
            {
              "constraints": "",
              "description": "",
              "identifier": "SNAP",
              "name": "Snap Features",
              "optional": "false",
              "type": "Shapes (input)"
            }
          ]
        },
        {
          "outputs": [
            {
              "constraints": "",
              "description": "",
              "identifier": "OUTPUT",
              "name": "Result",
              "optional": "true",
              "type": "Shapes (optional output)"
            },
            {
              "constraints": "",
              "description": "",
              "identifier": "MOVES",
              "name": "Moves",
              "optional": "true",
              "type": "Shapes (optional output)"
            }
          ]
        },
        {
          "optionals": [
            {
              "constraints": "Minimum: 0.000000\nDefault: 0.000000",
              "description": "",
              "identifier": "DISTANCE",
              "name": "Search Distance",
              "type": "Floating point"
            }
          ]
        }
      ],
      "tool_description": "",
      "tool_id": "19",
      "tool_name": "Snap Points to Lines"
    },
    {
      "author": "O.Conrad (c) 2012",
      "parameters": [
        {
          "inputs": [
            {
              "constraints": "",
              "description": "",
              "identifier": "INPUT",
              "name": "Points",
              "optional": "false",
              "type": "Shapes (input)"
            },
            {
              "constraints": "",
              "description": "",
              "identifier": "GRID",
              "name": "Grid",
              "optional": "false",
              "type": "Grid (input)"
            }
          ]
        },
        {
          "outputs": [
            {
              "constraints": "",
              "description": "",
              "identifier": "OUTPUT",
              "name": "Result",
              "optional": "true",
              "type": "Shapes (optional output)"
            },
            {
              "constraints": "",
              "description": "",
              "identifier": "MOVES",
              "name": "Moves",
              "optional": "true",
              "type": "Shapes (optional output)"
            }
          ]
        },
        {
          "optionals": [
            {
              "constraints": "",
              "description": "",
              "identifier": "PARAMETERS_GRID_SYSTEM",
              "name": "Grid system",
              "type": "Grid system"
            },
            {
              "constraints": "Minimum: 0.000000\nDefault: 0.000000",
              "description": "",
              "identifier": "DISTANCE",
              "name": "Search Distance (Map Units)",
              "type": "Floating point"
            },
            {
              "constraints": "Available Choices:\n[0] circle\n[1] square\nDefault: 0",
              "description": "",
              "identifier": "SHAPE",
              "name": "Search Shape",
              "type": "Choice"
            },
            {
              "constraints": "Available Choices:\n[0] minimum\n[1] maximum\nDefault: 1",
              "description": "",
              "identifier": "EXTREME",
              "name": "Extreme",
              "type": "Choice"
            }
          ]
        }
      ],
      "tool_description": "Moves all points to grid cell positions that have the highest orlowest value respectively within the given search distance around each point.",
      "tool_id": "20",
      "tool_name": "Snap Points to Grid"
    }
  ]
}

