{
  "Version": "1.0",
  "author": "O. Conrad, V. Wichmann (c) 2005-2014",
  "library_description": "Tools for lines.",
  "library_name": "shapes_lines",
  "library_name_title": "Shapes Lines",
  "tools": [
    {
      "author": "O.Conrad (c) 2005",
      "parameters": [
        {
          "inputs": [
            {
              "constraints": "",
              "description": "",
              "identifier": "POLYGONS",
              "name": "Polygons",
              "optional": "false",
              "type": "Shapes (input)"
            }
          ]
        },
        {
          "outputs": [
            {
              "constraints": "",
              "description": "",
              "identifier": "LINES",
              "name": "Lines",
              "optional": "false",
              "type": "Shapes (output)"
            }
          ]
        },
        null
      ],
      "tool_description": "Convert polygons to lines.",
      "tool_id": "0",
      "tool_name": "Convert Polygons to Lines"
    },
    {
      "author": "O.Conrad (c) 2008",
      "parameters": [
        {
          "inputs": [
            {
              "constraints": "",
              "description": "",
              "identifier": "POINTS",
              "name": "Points",
              "optional": "false",
              "type": "Shapes (input)"
            }
          ]
        },
        {
          "outputs": [
            {
              "constraints": "",
              "description": "",
              "identifier": "LINES",
              "name": "Lines",
              "optional": "false",
              "type": "Shapes (output)"
            }
          ]
        },
        {
          "optionals": [
            {
              "constraints": "",
              "description": "",
              "identifier": "ORDER",
              "name": "Order by...",
              "type": "Table field"
            },
            {
              "constraints": "",
              "description": "",
              "identifier": "SEPARATE",
              "name": "Separate by...",
              "type": "Table field"
            },
            {
              "constraints": "",
              "description": "",
              "identifier": "ELEVATION",
              "name": "Elevation",
              "type": "Table field"
            }
          ]
        }
      ],
      "tool_description": "Converts points to line(s).",
      "tool_id": "1",
      "tool_name": "Convert Points to Line(s)"
    },
    {
      "author": "O. Conrad (c) 2009",
      "parameters": [
        {
          "inputs": [
            {
              "constraints": "",
              "description": "",
              "identifier": "LINES",
              "name": "Lines",
              "optional": "false",
              "type": "Shapes (input)"
            }
          ]
        },
        {
          "outputs": [
            {
              "constraints": "",
              "description": "If not set property attributes will be added to the orignal layer.",
              "identifier": "OUTPUT",
              "name": "Lines with Property Attributes",
              "optional": "true",
              "type": "Shapes (optional output)"
            }
          ]
        },
        {
          "optionals": [
            {
              "constraints": "Default: 0",
              "description": "",
              "identifier": "BPARTS",
              "name": "Number of Parts",
              "type": "Boolean"
            },
            {
              "constraints": "Default: 0",
              "description": "",
              "identifier": "BPOINTS",
              "name": "Number of Vertices",
              "type": "Boolean"
            },
            {
              "constraints": "Default: 1",
              "description": "",
              "identifier": "BLENGTH",
              "name": "Length",
              "type": "Boolean"
            }
          ]
        }
      ],
      "tool_description": "Line properties: length, number of vertices.",
      "tool_id": "2",
      "tool_name": "Line Properties"
    },
    {
      "author": "O. Conrad (c) 2010",
      "parameters": [
        {
          "inputs": [
            {
              "constraints": "",
              "description": "",
              "identifier": "LINES",
              "name": "Lines",
              "optional": "false",
              "type": "Shapes (input)"
            },
            {
              "constraints": "",
              "description": "",
              "identifier": "POLYGONS",
              "name": "Polygons",
              "optional": "false",
              "type": "Shapes (input)"
            }
          ]
        },
        {
          "outputs": [
            {
              "constraints": "",
              "description": "",
              "identifier": "INTERSECT",
              "name": "Intersection",
              "optional": "false",
              "type": "Shapes (output)"
            },
            {
              "constraints": "",
              "description": "",
              "identifier": "DIFFERENCE",
              "name": "Difference",
              "optional": "false",
              "type": "Shapes (output)"
            }
          ]
        },
        {
          "optionals": [
            {
              "constraints": "Available Choices:\n[0] polygon\n[1] line\n[2] line and polygon\nDefault: 1",
              "description": "attributes inherited to intersection result",
              "identifier": "ATTRIBUTES",
              "name": "Attributes",
              "type": "Choice"
            }
          ]
        }
      ],
      "tool_description": "Line-polygon intersection.",
      "tool_id": "3",
      "tool_name": "Line-Polygon Intersection"
    },
    {
      "author": "O. Conrad (c) 2010",
      "parameters": [
        {
          "inputs": [
            {
              "constraints": "",
              "description": "Line or polygon shapefile to simplify.",
              "identifier": "LINES",
              "name": "Lines",
              "optional": "false",
              "type": "Shapes (input)"
            }
          ]
        },
        {
          "outputs": [
            {
              "constraints": "",
              "description": "If not set points will be removed from the input data set.",
              "identifier": "OUTPUT",
              "name": "Simplified Lines",
              "optional": "true",
              "type": "Shapes (optional output)"
            }
          ]
        },
        {
          "optionals": [
            {
              "constraints": "Minimum: 0.000000\nDefault: 1.000000",
              "description": "Maximum deviation allowed between original and simplified curve [map units].",
              "identifier": "TOLERANCE",
              "name": "Tolerance",
              "type": "Floating point"
            }
          ]
        }
      ],
      "tool_description": "Line simplification implementing the Ramer-Douglas-Peucker algorithm.\n\nRefererences:\n- Ramer, U. (1972): An iterative procedure for the polygonal approximation of plane curves. Computer Graphics and Image Processing, 1(3), 244-256\n- Douglas, D., Peucker, T. (1973): Algorithms for the reduction of the number of points required to represent a digitized line or its caricature. The Canadian Cartographer 10(2), 112-122\n\n- Polyline Reduction source code at <a target=\"_blank\" href=\"http://mappinghacks.com/code/PolyLineReduction/\">mappinghacks.com</a>\n",
      "tool_id": "4",
      "tool_name": "Line Simplification"
    },
    {
      "author": "O.Conrad (c) 2011",
      "parameters": [
        {
          "inputs": [
            {
              "constraints": "",
              "description": "",
              "identifier": "LINES",
              "name": "Lines",
              "optional": "false",
              "type": "Shapes (input)"
            }
          ]
        },
        {
          "outputs": [
            {
              "constraints": "",
              "description": "",
              "identifier": "DISSOLVED",
              "name": "Dissolved Lines",
              "optional": "false",
              "type": "Shapes (output)"
            }
          ]
        },
        {
          "optionals": [
            {
              "constraints": "",
              "description": "",
              "identifier": "FIELD_1",
              "name": "1. Attribute",
              "type": "Table field"
            },
            {
              "constraints": "",
              "description": "",
              "identifier": "FIELD_2",
              "name": "2. Attribute",
              "type": "Table field"
            },
            {
              "constraints": "",
              "description": "",
              "identifier": "FIELD_3",
              "name": "3. Attribute",
              "type": "Table field"
            },
            {
              "constraints": "Available Choices:\n[0] lines with same attribute value(s)\n[1] all lines\nDefault: 0",
              "description": "",
              "identifier": "ALL",
              "name": "Dissolve...",
              "type": "Choice"
            }
          ]
        }
      ],
      "tool_description": "Dissolves line shapes, which share the same attribute value(s).",
      "tool_id": "5",
      "tool_name": "Line Dissolve"
    },
    {
      "author": "O. Conrad (c) 2014",
      "parameters": [
        {
          "inputs": [
            {
              "constraints": "",
              "description": "",
              "identifier": "LINES",
              "name": "Lines",
              "optional": "false",
              "type": "Shapes (input)"
            },
            {
              "constraints": "",
              "description": "",
              "identifier": "SPLIT",
              "name": "Split Features",
              "optional": "false",
              "type": "Shapes (input)"
            }
          ]
        },
        {
          "outputs": [
            {
              "constraints": "",
              "description": "",
              "identifier": "INTERSECT",
              "name": "Intersection",
              "optional": "false",
              "type": "Shapes (output)"
            }
          ]
        },
        {
          "optionals": [
            {
              "constraints": "Available Choices:\n[0] polylines\n[1] separate lines\nDefault: 1",
              "description": "",
              "identifier": "OUTPUT",
              "name": "Output",
              "type": "Choice"
            }
          ]
        }
      ],
      "tool_description": "Split Lines with Lines.",
      "tool_id": "6",
      "tool_name": "Split Lines with Lines"
    },
    {
      "author": "V. Wichmann, J. Engels (c) 2014",
      "parameters": [
        {
          "inputs": [
            {
              "constraints": "",
              "description": "The input line shapefile to smooth.",
              "identifier": "LINES_IN",
              "name": "Lines",
              "optional": "false",
              "type": "Shapes (input)"
            }
          ]
        },
        {
          "outputs": [
            {
              "constraints": "",
              "description": "The smoothed output line shapefile.",
              "identifier": "LINES_OUT",
              "name": "Smoothed Lines",
              "optional": "false",
              "type": "Shapes (output)"
            }
          ]
        },
        {
          "optionals": [
            {
              "constraints": "Available Choices:\n[0] basic SIA model\n[1] improved SIA model\n[2] Gaussian Filtering\nDefault: 2",
              "description": "Choose the method to apply.",
              "identifier": "METHOD",
              "name": "Method",
              "type": "Choice"
            },
            {
              "constraints": "Minimum: 1\nDefault: 3",
              "description": "Half the size of the moving window [vertex count], controls smoothing sensitivity.",
              "identifier": "SENSITIVITY",
              "name": "Sensitivity",
              "type": "Integer"
            },
            {
              "constraints": "Minimum: 1\nDefault: 10",
              "description": "The number of smoothing iterations [-].",
              "identifier": "ITERATIONS",
              "name": "Iterations",
              "type": "Integer"
            },
            {
              "constraints": "Minimum: 1.000000\nDefault: 10.000000",
              "description": "The smoothing preservation factor [-].",
              "identifier": "PRESERVATION",
              "name": "Preservation",
              "type": "Floating point"
            },
            {
              "constraints": "Minimum: 0.500000\nDefault: 2.000000",
              "description": "Standard deviation of the Gaussian filter [-].",
              "identifier": "SIGMA",
              "name": "Sigma",
              "type": "Floating point"
            }
          ]
        }
      ],
      "tool_description": "The tool provides methods for line smoothing including iterative averaging (SIA) and Gaussian filtering.\n\nIterative averaging (SIA) is described by Mansouryar & Hedayati (2012). A higher smoothing sensitivity results in a stronger smoothing in less iterations and vice versa. The 'improved SIA model' simply applies a preservation factor in the first iteration and then runs the 'basic SIA model' for the following iterations.\n\nGaussian filtering with shrinkage correction is described by Lowe (1989).\n\nIn case the density of line vertices is too high, the 'Line Simplification' tool can be applied first. If the density of line vertices is too low, additional vertices can be inserted by applying the 'Convert Lines to Points' and the 'Convert Points to Line(s)' tools prior to smoothing.\n\nReferences:\nLowe, D. (1989): Organization of Smooth Image Curves at Multiple Scales. International Journal of Computer Vision, 3: 119-130. (<a target=\"_blank\" href=\"http://www.cs.ubc.ca/~lowe/papers/iccv88.pdf\">pdf</a>)\n\nMansouryar, M. & Hedayati, A. (2012): Smoothing Via Iterative Averaging (SIA) - A Basic Technique for Line Smoothing. International Journal of Computer and Electrical Engineering Vol. 4, No. 3: 307-311. (<a target=\"_blank\" href=\"http://www.ijcee.org/papers/501-P063.pdf\">pdf</a>)\n\n",
      "tool_id": "7",
      "tool_name": "Line Smoothing"
    },
    {
      "author": "O. Conrad (c) 2015",
      "parameters": [
        {
          "inputs": [
            {
              "constraints": "",
              "description": "",
              "identifier": "LINES",
              "name": "Lines",
              "optional": "false",
              "type": "Shapes (input)"
            },
            {
              "constraints": "",
              "description": "",
              "identifier": "SPLIT",
              "name": "Split Features",
              "optional": "false",
              "type": "Shapes (input)"
            }
          ]
        },
        {
          "outputs": [
            {
              "constraints": "",
              "description": "",
              "identifier": "INTERSECT",
              "name": "Intersection",
              "optional": "false",
              "type": "Shapes (output)"
            }
          ]
        },
        {
          "optionals": [
            {
              "constraints": "Available Choices:\n[0] polylines\n[1] separate lines\nDefault: 1",
              "description": "",
              "identifier": "OUTPUT",
              "name": "Output",
              "type": "Choice"
            },
            {
              "constraints": "Default: 0.000000",
              "description": "",
              "identifier": "EPSILON",
              "name": "Epsilon",
              "type": "Floating point"
            }
          ]
        }
      ],
      "tool_description": "Split Lines at Points.",
      "tool_id": "8",
      "tool_name": "Split Lines at Points"
    },
    {
      "author": "O.Conrad (c) 2016",
      "parameters": [
        {
          "inputs": [
            {
              "constraints": "",
              "description": "",
              "identifier": "LINES_A",
              "name": "1st Lines Layer",
              "optional": "false",
              "type": "Shapes (input)"
            },
            {
              "constraints": "",
              "description": "",
              "identifier": "LINES_B",
              "name": "2nd Lines Layer",
              "optional": "false",
              "type": "Shapes (input)"
            }
          ]
        },
        {
          "outputs": [
            {
              "constraints": "",
              "description": "",
              "identifier": "CROSSINGS",
              "name": "Crossings",
              "optional": "false",
              "type": "Shapes (output)"
            }
          ]
        },
        {
          "optionals": [
            {
              "constraints": "Available Choices:\n[0] index\n[1] attributes\n[2] index and attributes\nDefault: 2",
              "description": "attributes inherited by parent lines layers",
              "identifier": "ATTRIBUTES",
              "name": "Parent Attributes",
              "type": "Choice"
            }
          ]
        }
      ],
      "tool_description": "",
      "tool_id": "9",
      "tool_name": "Line Crossings"
    }
  ]
}

