{
  "Version": "1.0",
  "author": "Johan Van de Wauw (c) 2009",
  "library_description": "A SAGA tool to create transects through polygon files.",
  "library_name": "shapes_transect",
  "library_name_title": "Shapes Transect",
  "tools": [
    {
      "author": "Copyrights (c) 2009 Johan Van de Wauw",
      "parameters": [
        {
          "inputs": [
            {
              "constraints": "",
              "description": "",
              "identifier": "TRANSECT",
              "name": "Line Transect(s)",
              "optional": "false",
              "type": "Shapes (input)"
            },
            {
              "constraints": "",
              "description": "",
              "identifier": "THEME",
              "name": "Theme",
              "optional": "false",
              "type": "Shapes (input)"
            }
          ]
        },
        {
          "outputs": [
            {
              "constraints": "",
              "description": "",
              "identifier": "TRANSECT_RESULT",
              "name": "Result table",
              "optional": "false",
              "type": "Table (output)"
            }
          ]
        },
        {
          "optionals": [
            {
              "constraints": "",
              "description": "",
              "identifier": "THEME_FIELD",
              "name": "Theme Field",
              "type": "Table field"
            }
          ]
        }
      ],
      "tool_description": "Transect for lines and polygon shapefiles\n\nThe goal of this tool is to create a transect along a line through a polygon map.\nEg\n\n|____ST1_____!_ST2_!__ST1__!_______ST#_____|\n\n(Soil type 1 etc...)\n\nThis is done by creating a table with the ID of each line, the distance \nto the starting point and the different transects:\n\n<pre>|  line_id  |  start  |  end  |  code/field  |\n|    0      |    0    |  124  |     ST1      |\n|    0      |   124   |  300  |     ST2      |\n|    0      |   300   | 1223  |     ST1      |\n|    0      |  1223   | 2504  |     ST3      |\n|    1      |    0    |  200  |     ST4      |\n|   ...     |   ...   |  ...  |     ...      |</pre>\n\n\nThe tool requires an input shape with all the line transects [Transect_Line] \nand a polygon theme [Theme]. You also have to select which field you want to have in \nthe resulting table [Transect_Result]. This can be an ID of the polygon theme if you \nwant to link the tables later on, or any other field [Theme_Field].\n",
      "tool_id": "0",
      "tool_name": "Transect through polygon shapefile"
    }
  ]
}

