{
  "Version": "1.0",
  "author": "O. Conrad, V. Olaya, V. Wichmann (c) 2002-2016",
  "library_description": "Tools for the manipulation of vector data.",
  "library_name": "shapes_tools",
  "library_name_title": "Shapes Tools",
  "tools": [{
    "author": "O. Conrad (c) 2008",
    "parameters": [null, {
      "outputs": [{
        "constraints": "",
        "description": "",
        "identifier": "SHAPES",
        "name": "Shapes",
        "optional": "true",
        "type": "Data Object Shapes (optional output)"
      }]
    }, {
      "optionals": [{
        "constraints": "Default: New Shapes Layer",
        "description": "",
        "identifier": "NAME",
        "name": "Name",
        "type": "Text"
      }, {
        "constraints": "Available Choices:\n[0] Point\n[1] Multipoint\n[2] Lines\n[3] Polygon\nDefault: 0",
        "description": "",
        "identifier": "TYPE",
        "name": "Shape Type",
        "type": "Choice"
      }, {
        "constraints": "Available Choices:\n[0] x, y\n[1] x, y, z\n[2] x, y, z, m\nDefault: 0",
        "description": "",
        "identifier": "VERTEX",
        "name": "Vertex Type",
        "type": "Choice"
      }, {
        "constraints": "Minimum: 1\nDefault: 2",
        "description": "",
        "identifier": "NFIELDS",
        "name": "Number of Attributes",
        "type": "Integer"
      }, {
        "constraints": "4 Parameters:\n- 1. Default: Name\n- 2. Available Choices:\n[0] string\n[1] date\n[2] color\n[3] unsigned 1 byte integer\n[4] signed 1 byte integer\n[5] unsigned 2 byte integer\n[6] signed 2 byte integer\n[7] unsigned 4 byte integer\n[8] signed 4 byte integer\n[9] unsigned 8 byte integer\n[10] signed 8 byte integer\n[11] 4 byte floating point number\n[12] 8 byte floating point number\n[13] binary\nDefault: 0\n- 3. Default: Name\n- 4. Available Choices:\n[0] string\n[1] date\n[2] color\n[3] unsigned 1 byte integer\n[4] signed 1 byte integer\n[5] unsigned 2 byte integer\n[6] signed 2 byte integer\n[7] unsigned 4 byte integer\n[8] signed 4 byte integer\n[9] unsigned 8 byte integer\n[10] signed 8 byte integer\n[11] 4 byte floating point number\n[12] 8 byte floating point number\n[13] binary\nDefault: 0\n",
        "description": "",
        "identifier": "FIELDS",
        "name": "Attributes",
        "type": "Parameters"
      }]
    }],
    "tool_description": "Creates a new empty shapes layer of given type, which might be either point, multipoint, line or polygon.\n\nPossible field types for the attributes table are:\n- string\n- date\n- color\n- unsigned 1 byte integer\n- signed 1 byte integer\n- unsigned 2 byte integer\n- signed 2 byte integer\n- unsigned 4 byte integer\n- signed 4 byte integer\n- unsigned 8 byte integer\n- signed 8 byte integer\n- 4 byte floating point number\n- 8 byte floating point number\n- binary\n",
    "tool_id": "0",
    "tool_name": "Create New Shapes Layer",
    "tool_path": "http://geomodeling.njnu.edu.cn/OpenGMS/page/model-item-info/model-item-info.html?NjE0Zjk3YjYtOTUyYi00YWEyLThmZjAtM2NiMzM0ODA3MjVhZWI=",
    "oid": "5b90e7bbd15d75093cb5882d",
    "stateId": "B52E1A4A-85A6-4ac5-B3B0-E08002CFE8E8",
    "mdlId": "B4FA892E-B8A8-481d-9560-F6F9D7E25362"
  }, {
    "author": "V.Olaya (c) 2004",
    "parameters": [{
      "inputs": [{
        "constraints": "",
        "description": "Output will inherit shape type and table structure from the first layer in this list.",
        "identifier": "INPUT",
        "name": "Layers",
        "optional": "false",
        "type": "Shapes list (input)"
      }]
    }, {
      "outputs": [{
        "constraints": "",
        "description": "",
        "identifier": "MERGED",
        "name": "Merged Layer",
        "optional": "false",
        "type": "Shapes (output)"
      }]
    }, {
      "optionals": [{
        "constraints": "Default: 1",
        "description": "Adds a field with the name of the original input data set.",
        "identifier": "SRCINFO",
        "name": "Add Source Information",
        "type": "Boolean"
      }, {
        "constraints": "Default: 1",
        "description": "",
        "identifier": "MATCH",
        "name": "Match Fields by Name",
        "type": "Boolean"
      }]
    }],
    "tool_description": "Merge vector layers.",
    "tool_id": "2",
    "tool_name": "Merge Layers",
    "tool_path": "http://geomodeling.njnu.edu.cn/OpenGMS/page/model-item-info/model-item-info.html?NWI4Y2RjMTAtYmRkNi00ZDk2LWJlNGMtMDRlZjY4MTZlNThmYmM=",
    "oid": "5b90e7bbd15d75093cb58837",
    "stateId": "00783C9B-4AAC-4a2d-8FD0-B081B3E44501",
    "mdlId": "0E9D6352-43E2-4f69-90D4-231725E29C9F"
  }, {
    "author": "V.Olaya (c) 2004, O.Conrad (c) 2011",
    "parameters": [{
      "inputs": [{
        "constraints": "",
        "description": "",
        "identifier": "SHAPES",
        "name": "Shapes",
        "optional": "false",
        "type": "Shapes (input)"
      }]
    }, null, {
      "optionals": [{
        "constraints": "",
        "description": "attribute to be searched; if not set all attributes will be searched",
        "identifier": "FIELD",
        "name": "Attribute",
        "type": "Table field"
      }, {
        "constraints": "Default: a > 0",
        "description": "",
        "identifier": "EXPRESSION",
        "name": "Expression",
        "type": "Text"
      }, {
        "constraints": "Available Choices:\n[0] new selection\n[1] add to current selection\n[2] select from current selection\n[3] remove from current selection\nDefault: 0",
        "description": "",
        "identifier": "METHOD",
        "name": "Method",
        "type": "Choice"
      }]
    }],
    "tool_description": "Selects records for which the expression is true.",
    "tool_id": "3",
    "tool_name": "Select by Attributes... (Numerical Expression)",
    "tool_path": "",
    "oid": "",
    "stateId": "",
    "mdlId": ""
  }, {
    "author": "V.Olaya (c) 2004, O.Conrad (c) 2011",
    "parameters": [{
      "inputs": [{
        "constraints": "",
        "description": "",
        "identifier": "SHAPES",
        "name": "Shapes",
        "optional": "false",
        "type": "Shapes (input)"
      }]
    }, null, {
      "optionals": [{
        "constraints": "",
        "description": "attribute to be searched; if not set all attributes will be searched",
        "identifier": "FIELD",
        "name": "Attribute",
        "type": "Table field"
      }, {
        "constraints": "",
        "description": "",
        "identifier": "EXPRESSION",
        "name": "Expression",
        "type": "Text"
      }, {
        "constraints": "Default: 1",
        "description": "",
        "identifier": "CASE",
        "name": "Case Sensitive",
        "type": "Boolean"
      }, {
        "constraints": "Available Choices:\n[0] attribute is identical with search expression\n[1] attribute contains search expression\n[2] attribute is contained in search expression\nDefault: 1",
        "description": "",
        "identifier": "COMPARE",
        "name": "Select if...",
        "type": "Choice"
      }, {
        "constraints": "Available Choices:\n[0] new selection\n[1] add to current selection\n[2] select from current selection\n[3] remove from current selection\nDefault: 0",
        "description": "",
        "identifier": "METHOD",
        "name": "Method",
        "type": "Choice"
      }]
    }],
    "tool_description": "Searches for an character string expression in the attributes table and selects records where the expression is found.",
    "tool_id": "4",
    "tool_name": "Select by Attributes... (String Expression)",
    "tool_path": "",
    "oid": "",
    "stateId": "",
    "mdlId": ""
  }, {
    "author": "V.Olaya (c) 2004, O.Conrad (c) 2011",
    "parameters": [{
      "inputs": [{
        "constraints": "",
        "description": "",
        "identifier": "SHAPES",
        "name": "Shapes to Select From",
        "optional": "false",
        "type": "Shapes (input)"
      }, {
        "constraints": "",
        "description": "",
        "identifier": "LOCATIONS",
        "name": "Locations",
        "optional": "false",
        "type": "Shapes (input)"
      }]
    }, null, {
      "optionals": [{
        "constraints": "Available Choices:\n[0] intersect\n[1] are completely within\n[2] completely contain\n[3] have their centroid in\n[4] contain the centeroid of\nDefault: 0",
        "description": "Select shapes that fulfil this condition",
        "identifier": "CONDITION",
        "name": "Condition",
        "type": "Choice"
      }, {
        "constraints": "Available Choices:\n[0] new selection\n[1] add to current selection\n[2] select from current selection\n[3] remove from current selection\nDefault: 0",
        "description": "",
        "identifier": "METHOD",
        "name": "Method",
        "type": "Choice"
      }]
    }],
    "tool_description": "Select by location.",
    "tool_id": "5",
    "tool_name": "Select by Location...",
    "tool_path": "",
    "oid": "",
    "stateId": "",
    "mdlId": ""
  }, {
    "author": "Victor Olaya (c) 2004",
    "parameters": [{
      "inputs": [{
        "constraints": "",
        "description": "",
        "identifier": "INPUT",
        "name": "Input",
        "optional": "false",
        "type": "Shapes (input)"
      }]
    }, {
      "outputs": [{
        "constraints": "",
        "description": "",
        "identifier": "OUTPUT",
        "name": "Output",
        "optional": "false",
        "type": "Shapes (output)"
      }]
    }, null],
    "tool_description": "Copies selected shapes to a new shapes layer.",
    "tool_id": "6",
    "tool_name": "Copy Selection to New Shapes Layer",
    "tool_path": "http://geomodeling.njnu.edu.cn/OpenGMS/page/model-item-info/model-item-info.html?NTQ2MTA4ZWQtMmUxNS00MWNiLWExNDctYjM2OGNiM2YyZThlNTI=",
    "oid": "5b90e7bbd15d75093cb58840",
    "stateId": "6BEB5DB1-21F5-48ee-822E-19D1D86F1294",
    "mdlId": "CE0A1069-18A0-40b3-A5CF-E2E5C8B10073"
  }, {
    "author": "O.Conrad (c) 2011",
    "parameters": [{
      "inputs": [{
        "constraints": "",
        "description": "",
        "identifier": "INPUT",
        "name": "Input",
        "optional": "false",
        "type": "Shapes (input)"
      }]
    }, null, null],
    "tool_description": "Deletes selected shapes from shapes layer.",
    "tool_id": "7",
    "tool_name": "Delete Selection from Shapes Layer",
    "tool_path": "",
    "oid": "",
    "stateId": "",
    "mdlId": ""
  }, {
    "author": "O.Conrad (c) 2011",
    "parameters": [{
      "inputs": [{
        "constraints": "",
        "description": "",
        "identifier": "INPUT",
        "name": "Input",
        "optional": "false",
        "type": "Shapes (input)"
      }]
    }, null, null],
    "tool_description": "Deselects selected and selects unselected shapes of given shapes layer.",
    "tool_id": "8",
    "tool_name": "Invert Selection of Shapes Layer",
    "tool_path": "",
    "oid": "",
    "stateId": "",
    "mdlId": ""
  }, {
    "author": "Victor Olaya (c) 2005",
    "parameters": [{
      "inputs": [{
        "constraints": "",
        "description": "",
        "identifier": "SHAPES",
        "name": "Input",
        "optional": "false",
        "type": "Shapes (input)"
      }]
    }, {
      "outputs": [{
        "constraints": "",
        "description": "",
        "identifier": "LIST",
        "name": "Output",
        "optional": "false",
        "type": "Shapes list (output)"
      }]
    }, {
      "optionals": [{
        "constraints": "",
        "description": "",
        "identifier": "FIELD",
        "name": "Attribute",
        "type": "Table field"
      }, {
        "constraints": "Available Choices:\n[0] number of order\n[1] attribute\nDefault: 0",
        "description": "",
        "identifier": "NAMING",
        "name": "Name by...",
        "type": "Choice"
      }]
    }],
    "tool_description": "Copies each shape of given layer to a separate target layer.",
    "tool_id": "9",
    "tool_name": "Split Shapes Layer Completely",
    "tool_path": "http://geomodeling.njnu.edu.cn/OpenGMS/page/model-item-info/model-item-info.html?MjA1N2Q5MDUtZjM2ZC00Yjg5LThiY2UtMDAzYWU5ZDJjMmUxYzM=",
    "oid": "5b90e7bbd15d75093cb58841",
    "stateId": "389008AC-064E-40a0-8498-F67C2B805407",
    "mdlId": "E9C6EB27-013F-4c42-8162-E4FD7D3A5774"
  }, {
    "author": "Victor Olaya (c) 2004",
    "parameters": [{
      "inputs": [{
        "constraints": "",
        "description": "",
        "identifier": "SHAPES",
        "name": "Shapes",
        "optional": "false",
        "type": "Shapes (input)"
      }]
    }, {
      "outputs": [{
        "constraints": "",
        "description": "",
        "identifier": "TRANSFORM",
        "name": "Transformed Shapes",
        "optional": "true",
        "type": "Shapes (optional output)"
      }]
    }, {
      "optionals": [{
        "constraints": "Default: 0.000000",
        "description": "",
        "identifier": "MOVEX",
        "name": "X",
        "type": "Floating point"
      }, {
        "constraints": "Default: 0.000000",
        "description": "",
        "identifier": "MOVEY",
        "name": "Y",
        "type": "Floating point"
      }, {
        "constraints": "Default: 0.000000",
        "description": "",
        "identifier": "MOVEZ",
        "name": "Z",
        "type": "Floating point"
      }, {
        "constraints": "Default: 0.000000",
        "description": "",
        "identifier": "ANCHORX",
        "name": "X",
        "type": "Floating point"
      }, {
        "constraints": "Default: 0.000000",
        "description": "",
        "identifier": "ANCHORY",
        "name": "Y",
        "type": "Floating point"
      }, {
        "constraints": "Default: 0.000000",
        "description": "",
        "identifier": "ANCHORZ",
        "name": "Z",
        "type": "Floating point"
      }, {
        "constraints": "Default: 1.000000",
        "description": "",
        "identifier": "SCALEX",
        "name": "X",
        "type": "Floating point"
      }, {
        "constraints": "Default: 1.000000",
        "description": "",
        "identifier": "SCALEY",
        "name": "Y",
        "type": "Floating point"
      }, {
        "constraints": "Default: 1.000000",
        "description": "",
        "identifier": "SCALEZ",
        "name": "Z",
        "type": "Floating point"
      }, {
        "constraints": "Default: 0.000000",
        "description": "",
        "identifier": "ROTATEX",
        "name": "X",
        "type": "Floating point"
      }, {
        "constraints": "Default: 0.000000",
        "description": "",
        "identifier": "ROTATEY",
        "name": "Y",
        "type": "Floating point"
      }, {
        "constraints": "Default: 0.000000",
        "description": "",
        "identifier": "ROTATEZ",
        "name": "Z",
        "type": "Floating point"
      }]
    }],
    "tool_description": "Use this tool to move, rotate and/or scale shapes.",
    "tool_id": "10",
    "tool_name": "Transform Shapes",
    "tool_path": "http://geomodeling.njnu.edu.cn/OpenGMS/page/model-item-info/model-item-info.html?ZGJmZTgzNDctYWE1Mi00YTk3LWI3MjAtZTM4MTRiZTkyZjVlYjE=",
    "oid": "5b90e7bbd15d75093cb5882e",
    "stateId": "709ADA30-C4CE-46cc-9973-A874B3687915",
    "mdlId": "D1EB0DD5-F1A4-4a5a-BD63-FFE92A705A47"
  }, {
    "author": "",
    "parameters": [{
      "inputs": [{
        "constraints": "",
        "description": "",
        "identifier": "INPUT",
        "name": "Shapes",
        "optional": "false",
        "type": "Shapes (input)"
      }]
    }, null, {
      "optionals": [{
        "constraints": "",
        "description": "",
        "identifier": "SIZE",
        "name": "Size field",
        "type": "Table field"
      }, {
        "constraints": "Minimum: 0.000000\nDefault: 100.000000",
        "description": "",
        "identifier": "MAXSIZE",
        "name": "Maximum size",
        "type": "Floating point"
      }, {
        "constraints": "Minimum: 0.000000\nDefault: 10.000000",
        "description": "",
        "identifier": "MINSIZE",
        "name": "Minimum size",
        "type": "Floating point"
      }, {
        "constraints": "Available Choices:\n[0] Sectors\n[1] Bars\nDefault: 0",
        "description": "",
        "identifier": "TYPE",
        "name": "Type",
        "type": "Choice"
      }]
    }],
    "tool_description": "(c) 2004 by Victor Olaya. ",
    "tool_id": "11",
    "tool_name": "Create Chart Layer (bars/sectors)",
    "tool_path": "",
    "oid": "",
    "stateId": "",
    "mdlId": ""
  }, {
    "author": "V.Olaya (c) 2004",
    "parameters": [{
      "inputs": [{
        "constraints": "",
        "description": "",
        "identifier": "EXTENT",
        "name": "Extent",
        "optional": "true",
        "type": "Shapes (optional input)"
      }]
    }, {
      "outputs": [{
        "constraints": "",
        "description": "",
        "identifier": "GRATICULE_LINE",
        "name": "Graticule",
        "optional": "false",
        "type": "Shapes (output)"
      }, {
        "constraints": "",
        "description": "",
        "identifier": "GRATICULE_RECT",
        "name": "Graticule",
        "optional": "false",
        "type": "Shapes (output)"
      }]
    }, {
      "optionals": [{
        "constraints": "Available Choices:\n[0] Lines\n[1] Rectangles\nDefault: 0",
        "description": "",
        "identifier": "TYPE",
        "name": "Type",
        "type": "Choice"
      }, {
        "constraints": "",
        "description": "",
        "identifier": "EXTENT_X",
        "name": "Width",
        "type": "Value range"
      }, {
        "constraints": "",
        "description": "",
        "identifier": "EXTENT_Y",
        "name": "Height",
        "type": "Value range"
      }, {
        "constraints": "Minimum: 0.000000\nDefault: 10.000000",
        "description": "",
        "identifier": "DIVISION_X",
        "name": "Division Width",
        "type": "Floating point"
      }, {
        "constraints": "Minimum: 0.000000\nDefault: 10.000000",
        "description": "",
        "identifier": "DIVISION_Y",
        "name": "Division Height",
        "type": "Floating point"
      }, {
        "constraints": "Available Choices:\n[0] bottom-left\n[1] top-left\n[2] bottom-right\n[3] top-right\n[4] centered\nDefault: 0",
        "description": "Determines how the graticule is aligned to the extent, if division sizes do not fit.",
        "identifier": "ALIGNMENT",
        "name": "Alignment",
        "type": "Choice"
      }]
    }],
    "tool_description": "(c) 2004 by Victor Olaya. ",
    "tool_id": "12",
    "tool_name": "Create Graticule",
    "tool_path": "http://geomodeling.njnu.edu.cn/OpenGMS/page/model-item-info/model-item-info.html?MzA2YmEzZjMtOTVjYi00ZWJmLTk5Y2ItMmU0NjEyODAyYTE5NDI=",
    "oid": "5b90e7bbd15d75093cb5882f",
    "stateId": "C71EE7F0-C644-4a3a-B126-17280D7AD814",
    "mdlId": "3AC5EC79-F3BF-45e1-93C9-1AD4DD0C7461"
  }, {
    "author": "O.Conrad (c) 2006",
    "parameters": [{
      "inputs": [{
        "constraints": "",
        "description": "",
        "identifier": "SHAPES",
        "name": "Shapes",
        "optional": "false",
        "type": "Shapes list (input)"
      }, {
        "constraints": "",
        "description": "",
        "identifier": "SHAPES_EXT",
        "name": "Shapes",
        "optional": "false",
        "type": "Shapes (input)"
      }, {
        "constraints": "",
        "description": "",
        "identifier": "POLYGONS",
        "name": "Polygons",
        "optional": "false",
        "type": "Shapes (input)"
      }]
    }, {
      "outputs": [{
        "constraints": "",
        "description": "",
        "identifier": "CUT",
        "name": "Copy",
        "optional": "false",
        "type": "Shapes list (output)"
      }]
    }, {
      "optionals": [{
        "constraints": "Available Choices:\n[0] completely contained\n[1] intersects\n[2] center\nDefault: 1",
        "description": "",
        "identifier": "METHOD",
        "name": "Method",
        "type": "Choice"
      }, {
        "constraints": "Available Choices:\n[0] user defined\n[1] grid project\n[2] shapes layer extent\n[3] polygons\nDefault: 0",
        "description": "",
        "identifier": "EXTENT",
        "name": "Region",
        "type": "Choice"
      }, {
        "constraints": "Default: 0.000000",
        "description": "",
        "identifier": "AX",
        "name": "Left",
        "type": "Floating point"
      }, {
        "constraints": "Default: 1.000000",
        "description": "",
        "identifier": "BX",
        "name": "Right",
        "type": "Floating point"
      }, {
        "constraints": "Default: 0.000000",
        "description": "",
        "identifier": "AY",
        "name": "Bottom",
        "type": "Floating point"
      }, {
        "constraints": "Default: 1.000000",
        "description": "",
        "identifier": "BY",
        "name": "Top",
        "type": "Floating point"
      }, {
        "constraints": "Minimum: 0.000000\nDefault: 1.000000",
        "description": "",
        "identifier": "DX",
        "name": "Horizontal Range",
        "type": "Floating point"
      }, {
        "constraints": "Minimum: 0.000000\nDefault: 1.000000",
        "description": "",
        "identifier": "DY",
        "name": "Vertical Range",
        "type": "Floating point"
      }, {
        "constraints": "",
        "description": "",
        "identifier": "GRID_SYS",
        "name": "Grid System",
        "type": "Grid system"
      }, {
        "constraints": "Minimum: 0.000000\nMaximum: 100.000000\nDefault: 50.000000",
        "description": "minimum overlapping area as percentage of the total size of the input shape. applies to polygon layers only.",
        "identifier": "OVERLAP",
        "name": "Minimum Overlap",
        "type": "Floating point"
      }]
    }],
    "tool_description": "Copies all shapes that belong to the specified region.",
    "tool_id": "13",
    "tool_name": "Copy Shapes from Region",
    "tool_path": "http://geomodeling.njnu.edu.cn/OpenGMS/page/model-item-info/model-item-info.html?NmMwMjIzMjctYjI0OS00YmU3LTkyODItNzgxNDIxMjA1MDM0NGI=",
    "oid": "5b90e7bbd15d75093cb58830",
    "stateId": "8638D8A0-031C-4025-8DC4-7847F2526073",
    "mdlId": "8D82513C-3CA6-46b8-8F42-FE1643237B42"
  }, {
    "author": "O.Conrad (c) 2006",
    "parameters": [{
      "inputs": [{
        "constraints": "",
        "description": "",
        "identifier": "SHAPES",
        "name": "Shapes",
        "optional": "false",
        "type": "Shapes (input)"
      }]
    }, {
      "outputs": [{
        "constraints": "",
        "description": "",
        "identifier": "CUT",
        "name": "Copy",
        "optional": "false",
        "type": "Shapes (output)"
      }, {
        "constraints": "",
        "description": "",
        "identifier": "EXTENT",
        "name": "Extent",
        "optional": "true",
        "type": "Shapes (optional output)"
      }]
    }, {
      "optionals": [{
        "constraints": "Available Choices:\n[0] completely contained\n[1] intersects\n[2] center\nDefault: 1",
        "description": "",
        "identifier": "METHOD",
        "name": "Method",
        "type": "Choice"
      }, {
        "constraints": "Default: 0",
        "description": "Show a confirmation dialog before selection is performed",
        "identifier": "CONFIRM",
        "name": "Confirm",
        "type": "Boolean"
      }]
    }],
    "tool_description": "Copies all shapes that belong to the specified region.",
    "tool_id": "14",
    "tool_name": "Copy Shapes from Region",
    "tool_path": "http://geomodeling.njnu.edu.cn/OpenGMS/page/model-item-info/model-item-info.html?YWU0MmQ3MGYtMjc3Ni00M2M5LTliZTctNzQyZWM5NjIwNzRhMWY=",
    "oid": "5b90e7bbd15d75093cb58831",
    "stateId": "728BEC94-A32B-4745-92E8-51BFF81A69FB",
    "mdlId": "86E637FF-D3E1-4f77-956A-27A75C1BBCE4"
  }, {
    "author": "(c) 2006 by O.Conrad",
    "parameters": [{
      "inputs": [{
        "constraints": "",
        "description": "",
        "identifier": "SHAPES",
        "name": "Shapes",
        "optional": "false",
        "type": "Shapes (input)"
      }]
    }, {
      "outputs": [{
        "constraints": "",
        "description": "",
        "identifier": "CUTS",
        "name": "Tiles",
        "optional": "true",
        "type": "Shapes list (optional output)"
      }, {
        "constraints": "",
        "description": "",
        "identifier": "EXTENT",
        "name": "Extent",
        "optional": "true",
        "type": "Shapes (optional output)"
      }]
    }, {
      "optionals": [{
        "constraints": "Minimum: 1\nDefault: 2",
        "description": "",
        "identifier": "NX",
        "name": "Number of horizontal tiles",
        "type": "Integer"
      }, {
        "constraints": "Minimum: 1\nDefault: 2",
        "description": "",
        "identifier": "NY",
        "name": "Number of vertical tiles",
        "type": "Integer"
      }, {
        "constraints": "Available Choices:\n[0] completely contained\n[1] intersects\n[2] center\nDefault: 0",
        "description": "",
        "identifier": "METHOD",
        "name": "Method",
        "type": "Choice"
      }]
    }],
    "tool_description": "",
    "tool_id": "15",
    "tool_name": "Split Shapes Layer",
    "tool_path": "http://geomodeling.njnu.edu.cn/OpenGMS/page/model-item-info/model-item-info.html?M2UwNDg0OTctMzdiNy00OTNkLWJjMGUtN2JlOTI5NGYzNWZkYTU=",
    "oid": "5b90e7bbd15d75093cb58832",
    "stateId": "0E9774B0-F5F6-4327-9E5F-FE18139887CA",
    "mdlId": "6A815889-170A-4d04-AE81-2E7651EF205F"
  }, {
    "author": "O.Conrad (c) 2008",
    "parameters": [{
      "inputs": [{
        "constraints": "",
        "description": "",
        "identifier": "SHAPES",
        "name": "Shapes",
        "optional": "false",
        "type": "Shapes (input)"
      }]
    }, {
      "outputs": [{
        "constraints": "",
        "description": "",
        "identifier": "A",
        "name": "Group A",
        "optional": "false",
        "type": "Shapes (output)"
      }, {
        "constraints": "",
        "description": "",
        "identifier": "B",
        "name": "Group B",
        "optional": "false",
        "type": "Shapes (output)"
      }]
    }, {
      "optionals": [{
        "constraints": "",
        "description": "",
        "identifier": "FIELD",
        "name": "Categories",
        "type": "Table field"
      }, {
        "constraints": "Minimum: 0.000000\nMaximum: 100.000000\nDefault: 25.000000",
        "description": "",
        "identifier": "PERCENT",
        "name": "Relation B / A",
        "type": "Floating point"
      }, {
        "constraints": "Default: 1",
        "description": "",
        "identifier": "EXACT",
        "name": "Exact",
        "type": "Boolean"
      }]
    }],
    "tool_description": "Randomly splits one layer into to two new layers. Useful to create a control group for model testing. Optionally this can be done category-wise if a category field is specified. ",
    "tool_id": "16",
    "tool_name": "Split Shapes Layer Randomly",
    "tool_path": "http://geomodeling.njnu.edu.cn/OpenGMS/page/model-item-info/model-item-info.html?NWJlNDRmYmMtNGM3Ni00OTk0LTkzYTAtZjMwMDUyZTM5M2U3YTk=",
    "oid": "5b90e7bbd15d75093cb58833",
    "stateId": "285AB369-E76B-4d4e-A6A1-77A685D09711",
    "mdlId": "A3A0E736-5F50-41ab-8D7B-231C96E90698"
  }, {
    "author": "O. Conrad (c) 2008",
    "parameters": [{
      "inputs": [{
        "constraints": "",
        "description": "",
        "identifier": "TABLE",
        "name": "Table / Shapes",
        "optional": "false",
        "type": "Table (input)"
      }]
    }, {
      "outputs": [{
        "constraints": "",
        "description": "",
        "identifier": "CUTS",
        "name": "Cuts",
        "optional": "true",
        "type": "Table list (optional output)"
      }]
    }, {
      "optionals": [{
        "constraints": "",
        "description": "",
        "identifier": "FIELD",
        "name": "Attribute",
        "type": "Table field"
      }]
    }],
    "tool_description": "",
    "tool_id": "17",
    "tool_name": "Split Table/Shapes by Attribute",
    "tool_path": "http://geomodeling.njnu.edu.cn/OpenGMS/page/model-item-info/model-item-info.html?NjQ1YTM1Y2EtN2YwYy00MTZhLTkyMDItZDc3MTgwMTMyMTJiYTM=",
    "oid": "5be1a2b8837d7b08c4c7b40e",
    "stateId": "523E766D-A6A1-4267-8BD5-DB695D3CB319",
    "mdlId": "3AC1C0E1-7BEA-416b-AB03-FA14E3D75D55"
  }, {
    "author": "O.Conrad (c) 2008",
    "parameters": [{
      "inputs": [{
        "constraints": "",
        "description": "",
        "identifier": "SHAPES",
        "name": "Shapes",
        "optional": "false",
        "type": "Shapes (input)"
      }]
    }, {
      "outputs": [{
        "constraints": "",
        "description": "",
        "identifier": "BUFFER",
        "name": "Buffer",
        "optional": "false",
        "type": "Shapes (output)"
      }]
    }, {
      "optionals": [{
        "constraints": "",
        "description": "",
        "identifier": "DIST_FIELD",
        "name": "Buffer Distance",
        "type": "Table field"
      }, {
        "constraints": "Minimum: 0.000000\nDefault: 100.000000",
        "description": "default value if no attribute has been selected",
        "identifier": "DIST_FIELD_DEFAULT",
        "name": "Default",
        "type": "Floating point"
      }, {
        "constraints": "Minimum: 0.000000\nDefault: 1.000000",
        "description": "",
        "identifier": "DIST_SCALE",
        "name": "Scaling Factor for Attribute Value",
        "type": "Floating point"
      }, {
        "constraints": "Default: 1",
        "description": "",
        "identifier": "DISSOLVE",
        "name": "Dissolve Buffers",
        "type": "Boolean"
      }, {
        "constraints": "Minimum: 1\nDefault: 1",
        "description": "",
        "identifier": "NZONES",
        "name": "Number of Buffer Zones",
        "type": "Integer"
      }, {
        "constraints": "Default: 0",
        "description": "",
        "identifier": "POLY_INNER",
        "name": "Inner Buffer",
        "type": "Boolean"
      }, {
        "constraints": "Minimum: 0.010000\nMaximum: 45.000000\nDefault: 5.000000",
        "description": "",
        "identifier": "DARC",
        "name": "Arc Vertex Distance [Degree]",
        "type": "Floating point"
      }]
    }],
    "tool_description": "A vector based buffer construction partly based on the method supposed by Dong et al. 2003. \n\nReferences:\nDong, P, Yang, C., Rui, X., Zhang, L., Cheng, Q. (2003): 'An effective buffer generation method in GIS'. Geoscience and Remote Sensing Symposium, 2003. IGARSS '03. Proceedings. 2003 IEEE International, Vol.6, p.3706-3708.\n<a href=\"http://ieeexplore.ieee.org/iel5/9010/28606/01295244.pdf\">online version</a>\n",
    "tool_id": "18",
    "tool_name": "Shapes Buffer",
    "tool_path": "http://geomodeling.njnu.edu.cn/OpenGMS/page/model-item-info/model-item-info.html?NzYxYzQwMTQtMTQ5ZC00NTFhLWIxYzktMDNkMWI5ZjIzNDUzNjQ=",
    "oid": "5b90e7bbd15d75093cb58835",
    "stateId": "7905F76F-5A9E-46ab-871E-E680B37595CA",
    "mdlId": "5A950615-7ED3-4ea0-AB04-D7490F9B450C"
  }, {
    "author": "O. Conrad (c) 2008",
    "parameters": [{
      "inputs": [{
        "constraints": "",
        "description": "",
        "identifier": "SHAPES",
        "name": "Shapes",
        "optional": "false",
        "type": "Shapes (input)"
      }]
    }, {
      "outputs": [{
        "constraints": "",
        "description": "",
        "identifier": "EXTENTS",
        "name": "Extents",
        "optional": "false",
        "type": "Shapes (output)"
      }]
    }, {
      "optionals": [{
        "constraints": "Available Choices:\n[0] all shapes\n[1] each shape\n[2] each shape's part\nDefault: 1",
        "description": "",
        "identifier": "OUTPUT",
        "name": "Get Extent for ...",
        "type": "Choice"
      }]
    }],
    "tool_description": "",
    "tool_id": "19",
    "tool_name": "Get Shapes Extents",
    "tool_path": "http://geomodeling.njnu.edu.cn/OpenGMS/page/model-item-info/model-item-info.html?Y2VmNzFkNTctZWJjMC00MDRhLWEyYjktZDVkMDUzZTJjNGY4MjY=",
    "oid": "5b90e7bbd15d75093cb58836",
    "stateId": "A8A92379-05FC-42c1-826F-81F7F418E576",
    "mdlId": "DA580882-745C-4b16-88E6-D4D6CAB274F3"
  }, {
    "author": "O. Conrad (c) 2009",
    "parameters": [{
      "inputs": [{
        "constraints": "",
        "description": "",
        "identifier": "SHAPES",
        "name": "Shapes",
        "optional": "false",
        "type": "Shapes (input)"
      }]
    }, {
      "outputs": [{
        "constraints": "",
        "description": "",
        "identifier": "POLYGONS",
        "name": "Polygons",
        "optional": "false",
        "type": "Shapes (output)"
      }, {
        "constraints": "",
        "description": "",
        "identifier": "LINES",
        "name": "Lines",
        "optional": "false",
        "type": "Shapes (output)"
      }, {
        "constraints": "",
        "description": "",
        "identifier": "POINTS",
        "name": "Duplicated Points",
        "optional": "true",
        "type": "Shapes (optional output)"
      }]
    }, {
      "optionals": [{
        "constraints": "",
        "description": "",
        "identifier": "ATTRIBUTE",
        "name": "Attribute",
        "type": "Table field"
      }]
    }],
    "tool_description": "",
    "tool_id": "20",
    "tool_name": "QuadTree Structure to Shapes",
    "tool_path": "http://geomodeling.njnu.edu.cn/OpenGMS/page/model-item-info/model-item-info.html?NGQzYmU1NzAtZjBjYS00ZjhkLWI0NjgtNWUwZDU2M2FjNTAzYjI=",
    "oid": "5b90e7bbd15d75093cb58838",
    "stateId": "2FF06BEC-31D1-407a-A08E-29935F205561",
    "mdlId": "0EF4C475-672A-4760-9316-A13CF30A70B1"
  }, {
    "author": "O.Conrad (c) 2011",
    "parameters": [{
      "inputs": [{
        "constraints": "",
        "description": "",
        "identifier": "POLAR",
        "name": "Polar Coordinates",
        "optional": "false",
        "type": "Shapes (input)"
      }]
    }, {
      "outputs": [{
        "constraints": "",
        "description": "",
        "identifier": "CARTES",
        "name": "Cartesion Coordinates",
        "optional": "false",
        "type": "Shapes (output)"
      }]
    }, {
      "optionals": [{
        "constraints": "",
        "description": "",
        "identifier": "F_EXAGG",
        "name": "Exaggeration",
        "type": "Table field"
      }, {
        "constraints": "Default: 1.000000",
        "description": "",
        "identifier": "D_EXAGG",
        "name": "Exaggeration Factor",
        "type": "Floating point"
      }, {
        "constraints": "Minimum: 0.000000\nDefault: 6371000.000000",
        "description": "",
        "identifier": "RADIUS",
        "name": "Radius",
        "type": "Floating point"
      }, {
        "constraints": "Default: 1",
        "description": "polar coordinates given in degree",
        "identifier": "DEGREE",
        "name": "Degree",
        "type": "Boolean"
      }]
    }],
    "tool_description": "",
    "tool_id": "21",
    "tool_name": "Polar to Cartesian Coordinates",
    "tool_path": "http://geomodeling.njnu.edu.cn/OpenGMS/page/model-item-info/model-item-info.html?NzU5NmI3NzktYmJhZi00Zjk3LTg1NmItNGM5MDJiYmQ2YWY0MGY=",
    "oid": "5b90e7bbd15d75093cb58839",
    "stateId": "C2C7A52C-95EF-4fa6-B296-E584745D65B2",
    "mdlId": "19711B45-C4FA-4270-9FD3-7D6DB561786D"
  }, {
    "author": "Volker Wichmann (c) 2012, LASERDATA GmbH",
    "parameters": [{
      "inputs": [{
        "constraints": "",
        "description": "Table with coordinates.",
        "identifier": "INPUT",
        "name": "Input",
        "optional": "false",
        "type": "Table (input)"
      }]
    }, {
      "outputs": [{
        "constraints": "",
        "description": "Generated Shapefile.",
        "identifier": "OUTPUT",
        "name": "Output",
        "optional": "false",
        "type": "Shapes (output)"
      }]
    }, {
      "optionals": [{
        "constraints": "",
        "description": "Field with the identifier.",
        "identifier": "FIELD_ID",
        "name": "ID",
        "type": "Table field"
      }, {
        "constraints": "",
        "description": "Field with the x coordinate.",
        "identifier": "FIELD_X",
        "name": "X",
        "type": "Table field"
      }, {
        "constraints": "",
        "description": "Field with the y coordinate.",
        "identifier": "FIELD_Y",
        "name": "Y",
        "type": "Table field"
      }, {
        "constraints": "",
        "description": "Field with the z coordinate.",
        "identifier": "FIELD_Z",
        "name": "Z",
        "type": "Table field"
      }, {
        "constraints": "Available Choices:\n[0] Point(s)\n[1] Line(s)\n[2] Polygon(s)\nDefault: 0",
        "description": "Shape type to generate.",
        "identifier": "SHAPE_TYPE",
        "name": "Shape Type",
        "type": "Choice"
      }]
    }],
    "tool_description": "The tool allows one to generate point, line or polygon shapes from a table with the following attribute fields:\n\n- identifier\n- x coordinate\n- y coordinate\n- optional: z coordinate (this will create a 3D shapefile)\n\nThe table must be sorted in vertex order.\n\nThe identifier has different meanings:\n\n* Point Shapes: The identifier is arbitrary\n\n* Line Shapes: The identifier is unique for each line\n\n* Polygon Shapes: The identifier is unique for each polygon; the first polygon vertex may but must not be duplicated in order to close the polygon\n\n",
    "tool_id": "22",
    "tool_name": "Generate Shapes",
    "tool_path": "http://geomodeling.njnu.edu.cn/OpenGMS/page/model-item-info/model-item-info.html?ZGU1NWQ3NzctZjkxZC00M2EzLWJlNTktODE1NDZmZjI5NDVjYzQ=",
    "oid": "5b90e7bbd15d75093cb5883a",
    "stateId": "C6DB4929-45D2-4ce0-B4FA-6ABCD49DCA38",
    "mdlId": "14DD0B99-BDF7-428e-AF42-D7579D35A130"
  }, {
    "author": "Volker Wichmann (c) 2013, LASERDATA GmbH",
    "parameters": [{
      "inputs": [{
        "constraints": "",
        "description": "The shapefile to convert.",
        "identifier": "INPUT",
        "name": "Input",
        "optional": "false",
        "type": "Shapes (input)"
      }]
    }, {
      "outputs": [{
        "constraints": "",
        "description": "The converted shapefile.",
        "identifier": "OUTPUT",
        "name": "Output",
        "optional": "false",
        "type": "Shapes (output)"
      }]
    }, {
      "optionals": [{
        "constraints": "",
        "description": "Field with z-coordinate information.",
        "identifier": "FIELD_Z",
        "name": "Z",
        "type": "Table field"
      }, {
        "constraints": "",
        "description": "Field with measure information.",
        "identifier": "FIELD_M",
        "name": "M",
        "type": "Table field"
      }]
    }],
    "tool_description": "The tool allows one to convert the vertex type of shapes from 'XY' (2D) to 'XYZ/M' (3D) and vice versa. The conversion from 3D to 2D is not lossless for lines and polygons, as only the Z/M value of one vertex can be retained (currently that of the last vertex).",
    "tool_id": "23",
    "tool_name": "Convert Vertex Type (2D/3D)",
    "tool_path": "http://geomodeling.njnu.edu.cn/OpenGMS/page/model-item-info/model-item-info.html?ZjZhM2VkMjYtZmI4OS00M2RkLTg5YTUtMGQ0NzgzOWQ4NDE5NTI=",
    "oid": "5b90e7bbd15d75093cb5883b",
    "stateId": "E4AA106B-E858-4d61-AA88-2E63E3DA74F6",
    "mdlId": "FB729736-4C56-40cf-98DC-22A175B75B71"
  }, {
    "author": "O.Conrad (c) 2014",
    "parameters": [{
      "inputs": [{
        "constraints": "",
        "description": "The resulting table inherits its field structure from the first table in this list.",
        "identifier": "INPUT",
        "name": "Tables",
        "optional": "false",
        "type": "Table list (input)"
      }]
    }, {
      "outputs": [{
        "constraints": "",
        "description": "",
        "identifier": "MERGED",
        "name": "Merged Table",
        "optional": "false",
        "type": "Table (output)"
      }]
    }, {
      "optionals": [{
        "constraints": "Default: 1",
        "description": "Adds a field with the name of the original input data set.",
        "identifier": "SRCINFO",
        "name": "Add Source Information",
        "type": "Boolean"
      }, {
        "constraints": "Default: 1",
        "description": "",
        "identifier": "MATCH",
        "name": "Match Fields by Name",
        "type": "Boolean"
      }]
    }],
    "tool_description": "Merge tables.",
    "tool_id": "24",
    "tool_name": "Merge Tables",
    "tool_path": "http://geomodeling.njnu.edu.cn/OpenGMS/page/model-item-info/model-item-info.html?MDQ3Yjk4YjItMTdjZi00MzZlLWFhNGItZWNhNmY1YWQxMjhjZGY=",
    "oid": "5b90e7bbd15d75093cb5883c",
    "stateId": "1466A612-0200-4f91-8E27-289B16D3DEDB",
    "mdlId": "0F6F2DE8-34BD-453d-B3E1-27A2D1C01F26"
  }, {
    "author": "O.Conrad (c) 2015",
    "parameters": [{
      "inputs": [{
        "constraints": "",
        "description": "",
        "identifier": "FIELDS",
        "name": "Fields",
        "optional": "false",
        "type": "Shapes (input)"
      }, {
        "constraints": "",
        "description": "The first column specifies a crop type id. The second column provides a human readible name for the crop type (e.g. 'potatoes') .The third column must be an integer value, though this value is not yet used by this tool. The following columns provide the yearly amount of each crop type [%] for a sequence of years. ",
        "identifier": "STATISTICS",
        "name": "Crop Statistics",
        "optional": "false",
        "type": "Table (input)"
      }, {
        "constraints": "",
        "description": "The first column specifies the field id as given by the 'Fields' layer. The following columns specify the crop type for each field and year and refer to the crop type identifiers used in the crop statistics table. The sequence of years must be identical with that of the crop statistics table.",
        "identifier": "KNOWN_CROPS",
        "name": "Known Crops",
        "optional": "true",
        "type": "Table (optional input)"
      }]
    }, {
      "outputs": [{
        "constraints": "",
        "description": "",
        "identifier": "SCENARIO",
        "name": "Land Use Scenario",
        "optional": "false",
        "type": "Shapes (output)"
      }]
    }, {
      "optionals": [{
        "constraints": "",
        "description": "",
        "identifier": "FIELD_ID",
        "name": "Field Identifier",
        "type": "Table field"
      }, {
        "constraints": "Available Choices:\n[0] Identifier\n[1] Name\nDefault: 0",
        "description": "",
        "identifier": "OUTPUT",
        "name": "Output of...",
        "type": "Choice"
      }]
    }],
    "tool_description": "This tool generates land use scenarios for fields under agricultural use based on statistics about the amount of crop types grown in the investigated area of interest. ",
    "tool_id": "25",
    "tool_name": "Land Use Scenario Generator",
    "tool_path": "http://geomodeling.njnu.edu.cn/OpenGMS/page/model-item-info/model-item-info.html?MjIxM2NmOTktM2MyZC00NGUxLWExNTgtOWEwOTNlZjQwNWY1OTc=",
    "oid": "5b90e7bbd15d75093cb5883d",
    "stateId": "C77EBB02-854E-45a6-8A41-C630B9B3A072",
    "mdlId": "DBE4E507-FF5F-4a62-8597-974BCD0EE2C8"
  }, {
    "author": "V. Wichmann (c) 2016",
    "parameters": [{
      "inputs": [{
        "constraints": "",
        "description": "The input shapes list.",
        "identifier": "SHAPESLIST",
        "name": "Shapes List",
        "optional": "false",
        "type": "Shapes list (input)"
      }]
    }, {
      "outputs": [{
        "constraints": "",
        "description": "The shapefile picked from the shapes list.",
        "identifier": "SHAPES",
        "name": "Shapes",
        "optional": "true",
        "type": "Shapes (optional output)"
      }]
    }, {
      "optionals": [{
        "constraints": "Minimum: 0\nDefault: 0",
        "description": "The list index of the shapefile to pick. Indices start at zero.",
        "identifier": "INDEX",
        "name": "Index",
        "type": "Integer"
      }]
    }],
    "tool_description": "Main use of this tool is to support tool chain development, allowing to pick a single shapefile from a shapes list.\n",
    "tool_id": "26",
    "tool_name": "Select Shapes from List",
    "tool_path": "http://geomodeling.njnu.edu.cn/OpenGMS/page/model-item-info/model-item-info.html?ZDMwNzVlNDAtODFlOS00MTU4LTljNjEtMmE1YTBlY2Y1YjQ1ZGI=",
    "oid": "5b90e7bbd15d75093cb5883e",
    "stateId": "033BB3D4-5420-4840-9C27-5F66DA7BD25B",
    "mdlId": "3012BEBE-A2F1-4a36-B9A2-30B3F03EE9D9"
  }, {
    "author": "O.Conrad (c) 2016",
    "parameters": [{
      "inputs": [{
        "constraints": "",
        "description": "",
        "identifier": "SHAPES",
        "name": "Shapes",
        "optional": "false",
        "type": "Shapes (input)"
      }]
    }, null, null],
    "tool_description": "This tool deletes geometrically invalid elements from a shapes layer.",
    "tool_id": "27",
    "tool_name": "Remove Invalid Shapes",
    "tool_path": "",
    "oid": "",
    "stateId": "",
    "mdlId": ""
  }, {
    "author": "O. Conrad (c) 2017",
    "parameters": [{
      "inputs": [{
        "constraints": "",
        "description": "",
        "identifier": "SHAPES",
        "name": "Shapes",
        "optional": "false",
        "type": "Shapes (input)"
      }]
    }, {
      "outputs": [{
        "constraints": "",
        "description": "",
        "identifier": "COPY",
        "name": "Copy",
        "optional": "false",
        "type": "Shapes (output)"
      }]
    }, null],
    "tool_description": "Creates a copy of a shapes layer.",
    "tool_id": "28",
    "tool_name": "Copy Shapes",
    "tool_path": "http://geomodeling.njnu.edu.cn/OpenGMS/page/model-item-info/model-item-info.html?NjJlZjMxZjEtMjZjMC00YjEwLTllNmQtNTk2OWQ4ZGU4OTFhNmM=",
    "oid": "5b90e7bbd15d75093cb5883f",
    "stateId": "DC3934E4-6B3A-4de4-821A-C109159F7032",
    "mdlId": "2E3797BF-F336-47dc-BFB1-1CBF2A364AF7"
  }]
}
