{
  "Version": "1.0",
  "author": "V. Wichmann, M. Setiawan (c) 2009-2012",
  "library_description": "Modelling erosion processes.",
  "library_name": "sim_erosion",
  "library_name_title": "Shapes Transect",
  "tools": [
    {
      "author": "(c) 2009-2012 V. Wichmann, M. Setiawan",
      "parameters": [
        {
          "inputs": [
            {
              "constraints": "",
              "description": "DTM, digital terrain model [m]",
              "identifier": "DTM",
              "name": "Digital Terrain Model",
              "optional": "false",
              "type": "Grid (input)"
            },
            {
              "constraints": "",
              "description": "S, slope [rad]",
              "identifier": "S",
              "name": "Slope",
              "optional": "false",
              "type": "Grid (input)"
            },
            {
              "constraints": "",
              "description": "Channel network, all other cells NoData",
              "identifier": "CHANNEL",
              "name": "Channel Network",
              "optional": "true",
              "type": "Grid (optional input)"
            },
            {
              "constraints": "",
              "description": "PI, permanent interception expressed as the proportion [between 0-1] of rainfall",
              "identifier": "PI",
              "name": "Permament Interception",
              "optional": "false",
              "type": "Grid (input)"
            },
            {
              "constraints": "",
              "description": "CC, canopy cover expressed as a portion [between 0-1] of the soil surface protected by vegetation or crop",
              "identifier": "CC",
              "name": "Canopy Cover",
              "optional": "false",
              "type": "Grid (input)"
            },
            {
              "constraints": "",
              "description": "PH, plant height [m], representing the effective height from which raindrops fall from the crop or vegetation",
              "identifier": "PH",
              "name": "Plant Height",
              "optional": "false",
              "type": "Grid (input)"
            },
            {
              "constraints": "",
              "description": "Et/Eo, ratio of actual to potential evapotranspiration",
              "identifier": "EtEo",
              "name": "Ratio Evapotranspiration",
              "optional": "false",
              "type": "Grid (input)"
            },
            {
              "constraints": "",
              "description": "GC, Ground cover expressed as a portion [between 0-1] of the soil surface protected by vegetation or crop cover on the ground",
              "identifier": "GC",
              "name": "Ground cover",
              "optional": "false",
              "type": "Grid (input)"
            },
            {
              "constraints": "",
              "description": "D, Average diameter [m] of the individual plants elements (stem, leaves) at the ground surface",
              "identifier": "D",
              "name": "Diameter plant elements",
              "optional": "false",
              "type": "Grid (input)"
            },
            {
              "constraints": "",
              "description": "NV, Number of plant elements per unit area [number/unit area] at the ground surface",
              "identifier": "NV",
              "name": "Number plant elements",
              "optional": "false",
              "type": "Grid (input)"
            },
            {
              "constraints": "",
              "description": "MS, Soil moisture at field capacity [% w/w]",
              "identifier": "MS",
              "name": "Soil moisture (at FC)",
              "optional": "false",
              "type": "Grid (input)"
            },
            {
              "constraints": "",
              "description": "BD, Bulk density of the top layer [Mg/m3]",
              "identifier": "BD",
              "name": "Bulk density top layer",
              "optional": "false",
              "type": "Grid (input)"
            },
            {
              "constraints": "",
              "description": "EHD, Effective hydrological depth of the soil [m]",
              "identifier": "EHD",
              "name": "Effective hydrological depth",
              "optional": "false",
              "type": "Grid (input)"
            },
            {
              "constraints": "",
              "description": "LP, Saturated lateral permeability of the soil [m/day]",
              "identifier": "LP",
              "name": "Sat. lateral permeability",
              "optional": "false",
              "type": "Grid (input)"
            },
            {
              "constraints": "",
              "description": "c, Percentage clays [%]",
              "identifier": "PER_C",
              "name": "Percentage clays",
              "optional": "false",
              "type": "Grid (input)"
            },
            {
              "constraints": "",
              "description": "z, Percentage silt [%]",
              "identifier": "PER_Z",
              "name": "Percentage silt",
              "optional": "false",
              "type": "Grid (input)"
            },
            {
              "constraints": "",
              "description": "s, Percentage sand [%]",
              "identifier": "PER_S",
              "name": "Percentage sand",
              "optional": "false",
              "type": "Grid (input)"
            },
            {
              "constraints": "",
              "description": "ST, Percentage rock fragments on the soil surface [%]",
              "identifier": "ST",
              "name": "Percentage rock fragments",
              "optional": "false",
              "type": "Grid (input)"
            },
            {
              "constraints": "",
              "description": "RFR, Surface roughness [cm/m]. In case the surface roughness is not provided as input, v_flow_t is set to 1.0, i.e. natural soil surface roughness is not accounted for.",
              "identifier": "RFR",
              "name": "Surface roughness",
              "optional": "true",
              "type": "Grid (optional input)"
            },
            {
              "constraints": "",
              "description": "Meteorological data for multiple timestep modelling [model step (day); temperature (Celsius); rainfall (mm), rainfall intensity (mm/h); rainfall duration (day); timespan (days)]",
              "identifier": "TAB_METEO",
              "name": "Meteorological data",
              "optional": "true",
              "type": "Table (optional input)"
            }
          ]
        },
        {
          "outputs": [
            {
              "constraints": "",
              "description": "IF",
              "identifier": "IF",
              "name": "Interflow",
              "optional": "true",
              "type": "Grid (optional output)"
            },
            {
              "constraints": "",
              "description": "Q, estimation of mean runoff [mm]",
              "identifier": "Q",
              "name": "Mean runoff",
              "optional": "false",
              "type": "Grid (output)"
            },
            {
              "constraints": "",
              "description": "SL, estimation of mean soil loss [kg]",
              "identifier": "SL",
              "name": "Mean soil loss",
              "optional": "false",
              "type": "Grid (output)"
            },
            {
              "constraints": "",
              "description": "Rf",
              "identifier": "Rf",
              "name": "Effective Rainfall",
              "optional": "false",
              "type": "Grid (output)"
            },
            {
              "constraints": "",
              "description": "KE",
              "identifier": "KE",
              "name": "Total Kinetic Energy",
              "optional": "false",
              "type": "Grid (output)"
            },
            {
              "constraints": "",
              "description": "Rc",
              "identifier": "Rc",
              "name": "Soil moisture storage capacity",
              "optional": "false",
              "type": "Grid (output)"
            },
            {
              "constraints": "",
              "description": "TCc",
              "identifier": "TCc",
              "name": "Transport Capacity Clay",
              "optional": "false",
              "type": "Grid (output)"
            },
            {
              "constraints": "",
              "description": "TCz",
              "identifier": "TCz",
              "name": "Transport Capacity Silt",
              "optional": "false",
              "type": "Grid (output)"
            },
            {
              "constraints": "",
              "description": "SLs",
              "identifier": "TCs",
              "name": "Transport Capacity Sand",
              "optional": "false",
              "type": "Grid (output)"
            },
            {
              "constraints": "",
              "description": "Gc",
              "identifier": "Gc",
              "name": "Available Clay",
              "optional": "false",
              "type": "Grid (output)"
            },
            {
              "constraints": "",
              "description": "Gz",
              "identifier": "Gz",
              "name": "Available Silt",
              "optional": "false",
              "type": "Grid (output)"
            },
            {
              "constraints": "",
              "description": "Gs",
              "identifier": "Gs",
              "name": "Available Sand",
              "optional": "false",
              "type": "Grid (output)"
            },
            {
              "constraints": "",
              "description": "SLc",
              "identifier": "SLc",
              "name": "Sediment Balance Clay",
              "optional": "false",
              "type": "Grid (output)"
            },
            {
              "constraints": "",
              "description": "SLz",
              "identifier": "SLz",
              "name": "Sediment Balance Silt",
              "optional": "false",
              "type": "Grid (output)"
            },
            {
              "constraints": "",
              "description": "SLs",
              "identifier": "SLs",
              "name": "Sediment Balance Sand",
              "optional": "false",
              "type": "Grid (output)"
            },
            {
              "constraints": "",
              "description": "Sediment Limited [0], Transport Limited (SL = TC) [1], Transport Limited (SL = G) [2]",
              "identifier": "TCONDc",
              "name": "Transport Condition Clay",
              "optional": "false",
              "type": "Grid (output)"
            },
            {
              "constraints": "",
              "description": "Sediment Limited [0], Transport Limited (SL = TC) [1], Transport Limited (SL = G) [2]",
              "identifier": "TCONDz",
              "name": "Transport Condition Silt",
              "optional": "false",
              "type": "Grid (output)"
            },
            {
              "constraints": "",
              "description": "Sediment Limited [0], Transport Limited (SL = TC) [1], Transport Limited (SL = G) [2]",
              "identifier": "TCONDs",
              "name": "Transport Condition Sand",
              "optional": "false",
              "type": "Grid (output)"
            },
            {
              "constraints": "",
              "description": "W_up",
              "identifier": "W_up",
              "name": "Upslope Flow Width",
              "optional": "false",
              "type": "Grid (output)"
            }
          ]
        },
        {
          "optionals": [
            {
              "constraints": "",
              "description": "",
              "identifier": "PARAMETERS_GRID_SYSTEM",
              "name": "Grid system",
              "type": "Grid system"
            },
            {
              "constraints": "",
              "description": "Full path to the directory for the output grids of each model step",
              "identifier": "OUT_PATH",
              "name": "Output file path",
              "type": "File path"
            },
            {
              "constraints": "Default: 1",
              "description": "Simulate interflow",
              "identifier": "INTERFLOW",
              "name": "Simulate Interflow",
              "type": "Boolean"
            },
            {
              "constraints": "Default: 18.000000",
              "description": "T, mean temperature [degree C]",
              "identifier": "T",
              "name": "Mean temperature",
              "type": "Floating point"
            },
            {
              "constraints": "Minimum: 1\nMaximum: 365\nDefault: 30",
              "description": "The number of days to model.",
              "identifier": "TIMESPAN",
              "name": "Timespan (days)",
              "type": "Integer"
            },
            {
              "constraints": "Default: 200.000000",
              "description": "R, height of precipitation in timespan [mm]",
              "identifier": "R",
              "name": "Rainfall",
              "type": "Floating point"
            },
            {
              "constraints": "Default: 20.000000",
              "description": "I, rainfall intensity [mm/h]",
              "identifier": "I",
              "name": "Rainfall intensity",
              "type": "Floating point"
            },
            {
              "constraints": "Default: 20.000000",
              "description": "Rn, number of rain days in timespan [-]",
              "identifier": "Rn",
              "name": "Rainfall Duration",
              "type": "Floating point"
            },
            {
              "constraints": "Available Choices:\n[0] North America east of Rocky Mountains (Wischmeier & Smith 1978)\n[1] North-western Europe (Marshall & Palmer)\n[2] Mediterranean-type climates (Zanchi & Torri 1980)\n[3] Western Mediterranean (Coutinho & Tomas 1995)\n[4] Tropical climates (Hudson 1965)\n[5] Eastern Asia (Onaga et al. 1998)\n[6] Southern hemisphere climates (Rosewell 1986)\n[7] Bogor, West-Java, Indonesia (McISaac 1990)\nDefault: 0",
              "description": "Relationship between kinetic energy (KE) and rainfall intensity (I)",
              "identifier": "KE_I_METHOD",
              "name": "Relationship KE - I",
              "type": "Choice"
            },
            {
              "constraints": "Minimum: 0.000000\nDefault: 0.005000",
              "description": "The flow depth used to calculate the actual flow velocity [m] (e.g. 0.005 unchannelled flow, 0.01 shallow rills, 0.25 deeper rills.",
              "identifier": "FLOWD_VA",
              "name": "Flow Depth (actual flow velocity)",
              "type": "Floating point"
            },
            {
              "constraints": "Default: 0",
              "description": "Route soil loss along channel network to outlet",
              "identifier": "CHANNELTRANSPORT",
              "name": "Route Soil along Channel Network",
              "type": "Boolean"
            }
          ]
        }
      ],
      "tool_description": "Soil erosion modelling with a modified MMF (Morgan-Morgan-Finney) model (Morgan & Duzant 2008).<br/>This tool is called MMF-SAGA because some things have been implemented differently compared to the original publication. The most important are:<br/><br/><ul><li>the extension of the model to support spatially distributed modelling</li><li>the introduction of a \"Channel Network\" layer</li><li>the introduction of a \"rainfall duration\" (time span) parameter</li><li>the exposure of the flow depth parameter</li></ul><br/><br/>A more detailed description of the model, its modifications, and model application is provided by Setiawan (2012), chapter 6.<br/>Currently, a number of additional grid datasets are outputted to facilitate model evaluation. This can be easily changed within the source code.<br/><br/><br/>References:<br/><b>Morgan, R.P.C. (2001)</b>: A simple approach to soil loss prediction: a revised Morgan-Morgan-Finney model. Catena 44: 305-322.<br/><br/><b>Morgan, R.P.C., Duzant, J.H. (2008)</b>: Modified MMF (Morgan-Morgan-Finney) model for evaluating effects of crops and vegetation cover on soil erosion. Earth Surf. Process. Landforms 32: 90-106.<br/><br/><a href=\"http://sourceforge.net/projects/saga-gis/files/SAGA%20-%20Documentation/Modules/MMF-SAGA_Setiawan.pdf\"><b>Setiawan, M. A. (2012)</b>: Integrated Soil Erosion Management in the upper Serayu Watershed, Wonosobo District, Central Java Province, Indonesia. Dissertation at the Faculty of Geo- and Atmospheric Sciences of the University of Innsbruck, Austria.</a><br/><br/>",
      "tool_id": "0",
      "tool_name": "MMF-SAGA Soil Erosion Model"
    }
  ]
}

