{"Version":"1.0","author":"O. Conrad (c) 2002","library_description":"Cellular Automata","library_name":"sim_cellular_automata","library_name_title":"Shapes Transect","tools":[{"author":"O.Conrad (c) 2003","parameters":[{"inputs":[{"constraints":"","description":"use this grid's system for output grids","identifier":"TARGET_TEMPLATE","name":"Target System","optional":"true","type":"Grid (optional input)"}]},{"outputs":[{"constraints":"","description":"","identifier":"LIFE","name":"Life","optional":"false","type":"Grid (output)"}]},{"optionals":[{"constraints":"Available Choices:\n[0] user defined\n[1] grid or grid system\nDefault: 0","description":"","identifier":"TARGET_DEFINITION","name":"Target Grid System","type":"Choice"},{"constraints":"Minimum: 0.000000\nDefault: 1.000000","description":"","identifier":"TARGET_USER_SIZE","name":"Cellsize","type":"Floating point"},{"constraints":"Default: 0.000000","description":"","identifier":"TARGET_USER_XMIN","name":"Left","type":"Floating point"},{"constraints":"Default: 100.000000","description":"","identifier":"TARGET_USER_XMAX","name":"Right","type":"Floating point"},{"constraints":"Default: 0.000000","description":"","identifier":"TARGET_USER_YMIN","name":"Bottom","type":"Floating point"},{"constraints":"Default: 100.000000","description":"","identifier":"TARGET_USER_YMAX","name":"Top","type":"Floating point"},{"constraints":"Available Choices:\n[0] nodes\n[1] cells\nDefault: 0","description":"","identifier":"TARGET_USER_FITS","name":"Fit","type":"Choice"},{"constraints":"","description":"","identifier":"TARGET_SYSTEM","name":"Grid System","type":"Grid system"},{"constraints":"Minimum: 1\nMaximum: 255\nDefault: 64","description":"","identifier":"FADECOLOR","name":"Fade Color Count","type":"Integer"}]}],"tool_description":"Conway's Game of Life - a classical cellular automat.\n\nReference:\n- Eigen, M., Winkler, R. (1985): 'Das Spiel - Naturgesetze steuern den Zufall', Muenchen, 404p.\n","tool_id":"0","tool_name":"Conway's Game of Life","tool_path":"http://geomodeling.njnu.edu.cn/OpenGMS/page/model-item-info/model-item-info.html?MmU5ZmFkMmQtYTE2OC00ZDA0LWFkM2MtNjIxNGNlY2U2OWU4NmI=","oid":"5b90e7bbd15d75093cb58843","stateId":"A1DA9EC3-84BA-40f3-A2F3-316814FE479C","mdlId":"F5AA59DF-CA9D-45d0-9F42-5B28C28AA4DA"},{"author":"O.Conrad (c) 2003","parameters":[{"inputs":[{"constraints":"","description":"use this grid's system for output grids","identifier":"TARGET_TEMPLATE","name":"Target System","optional":"true","type":"Grid (optional input)"}]},{"outputs":[{"constraints":"","description":"","identifier":"GRID","name":"Wa-Tor","optional":"false","type":"Grid (output)"},{"constraints":"","description":"","identifier":"TABLE","name":"Cycles","optional":"false","type":"Table (output)"}]},{"optionals":[{"constraints":"Available Choices:\n[0] user defined\n[1] grid or grid system\nDefault: 0","description":"","identifier":"TARGET_DEFINITION","name":"Target Grid System","type":"Choice"},{"constraints":"Minimum: 0.000000\nDefault: 1.000000","description":"","identifier":"TARGET_USER_SIZE","name":"Cellsize","type":"Floating point"},{"constraints":"Default: 0.000000","description":"","identifier":"TARGET_USER_XMIN","name":"Left","type":"Floating point"},{"constraints":"Default: 100.000000","description":"","identifier":"TARGET_USER_XMAX","name":"Right","type":"Floating point"},{"constraints":"Default: 0.000000","description":"","identifier":"TARGET_USER_YMIN","name":"Bottom","type":"Floating point"},{"constraints":"Default: 100.000000","description":"","identifier":"TARGET_USER_YMAX","name":"Top","type":"Floating point"},{"constraints":"Available Choices:\n[0] nodes\n[1] cells\nDefault: 0","description":"","identifier":"TARGET_USER_FITS","name":"Fit","type":"Choice"},{"constraints":"","description":"","identifier":"TARGET_SYSTEM","name":"Grid System","type":"Grid system"},{"constraints":"Default: 1","description":"","identifier":"REFRESH","name":"Refresh","type":"Boolean"},{"constraints":"Minimum: 0.000000\nMaximum: 100.000000\nDefault: 30.000000","description":"","identifier":"INIT_FISH","name":"Initial Number of Fishes [%]","type":"Floating point"},{"constraints":"Minimum: 0.000000\nMaximum: 100.000000\nDefault: 7.500000","description":"","identifier":"INIT_SHARK","name":"Initial Number of Sharks [%]","type":"Floating point"},{"constraints":"Minimum: 0\nDefault: 3","description":"","identifier":"FISH_BIRTH","name":"Birth Rate of Fishes","type":"Integer"},{"constraints":"Minimum: 0\nDefault: 12","description":"","identifier":"SHARK_BIRTH","name":"Birth Rate of Sharks","type":"Integer"},{"constraints":"Minimum: 0\nDefault: 4","description":"","identifier":"SHARK_STARVE","name":"Max. Starvation Time for Sharks","type":"Integer"}]}],"tool_description":"Wa-Tor - an ecological simulation of predator-prey populations - is based upon A. K. Dewdney's 'Computer Recreations' article in the December 1984 issue of Scientific American.","tool_id":"1","tool_name":"Wa-Tor","tool_path":"http://geomodeling.njnu.edu.cn/OpenGMS/page/model-item-info/model-item-info.html?NGZmMmExNTMtOTk2YS00YmI5LThlN2EtZTI2OWUxNTA2ZTk2NjM=","oid":"5b90e7bbd15d75093cb58844","stateId":"E672FF5D-00B7-4c5e-9B37-B460FD6AB56D","mdlId":"BE77F2BB-B7DE-43cd-BBC5-5869A4D732A9"}]}