{
  "Version": "1.0",
  "author": "Victor Olaya (c) 2004",
  "library_description": "Fire spreading analyses based on the BEHAVE fire modeling system supported by the U.S. Forest Service, Fire and Aviation Management. Find more information on BEHAVE at the <i>Public Domain Software for the Wildland Fire Community</i> at <a target=\"_blank\" href=\"http://fire.org\">http://fire.org</a>\n\nReference:\nAndrews, P.L. (1986): BEHAVE: Fire Behavior Prediction and Fuel Modeling System - Burn Subsystem, Part 1. U.S. Department of Agriculture, Forest Service General, Technical Report INT-194. ",
  "library_name": "sim_fire_spreading",
  "library_name_title": "Sim Fire Spreading",
  "tools": [
    {
      "author": "(c) 2004 Victor Olaya",
      "parameters": [
        {
          "inputs": [
            {
              "constraints": "",
              "description": "",
              "identifier": "DEM",
              "name": "DEM",
              "optional": "false",
              "type": "Grid (input)"
            },
            {
              "constraints": "",
              "description": "",
              "identifier": "FUEL",
              "name": "Fuel Model",
              "optional": "false",
              "type": "Grid (input)"
            },
            {
              "constraints": "",
              "description": "Wind Speed (m/s)",
              "identifier": "WINDSPD",
              "name": "Wind Speed",
              "optional": "false",
              "type": "Grid (input)"
            },
            {
              "constraints": "",
              "description": "Wind Direction (degrees clockwise from north)",
              "identifier": "WINDDIR",
              "name": "Wind Direction",
              "optional": "false",
              "type": "Grid (input)"
            },
            {
              "constraints": "",
              "description": "",
              "identifier": "M1H",
              "name": "Dead Fuel Moisture 1H",
              "optional": "false",
              "type": "Grid (input)"
            },
            {
              "constraints": "",
              "description": "",
              "identifier": "M10H",
              "name": "Dead Fuel Moisture 10H",
              "optional": "false",
              "type": "Grid (input)"
            },
            {
              "constraints": "",
              "description": "",
              "identifier": "M100H",
              "name": "Dead Fuel Moisture 100H",
              "optional": "false",
              "type": "Grid (input)"
            },
            {
              "constraints": "",
              "description": "",
              "identifier": "MHERB",
              "name": "Herbaceous Fuel Moisture",
              "optional": "false",
              "type": "Grid (input)"
            },
            {
              "constraints": "",
              "description": "",
              "identifier": "MWOOD",
              "name": "Wood Fuel Moisture",
              "optional": "false",
              "type": "Grid (input)"
            },
            {
              "constraints": "",
              "description": "",
              "identifier": "VALUE",
              "name": "Value",
              "optional": "true",
              "type": "Grid (optional input)"
            },
            {
              "constraints": "",
              "description": "",
              "identifier": "BASEPROB",
              "name": "Base Probability",
              "optional": "true",
              "type": "Grid (optional input)"
            }
          ]
        },
        {
          "outputs": [
            {
              "constraints": "",
              "description": "",
              "identifier": "DANGER",
              "name": "Danger",
              "optional": "false",
              "type": "Grid (output)"
            },
            {
              "constraints": "",
              "description": "",
              "identifier": "COMPPROB",
              "name": "Compound Probability",
              "optional": "false",
              "type": "Grid (output)"
            },
            {
              "constraints": "",
              "description": "",
              "identifier": "PRIORITY",
              "name": "Priority Index",
              "optional": "false",
              "type": "Grid (output)"
            }
          ]
        },
        {
          "optionals": [
            {
              "constraints": "",
              "description": "",
              "identifier": "PARAMETERS_GRID_SYSTEM",
              "name": "Grid system",
              "type": "Grid system"
            },
            {
              "constraints": "Minimum: 1\nDefault: 1000",
              "description": "N?omero of Monte-Carlo events",
              "identifier": "MONTECARLO",
              "name": "Number of Events",
              "type": "Integer"
            },
            {
              "constraints": "Minimum: 1.000000\nDefault: 100.000000",
              "description": "Fire Length (min)",
              "identifier": "INTERVAL",
              "name": "Fire Length",
              "type": "Floating point"
            }
          ]
        }
      ],
      "tool_description": "Fire risk analysis based on the BEHAVE fire modeling system supported by the U.S. Forest Service, Fire and Aviation Management. Find more information on BEHAVE at the <i>Public Domain Software for the Wildland Fire Community</i> at <a target=\"_blank\" href=\"http://fire.org\">http://fire.org</a>\n\nReference:\nAndrews, P.L. (1986): BEHAVE: Fire Behavior Prediction and Fuel Modeling System - Burn Subsystem, Part 1. U.S. Department of Agriculture, Forest Service General, Technical Report INT-194. ",
      "tool_id": "0",
      "tool_name": "Fire Risk Analysis"
    },
    {
      "author": "(c) 2004 Victor Olaya",
      "parameters": [
        {
          "inputs": [
            {
              "constraints": "",
              "description": "",
              "identifier": "DEM",
              "name": "DEM",
              "optional": "false",
              "type": "Grid (input)"
            },
            {
              "constraints": "",
              "description": "",
              "identifier": "FUEL",
              "name": "Fuel Model",
              "optional": "false",
              "type": "Grid (input)"
            },
            {
              "constraints": "",
              "description": "Wind speed (m/s)",
              "identifier": "WINDSPD",
              "name": "Wind Speed",
              "optional": "false",
              "type": "Grid (input)"
            },
            {
              "constraints": "",
              "description": "Wind direction (degrees clockwise from north)",
              "identifier": "WINDDIR",
              "name": "Wind Direction",
              "optional": "false",
              "type": "Grid (input)"
            },
            {
              "constraints": "",
              "description": "",
              "identifier": "M1H",
              "name": "Dead Fuel Moisture 1H",
              "optional": "false",
              "type": "Grid (input)"
            },
            {
              "constraints": "",
              "description": "",
              "identifier": "M10H",
              "name": "Dead Fuel Moisture 10H",
              "optional": "false",
              "type": "Grid (input)"
            },
            {
              "constraints": "",
              "description": "",
              "identifier": "M100H",
              "name": "Dead Fuel Moisture 100H",
              "optional": "false",
              "type": "Grid (input)"
            },
            {
              "constraints": "",
              "description": "",
              "identifier": "MHERB",
              "name": "Herbaceous Fuel Moisture",
              "optional": "false",
              "type": "Grid (input)"
            },
            {
              "constraints": "",
              "description": "",
              "identifier": "MWOOD",
              "name": "Wood Fuel Moisture",
              "optional": "false",
              "type": "Grid (input)"
            },
            {
              "constraints": "",
              "description": "",
              "identifier": "IGNITION",
              "name": "Ignition Points",
              "optional": "false",
              "type": "Grid (input)"
            }
          ]
        },
        {
          "outputs": [
            {
              "constraints": "",
              "description": "",
              "identifier": "TIME",
              "name": "Time",
              "optional": "false",
              "type": "Grid (output)"
            },
            {
              "constraints": "",
              "description": "Flame Length (m)",
              "identifier": "FLAME",
              "name": "Flame Length",
              "optional": "false",
              "type": "Grid (output)"
            },
            {
              "constraints": "",
              "description": "Intensity (Kcal/m)",
              "identifier": "INTENSITY",
              "name": "Intensity",
              "optional": "false",
              "type": "Grid (output)"
            }
          ]
        },
        {
          "optionals": [
            {
              "constraints": "",
              "description": "",
              "identifier": "PARAMETERS_GRID_SYSTEM",
              "name": "Grid system",
              "type": "Grid system"
            },
            {
              "constraints": "Default: 1",
              "description": "Update view during simulation.",
              "identifier": "UPDATEVIEW",
              "name": "Update View",
              "type": "Boolean"
            }
          ]
        }
      ],
      "tool_description": "Fire simulation based on the BEHAVE fire modeling system supported by the U.S. Forest Service, Fire and Aviation Management. Find more information on BEHAVE at the <i>Public Domain Software for the Wildland Fire Community</i> at <a target=\"_blank\" href=\"http://fire.org\">http://fire.org</a>\n\nReference:\nAndrews, P.L. (1986): BEHAVE: Fire Behavior Prediction and Fuel Modeling System - Burn Subsystem, Part 1. U.S. Department of Agriculture, Forest Service General, Technical Report INT-194. ",
      "tool_id": "1",
      "tool_name": "Simulation"
    }
  ]
}

