{"Version":"1.0","author":"O. Conrad (c) 2001","library_description":"Modelling hydrological processes.","library_name":"sim_hydrology","library_name_title":"Sim Hydrology","tools":[{"author":"(c) 2002 by O.Conrad","parameters":[{"inputs":[{"constraints":"","description":"","identifier":"STA_FC","name":"Field Capacity [mm]","optional":"true","type":"Grid (optional input)"},{"constraints":"","description":"","identifier":"STA_PWP","name":"Permanent Wilting Point [mm]","optional":"true","type":"Grid (optional input)"},{"constraints":"","description":"","identifier":"LANDUSE","name":"Land Use","optional":"true","type":"Grid (optional input)"}]},{"outputs":[{"constraints":"","description":"","identifier":"DYN_W","name":"Soil Moisture","optional":"false","type":"Grid (output)"}]},{"optionals":[{"constraints":"Minimum: 0.000000\nDefault: 20.000000","description":"","identifier":"STA_FC_DEF","name":"Default","type":"Floating point"},{"constraints":"Minimum: 0.000000\nDefault: 2.000000","description":"","identifier":"STA_PWP_DEF","name":"Default","type":"Floating point"},{"constraints":"Default: -1","description":"","identifier":"LANDUSE_DEF","name":"Default","type":"Integer"},{"constraints":"3 Fields:\n- 1. [8 byte floating point number] Precipitation [mm]\n- 2. [8 byte floating point number] Temperature (2pm) [DegreeC]\n- 3. [8 byte floating point number] Air Humidity (2pm) [%%]\n","description":"","identifier":"DYN_CLIMATE","name":"Climate Data","type":"Static table"},{"constraints":"14 Fields:\n- 1. [signed 4 byte integer] Land Use ID\n- 2. [string] Name\n- 3. [8 byte floating point number] January\n- 4. [8 byte floating point number] February\n- 5. [8 byte floating point number] March\n- 6. [8 byte floating point number] April\n- 7. [8 byte floating point number] May\n- 8. [8 byte floating point number] June\n- 9. [8 byte floating point number] July\n- 10. [8 byte floating point number] August\n- 11. [8 byte floating point number] September\n- 12. [8 byte floating point number] October\n- 13. [8 byte floating point number] November\n- 14. [8 byte floating point number] December\n","description":"","identifier":"STA_KC","name":"Crop Coefficients","type":"Static table"}]}],"tool_description":"The WEELS (Wind Erosion on European Light Soils) soil moisture model dynamically calculates the soil moisture based on the rules proposed by the DVWK (1996) with input data about:\n- soil properties (grids: field capacity and permanent wilting point)\n- land use (grid: crop types)\n- climate (table: daily values of precipitation, temperature, air humidity)\n\nReferences:\n- DVWK - Deutscher Verband fuer Wasserwirtschaft und Kulturbau e.V. (1996): 'Ermittlung der Verdunstung von Land- und Wasserflaechen', DVWK Merkblaetter 238/1996, Bonn, 135p.\n- Boehner, J., Schaefer, W., Conrad, O., Gross, J., Ringeler, A. (2001): 'The WEELS Model: methods, results and limits of wind erosion modelling', In: Catena, Special Issue\n","tool_id":"0","tool_name":"Soil Moisture Content","tool_path":"http://geomodeling.njnu.edu.cn/OpenGMS/page/model-item-info/model-item-info.html?MDg1ZDdkNDAtYzY1YS00NjliLTg2MjItNWUzNTlkY2Q2NDQ5YTk=","oid":"5b90e7bbd15d75093cb5884c","stateId":"30F63F50-D0DF-402d-A1DE-A33ECD765918","mdlId":"F504D423-70BA-4e6f-ACDF-A573914DF4E8"},{"author":"O. Conrad (c) 2003","parameters":[{"inputs":[{"constraints":"","description":"","identifier":"DEM","name":"Elevation","optional":"false","type":"Grid (input)"},{"constraints":"","description":"","identifier":"GAUGES","name":"Gauges","optional":"true","type":"Shapes (optional input)"}]},{"outputs":[{"constraints":"","description":"","identifier":"FLOW","name":"Runoff","optional":"false","type":"Grid (output)"},{"constraints":"","description":"","identifier":"GAUGES_FLOW","name":"Flow at Gauges","optional":"true","type":"Table (optional output)"}]},{"optionals":[{"constraints":"Minimum: 0.000000\nDefault: 24.000000","description":"","identifier":"TIME_SPAN","name":"Simulation Time [h]","type":"Floating point"},{"constraints":"Minimum: 0.000000\nDefault: 0.100000","description":"","identifier":"TIME_STEP","name":"Simulation Time Step [h]","type":"Floating point"},{"constraints":"Minimum: 0.000000\nDefault: 0.030000","description":"","identifier":"ROUGHNESS","name":"Manning's Roughness","type":"Floating point"},{"constraints":"Minimum: 1\nDefault: 100","description":"","identifier":"NEWTON_MAXITER","name":"Max. Iterations","type":"Integer"},{"constraints":"Minimum: 0.000000\nDefault: 0.000100","description":"","identifier":"NEWTON_EPSILON","name":"Epsilon","type":"Floating point"},{"constraints":"Available Choices:\n[0] Homogenous\n[1] Above Elevation\n[2] Left Half\nDefault: 0","description":"Kind of initializing Precipitation Event","identifier":"PRECIP","name":"Precipitation","type":"Choice"},{"constraints":"Default: 0.000000","description":"","identifier":"THRESHOLD","name":"Threshold Elevation","type":"Floating point"}]}],"tool_description":"Overland Flow - Kinematic Wave D8\n\nReference:\nJohnson, D.L., Miller, A.C. (1997): A spatially distributed hydrological model utilizing raster data structures, Computers & Geosciences, Vol.23, No.3, pp.267-272","tool_id":"1","tool_name":"Overland Flow - Kinematic Wave D8","tool_path":"","oid":"","stateId":"","mdlId":""},{"author":"(c) 2003 by O.Conrad","parameters":[{"inputs":[{"constraints":"","description":"","identifier":"ATANB","name":"Topographic Wetness Index","optional":"false","type":"Grid (input)"},{"constraints":"","description":"","identifier":"WEATHER","name":"Weather Records","optional":"false","type":"Table (input)"}]},{"outputs":[{"constraints":"","description":"","identifier":"MOIST","name":"Soil Moisture Deficit","optional":"true","type":"Grid (optional output)"},{"constraints":"","description":"","identifier":"TABLE","name":"Simulation Output","optional":"false","type":"Table (output)"}]},{"optionals":[{"constraints":"","description":"","identifier":"RECORD_P","name":"Precipitation [m / dt]","type":"Table field"},{"constraints":"","description":"","identifier":"RECORD_ET","name":"Evapotranspiration [m / dt]","type":"Table field"},{"constraints":"","description":"","identifier":"RECORD_DATE","name":"Date/Time","type":"Table field"},{"constraints":"Default: 1.000000","description":"","identifier":"DTIME","name":"Time Step [h]","type":"Floating point"},{"constraints":"Minimum: 1\nDefault: 30","description":"","identifier":"NCLASSES","name":"Number of Classes","type":"Integer"},{"constraints":"Default: 0.000033","description":"","identifier":"P_QS0","name":"Initial subsurface flow per unit area [m/h]","type":"Floating point"},{"constraints":"Default: 5.000000","description":"","identifier":"P_LNTE","name":"Areal average of ln(T0) = ln(Te) [ln(m^2/h)]","type":"Floating point"},{"constraints":"Default: 0.032000","description":"","identifier":"P_MODEL","name":"Model parameter [m]","type":"Floating point"},{"constraints":"Default: 0.002000","description":"","identifier":"P_SR0","name":"Initial root zone storage deficit [m]","type":"Floating point"},{"constraints":"Default: 0.050000","description":"","identifier":"P_SRZMAX","name":"Maximum root zone storage deficit [m]","type":"Floating point"},{"constraints":"Default: 50.000000","description":"","identifier":"P_SUZ_TD","name":"Unsaturated zone time delay per unit storage deficit [h]","type":"Floating point"},{"constraints":"Default: 3600.000000","description":"","identifier":"P_VCH","name":"Main channel routing velocity [m/h]","type":"Floating point"},{"constraints":"Default: 3600.000000","description":"","identifier":"P_VR","name":"Internal subcatchment routing velocity [m/h]","type":"Floating point"},{"constraints":"Default: 1.000000","description":"","identifier":"P_K0","name":"Surface hydraulic conductivity [m/h]","type":"Floating point"},{"constraints":"Default: 0.020000","description":"","identifier":"P_PSI","name":"Wetting front suction [m]","type":"Floating point"},{"constraints":"Default: 0.100000","description":"","identifier":"P_DTHETA","name":"Water content change across the wetting front","type":"Floating point"},{"constraints":"Default: 1","description":"","identifier":"BINF","name":"Green-Ampt Infiltration","type":"Boolean"}]}],"tool_description":"Simple Subcatchment Version of TOPMODEL\n\nBased on the 'TOPMODEL demonstration program v95.02' by Keith Beven (Centre for Research on Environmental Systems and Statistics, Institute of Environmental and Biological Sciences, Lancaster University, Lancaster LA1 4YQ, UK) and the C translation of the Fortran source codes implemented in GRASS.\n\nThis program allows single or multiple subcatchment calculations but with single average rainfall and potential evapotranspiration inputs to the whole catchment.  Subcatchment discharges are routed to the catchment outlet using a linear routing algorithm with constant main channel velocity and internal subcatchment routing velocity.  The program requires ln(a/tanB) distributions for each subcatchment.  These may be calculated using the GRIDATB program which requires raster elevation data as input. It is recommended that those data should be 50 m resolution or better.\n\nNOTE that TOPMODEL is not intended to be a traditional model package but is more a collection of concepts that can be used **** where appropriate ****. It is up to the user to verify that the assumptions are appropriate (see discussion in Beven et al.(1994).   This version of the model  will be best suited to catchments with shallow soils and moderate topography which do not suffer from excessively long dry periods.  Ideally predicted contributing areas should be checked against what actually happens in the catchment.\n\nIt includes infiltration excess calculations and parameters based on the exponential conductivity Green-Ampt model of Beven (HSJ, 1984) but if infiltration excess does occur it does so over whole area of a subcatchment.  Spatial variability in conductivities can however be handled by specifying Ko parameter values for different subcatchments, even if they have the same ln(a/tanB) and routing parameters, ie. to represent different parts of the area.\n\nNote that time step calculations are explicit ie. SBAR at start of time step is used to determine contributing area. Thus with long (daily) time steps contributing area depends on initial value together with any volume filling effect of daily inputs.  Also baseflow at start of time step is used to update SBAR at end of time step.\n\nReferences\n- Beven, K., Kirkby, M.J., Schofield, N., Tagg, A.F. (1984):   Testing a physically-based flood forecasting model (TOPMODEL) for threee U.K. catchments,   Journal of Hydrology, H.69, S.119-143.\n\n- Beven, K. (1997):   TOPMODEL - a critique,   Hydrological Processes, Vol.11, pp.1069-1085.\n","tool_id":"2","tool_name":"TOPMODEL","tool_path":"http://geomodeling.njnu.edu.cn/OpenGMS/page/model-item-info/model-item-info.html?MWQ5MWFkM2UtODA4OC00MmRmLWJmOTYtMjdlMjcwZDRhZmM3YzA=","oid":"5b90e7bbd15d75093cb5884e","stateId":"8B49882C-DAA6-4bd4-9B78-6643C14B25A4","mdlId":"57DBA397-E995-4bb9-B821-6715F5A6E42B"},{"author":"","parameters":[{"inputs":[{"constraints":"","description":"","identifier":"SHAPES","name":"Plot Holes","optional":"false","type":"Shapes (input)"},{"constraints":"","description":"DEM","identifier":"DEM","name":"DEM","optional":"false","type":"Grid (input)"}]},{"outputs":[{"constraints":"","description":"","identifier":"OUTPUT","name":"Final Parameters","optional":"false","type":"Shapes (output)"},{"constraints":"","description":"","identifier":"RETENTION","name":"Water Retention Capacity","optional":"false","type":"Grid (output)"}]},null],"tool_description":"(c) 2004 Victor Olaya. Water Retention Capacity (Gandullo, 1994)","tool_id":"3","tool_name":"Water Retention Capacity","tool_path":"http://geomodeling.njnu.edu.cn/OpenGMS/page/model-item-info/model-item-info.html?Zjg5YWVhODAtNDIwZi00Y2ZkLWEyNmEtYWZiYTBiZTkwZWFlZGY=","oid":"5b90e7bbd15d75093cb5884f","stateId":"2898C7A9-CD68-46ff-94EF-DC19DE460F0D","mdlId":"BB21F531-B0D9-4c86-8D88-AFA76344E8AC"},{"author":"Cosima Berger, Olaf Conrad (c) 2014","parameters":[{"inputs":[{"constraints":"","description":"","identifier":"DEM","name":"Elevation","optional":"false","type":"Grid (input)"},{"constraints":"","description":"","identifier":"CHANNEL","name":"Channel Network","optional":"true","type":"Grid (optional input)"},{"constraints":"","description":"","identifier":"WEIGHT","name":"Land Cover Weights","optional":"true","type":"Grid (optional input)"},{"constraints":"","description":"","identifier":"RAIN","name":"Rainfall","optional":"true","type":"Grid (optional input)"}]},{"outputs":[{"constraints":"","description":"","identifier":"DELIVERY","name":"Delivery Index","optional":"false","type":"Grid (output)"},{"constraints":"","description":"","identifier":"RISK_POINT","name":"Locational Risk","optional":"false","type":"Grid (output)"},{"constraints":"","description":"","identifier":"RISK_DIFFUSE","name":"Diffuse Pollution Risk","optional":"false","type":"Grid (output)"}]},{"optionals":[{"constraints":"Minimum: 0.000000\nDefault: 1.000000","description":"default value if no grid has been selected","identifier":"WEIGHT_DEFAULT","name":"Default","type":"Floating point"},{"constraints":"Minimum: 0.000000\nDefault: 500.000000","description":"default value if no grid has been selected","identifier":"RAIN_DEFAULT","name":"Default","type":"Floating point"},{"constraints":"Available Choices:\n[0] single\n[1] multiple\nDefault: 1","description":"","identifier":"METHOD","name":"Flow Direction Algorithm","type":"Choice"},{"constraints":"Minimum: 1\nDefault: 150","description":"minimum number of upslope contributing cells to start a channel","identifier":"CHANNEL_START","name":"Channel Initiation Threshold","type":"Integer"}]}],"tool_description":"Diffuse Pollution Risk Mapping.\nThis tool tries to reproduce in parts the methodology of the <a target=\"_blank\" href=\"http://www.scimap.org.uk/\">SCIMAP - Diffuse Pollution Risk Mapping - Framework</a>.\n\nReferences:\nLane, S.N.; Brookes, C.J.; Kirkby, M.J.; Holden, J. (2004): A network-index-based version of TOPMODEL for use with high-resolution digital topographic data. In: Hydrological processes. Vol. 18, S. 191-201.\n\nMilledge, D.G.; Lane, N.S.; Heathwait, A.L.; Reaney, S.M. (2012): A monte carlo approach to the invers problem of diffuse pollution risk in agricultural catchments. In: Science of the Total Environment. Vol. 433, S. 434-449.\n","tool_id":"4","tool_name":"Diffuse Pollution Risk","tool_path":"http://geomodeling.njnu.edu.cn/OpenGMS/page/model-item-info/model-item-info.html?NTg1YzEyNGYtZWRiNy00OWMyLWEzZmMtMjZhMzk0NjFlN2RiOGY=","oid":"5b90e7bbd15d75093cb58850","stateId":"05FA7EDA-54BD-4707-BC17-17FAA4AC311C","mdlId":"A84F7C65-8907-4138-9A08-15E0FDAED183"},{"author":"R.Heinrich, O.Conrad (c) 2007","parameters":[{"inputs":[{"constraints":"","description":"","identifier":"MASK","name":"Mask","optional":"false","type":"Grid (input)"}]},{"outputs":[{"constraints":"","description":"","identifier":"SURF","name":"Surface","optional":"false","type":"Grid (output)"},{"constraints":"","description":"","identifier":"GRAD","name":"Gradient","optional":"false","type":"Grid (output)"}]},{"optionals":[{"constraints":"Minimum: 0.000000\nDefault: 0.001000","description":"","identifier":"SURF_E","name":"Surface Approximation Threshold","type":"Floating point"}]}],"tool_description":"Cellular automata are simple computational operators, but despite their simplicity, they allow the simulation of highly complex processes. This tool has been created to apply the concept of cellular automata to simulate diffusion and flow processes in shallow water bodies with in- and outflow, where monitoring data show concentration growth or decrease between the inflow and the outflow points. Parameters are for example nutrients like nitrate, which is reduced by denitrification process inside the water body.\nValues of mask grid are expected to be 1 for water area, 2 for inlet, 3 for outlet and 0 for non water.\n\nReferences:\n<ul><li>Heinrich, R. / Conrad, O. (2008): Diffusion, Flow and Concentration Gradient Simulation with SAGA GIS using Cellular Automata Methods. In: Boehner, J. / Blaschke, T. / Montanarella, L. [Eds.]: SAGA - Seconds Out. Hamburger Beitraege zur Physischen Geographie und Landschaftsoekologie, Vol.19, p59-70, <a href=\"http://downloads.sourceforge.net/saga-gis/hbpl19_07.pdf\">online</a>.</li></ul>\n","tool_id":"5","tool_name":"Surface and Gradient","tool_path":"http://geomodeling.njnu.edu.cn/OpenGMS/page/model-item-info/model-item-info.html?YzEzMjBlOTEtNjhjYi00NGEzLWFiZmEtMTgzMzBmZWNlZTk3NTI=","oid":"5b90e7bbd15d75093cb58851","stateId":"6F1EDAC3-638F-4090-B7FA-F569A441D5AB","mdlId":"D37A27EA-FCED-4fab-94A4-32E6BB939825"},{"author":"R.Heinrich, O.Conrad (c) 2007","parameters":[{"inputs":[{"constraints":"","description":"","identifier":"MASK","name":"Mask","optional":"false","type":"Grid (input)"},{"constraints":"","description":"","identifier":"GRAD","name":"Gradient","optional":"false","type":"Grid (input)"}]},{"outputs":[{"constraints":"","description":"","identifier":"CONC","name":"Concentration","optional":"false","type":"Grid (output)"}]},{"optionals":[{"constraints":"Minimum: 0.000000\nDefault: 5.000000","description":"","identifier":"CONC_IN","name":"Inlet Concentration","type":"Floating point"},{"constraints":"Minimum: 0.000000\nDefault: 3.000000","description":"","identifier":"CONC_OUT","name":"Outlet Concentration","type":"Floating point"},{"constraints":"Minimum: 0.000000\nDefault: 0.001000","description":"","identifier":"CONC_E","name":"Concentration Approximation Threshold","type":"Floating point"},{"constraints":"Minimum: 0.000000\nDefault: 0.000000","description":"","identifier":"GRAD_MIN","name":"Minimum Gradient","type":"Floating point"},{"constraints":"Available Choices:\n[0] Moore (8)\n[1] Neumann (4)\n[2] Optimised\nDefault: 0","description":"","identifier":"NEIGHBOURS","name":"Neighbourhood","type":"Choice"}]}],"tool_description":"Cellular automata are simple computational operators, but despite their simplicity, they allow the simulation of highly complex processes. This tool has been created to apply the concept of cellular automata to simulate diffusion and flow processes in shallow water bodies with in- and outflow, where monitoring data show concentration growth or decrease between the inflow and the outflow points. Parameters are for example nutrients like nitrate, which is reduced by denitrification process inside the water body.\nValues of mask grid are expected to be 1 for water area, 2 for inlet, 3 for outlet and 0 for non water.\n\nReferences:\n<ul><li>Heinrich, R. / Conrad, O. (2008): Diffusion, Flow and Concentration Gradient Simulation with SAGA GIS using Cellular Automata Methods. In: Boehner, J. / Blaschke, T. / Montanarella, L. [Eds.]: SAGA - Seconds Out. Hamburger Beitraege zur Physischen Geographie und Landschaftsoekologie, Vol.19, p59-70, <a href=\"http://downloads.sourceforge.net/saga-gis/hbpl19_07.pdf\">online</a>.</li></ul>\n","tool_id":"6","tool_name":"Concentration","tool_path":"http://geomodeling.njnu.edu.cn/OpenGMS/page/model-item-info/model-item-info.html?NWQyNTZjMzQtNDIwYS00NTY4LThjNDctMzZiMTdkNzRmYWJiY2Q=","oid":"5b90e7bbd15d75093cb58852","stateId":"3382E67D-6FE0-43ef-AD36-71A62EAE1756","mdlId":"6514D604-3E23-4a16-ABAC-B41525D8F4C4"},{"author":"R.Heinrich, O.Conrad (c) 2007","parameters":[{"inputs":[{"constraints":"","description":"","identifier":"MASK","name":"Mask","optional":"false","type":"Grid (input)"}]},{"outputs":[{"constraints":"","description":"","identifier":"SURF","name":"Surface","optional":"false","type":"Grid (output)"},{"constraints":"","description":"","identifier":"GRAD","name":"Gradient","optional":"false","type":"Grid (output)"},{"constraints":"","description":"","identifier":"CONC","name":"Concentration","optional":"false","type":"Grid (output)"}]},{"optionals":[{"constraints":"Minimum: 0.000000\nDefault: 0.001000","description":"","identifier":"SURF_E","name":"Surface Approximation Threshold","type":"Floating point"},{"constraints":"Minimum: 0.000000\nDefault: 5.000000","description":"","identifier":"CONC_IN","name":"Inlet Concentration","type":"Floating point"},{"constraints":"Minimum: 0.000000\nDefault: 3.000000","description":"","identifier":"CONC_OUT","name":"Outlet Concentration","type":"Floating point"},{"constraints":"Minimum: 0.000000\nDefault: 0.001000","description":"","identifier":"CONC_E","name":"Concentration Approximation Threshold","type":"Floating point"},{"constraints":"Minimum: 0.000000\nDefault: 0.000000","description":"","identifier":"GRAD_MIN","name":"Minimum Gradient","type":"Floating point"},{"constraints":"Available Choices:\n[0] Moore (8)\n[1] Neumann (4)\n[2] Optimised\nDefault: 0","description":"","identifier":"NEIGHBOURS","name":"Neighbourhood","type":"Choice"}]}],"tool_description":"Cellular automata are simple computational operators, but despite their simplicity, they allow the simulation of highly complex processes. This tool has been created to apply the concept of cellular automata to simulate diffusion and flow processes in shallow water bodies with in- and outflow, where monitoring data show concentration growth or decrease between the inflow and the outflow points. Parameters are for example nutrients like nitrate, which is reduced by denitrification process inside the water body.\nValues of mask grid are expected to be 1 for water area, 2 for inlet, 3 for outlet and 0 for non water.\n\nReferences:\n<ul><li>Heinrich, R. / Conrad, O. (2008): Diffusion, Flow and Concentration Gradient Simulation with SAGA GIS using Cellular Automata Methods. In: Boehner, J. / Blaschke, T. / Montanarella, L. [Eds.]: SAGA - Seconds Out. Hamburger Beitraege zur Physischen Geographie und Landschaftsoekologie, Vol.19, p59-70, <a href=\"http://downloads.sourceforge.net/saga-gis/hbpl19_07.pdf\">online</a>.</li></ul>\n","tool_id":"7","tool_name":"Surface, Gradient and Concentration","tool_path":"http://geomodeling.njnu.edu.cn/OpenGMS/page/model-item-info/model-item-info.html?NzE4M2MxNDItZjViMi00NzBlLTlmZjEtZjFlYzFjOTQ0NDdkMjE=","oid":"5b90e7bbd15d75093cb58853","stateId":"CEA8581E-0990-48a9-85A0-99532A7974CB","mdlId":"E53159B7-338D-4033-B131-59E17F0B66C9"}]}