{"Version":"1.0","author":"O.Conrad, V.Wichmann (c) 2002-16","library_description":"Tools for spatial and geostatistical analyses.","library_name":"statistics_grid","library_name_title":"Statistics Grid","tools":[{"author":"A.Ringeler (c) 2009","parameters":[{"inputs":[{"constraints":"","description":"Input for tool calculations.","identifier":"INPUT","name":"Input","optional":"false","type":"Grid (input)"}]},{"outputs":[{"constraints":"","description":"Output of tool calculations.","identifier":"RESULT","name":"Output","optional":"false","type":"Grid (output)"},{"constraints":"","description":"Output of tool calculations.","identifier":"RESULT_LOD","name":"Output Lod","optional":"false","type":"Grid (output)"},{"constraints":"","description":"Output of tool calculations.","identifier":"SEEDS","name":"Output Seeds","optional":"false","type":"Grid (output)"}]},{"optionals":[{"constraints":"","description":"","identifier":"PARAMETERS_GRID_SYSTEM","name":"Grid system","type":"Grid system"},{"constraints":"Default: 16.000000","description":"","identifier":"LOD","name":"Level of Generalisation","type":"Floating point"}]}],"tool_description":"","tool_id":"0","tool_name":"Fast Representativeness","tool_path":"http://geomodeling.njnu.edu.cn/OpenGMS/page/model-item-info/model-item-info.html?Y2YxYmRhNjktODIwOC00MjFiLWEzYmYtYTg0YmY2ZThkYzY4ZTI=","oid":"5b90e7bbd15d75093cb58862","stateId":"247E94A9-D4AE-4d3f-8336-9E882DAF3C70","mdlId":"59F94CB9-2E08-4f4a-80E2-10AAF823632E"},{"author":"O.Conrad (c) 2003","parameters":[{"inputs":[{"constraints":"","description":"","identifier":"GRID","name":"Grid","optional":"false","type":"Grid (input)"}]},{"outputs":[{"constraints":"","description":"","identifier":"MEAN","name":"Mean Value","optional":"false","type":"Grid (output)"},{"constraints":"","description":"","identifier":"DIFF","name":"Difference from Mean Value","optional":"false","type":"Grid (output)"},{"constraints":"","description":"","identifier":"STDDEV","name":"Standard Deviation","optional":"false","type":"Grid (output)"},{"constraints":"","description":"","identifier":"RANGE","name":"Value Range","optional":"false","type":"Grid (output)"},{"constraints":"","description":"","identifier":"MIN","name":"Minimum Value","optional":"false","type":"Grid (output)"},{"constraints":"","description":"","identifier":"MAX","name":"Maximum Value","optional":"false","type":"Grid (output)"},{"constraints":"","description":"","identifier":"DEVMEAN","name":"Deviation from Mean Value","optional":"false","type":"Grid (output)"},{"constraints":"","description":"","identifier":"PERCENT","name":"Percentile","optional":"false","type":"Grid (output)"}]},{"optionals":[{"constraints":"","description":"","identifier":"PARAMETERS_GRID_SYSTEM","name":"Grid system","type":"Grid system"},{"constraints":"Available Choices:\n[0] Square\n[1] Circle\nDefault: 1","description":"","identifier":"MODE","name":"Search Mode","type":"Choice"},{"constraints":"Minimum: 1\nDefault: 7","description":"","identifier":"RADIUS","name":"Radius (Cells)","type":"Integer"},{"constraints":"Default: 1","description":"","identifier":"BCENTER","name":"Include Center Cell","type":"Boolean"},{"constraints":"4 Parameters:\n- 1. Available Choices:\n[0] no distance weighting\n[1] inverse distance to a power\n[2] exponential\n[3] gaussian weighting\nDefault: 0\n- 2. Minimum: 0.000000\nDefault: 1.000000\n- 3. Default: 1\n- 4. Minimum: 0.000000\nDefault: 1.000000\n","description":"","identifier":"WEIGHTING","name":"Weighting","type":"Parameters"}]}],"tool_description":"Relations of each grid cell to its neighborhood. Wilson & Gallant (2000) used this type of calculation in terrain analysis.","tool_id":"1","tool_name":"Residual Analysis (Grid)","tool_path":"http://geomodeling.njnu.edu.cn/OpenGMS/page/model-item-info/model-item-info.html?NTQyZGIxODctYmExYS00MTI2LWFmYzQtNWRkNzU3ODVkNDdkMzI=","oid":"5b90e7bbd15d75093cb58863","stateId":"2A10822D-4514-45b7-AB70-FF74B02A5B3E","mdlId":"4B52C5B0-3B70-41b0-92A5-ED90F19C37B6"},{"author":"O.Conrad (c) 2003","parameters":[{"inputs":[{"constraints":"","description":"","identifier":"INPUT","name":"Grid","optional":"false","type":"Grid (input)"}]},{"outputs":[{"constraints":"","description":"","identifier":"RESULT","name":"Representativeness","optional":"false","type":"Grid (output)"}]},{"optionals":[{"constraints":"","description":"","identifier":"PARAMETERS_GRID_SYSTEM","name":"Grid system","type":"Grid system"},{"constraints":"Minimum: 1\nDefault: 10","description":"","identifier":"RADIUS","name":"Radius (Cells)","type":"Integer"},{"constraints":"Minimum: 0.000000\nDefault: 1.000000","description":"","identifier":"EXPONENT","name":"Exponent","type":"Floating point"}]}],"tool_description":"Representativeness - calculation of the variance within a given search radius.","tool_id":"2","tool_name":"Representativeness (Grid)","tool_path":"http://geomodeling.njnu.edu.cn/OpenGMS/page/model-item-info/model-item-info.html?OWI3OTBiZTktYzVjNy00YWRlLWIwYjAtYzlkOTk0OTYxZjJmYTI=","oid":"5b90e7bbd15d75093cb5886a","stateId":"19DD6F1F-1091-494e-A9C0-85D81387C7E0","mdlId":"9F240388-9C10-4ab4-AB89-FCDBF3AD608C"},{"author":"O.Conrad (c) 2003","parameters":[{"inputs":[{"constraints":"","description":"","identifier":"INPUT","name":"Grid","optional":"false","type":"Grid (input)"}]},{"outputs":[{"constraints":"","description":"","identifier":"RESULT","name":"Radius","optional":"false","type":"Grid (output)"}]},{"optionals":[{"constraints":"","description":"","identifier":"PARAMETERS_GRID_SYSTEM","name":"Grid system","type":"Grid system"},{"constraints":"Minimum: 0.000000\nDefault: 1.000000","description":"","identifier":"STDDEV","name":"Standard Deviation","type":"Floating point"},{"constraints":"Minimum: 1\nDefault: 20","description":"","identifier":"RADIUS","name":"Maximum Search Radius (cells)","type":"Integer"},{"constraints":"Available Choices:\n[0] Cells\n[1] Map Units\nDefault: 0","description":"","identifier":"OUTPUT","name":"Type of Output","type":"Choice"}]}],"tool_description":"Find the radius within which the cell values exceed the given variance criterium. This tool is closely related to the representativeness calculation (variance within given search radius). For easier usage, the variance criterium is entered as standard deviation value. ","tool_id":"3","tool_name":"Radius of Variance (Grid)","tool_path":"http://geomodeling.njnu.edu.cn/OpenGMS/page/model-item-info/model-item-info.html?YWY2M2FlNTktZjU3MS00NTUyLWJlMWEtZDE3ODFkODE4ZmUyMmM=","oid":"5b90e7bbd15d75093cb5886b","stateId":"ECC35F36-615B-48c1-999B-99C33539FECC","mdlId":"C54CA5AA-3FBC-49d0-B7DB-587498815073"},{"author":"O.Conrad (c) 2005","parameters":[{"inputs":[{"constraints":"","description":"","identifier":"GRIDS","name":"Values","optional":"false","type":"Grid list (input)"},{"constraints":"","description":"","identifier":"WEIGHTS","name":"Weights","optional":"true","type":"Grid list (optional input)"}]},{"outputs":[{"constraints":"","description":"","identifier":"MEAN","name":"Arithmetic Mean","optional":"true","type":"Grid (optional output)"},{"constraints":"","description":"","identifier":"MIN","name":"Minimum","optional":"true","type":"Grid (optional output)"},{"constraints":"","description":"","identifier":"MAX","name":"Maximum","optional":"true","type":"Grid (optional output)"},{"constraints":"","description":"","identifier":"RANGE","name":"Range","optional":"true","type":"Grid (optional output)"},{"constraints":"","description":"","identifier":"SUM","name":"Sum","optional":"true","type":"Grid (optional output)"},{"constraints":"","description":"","identifier":"VAR","name":"Variance","optional":"true","type":"Grid (optional output)"},{"constraints":"","description":"","identifier":"STDDEV","name":"Standard Deviation","optional":"true","type":"Grid (optional output)"},{"constraints":"","description":"","identifier":"STDDEVLO","name":"Mean less Standard Deviation","optional":"true","type":"Grid (optional output)"},{"constraints":"","description":"","identifier":"STDDEVHI","name":"Mean plus Standard Deviation","optional":"true","type":"Grid (optional output)"},{"constraints":"","description":"","identifier":"PCTL","name":"Percentile","optional":"true","type":"Grid (optional output)"}]},{"optionals":[{"constraints":"","description":"","identifier":"PARAMETERS_GRID_SYSTEM","name":"Grid system","type":"Grid system"},{"constraints":"Available Choices:\n[0] Nearest Neighbour\n[1] Bilinear Interpolation\n[2] Bicubic Spline Interpolation\n[3] B-Spline Interpolation\nDefault: 3","description":"","identifier":"RESAMPLING","name":"Resampling","type":"Choice"},{"constraints":"Minimum: 0.000000\nMaximum: 100.000000\nDefault: 50.000000","description":"","identifier":"PCTL_VAL","name":"Percentile","type":"Floating point"}]}],"tool_description":"Calculates statistical properties (arithmetic mean, minimum, maximum, variance, standard deviation) for each cell position for the values of the selected grids.\nOptionally you can supply a list of grids with weights. If you want to use weights, the number of value and weight grids have to be the same Value and weight grids are associated by their order in the lists. Weight grids have not to share the grid system of the value grids. In case that no weight can be obtained from a weight grid for value, that value will be ignored. ","tool_id":"4","tool_name":"Statistics for Grids","tool_path":"http://geomodeling.njnu.edu.cn/OpenGMS/page/model-item-info/model-item-info.html?ZDUyZDZmNWEtZjBiMy00YzVmLWJjNjYtNzQ4MmMxYWQ4MmU4NzQ=","oid":"5b90e7bbd15d75093cb5886c","stateId":"E394B001-D2F3-4a68-A31A-FDE933E456E6","mdlId":"4536D7EC-FF43-479f-849A-FB5F0FDF9B9F"},{"author":"Copyrights (c) 2005 by Volker Wichmann","parameters":[{"inputs":[{"constraints":"","description":"Grid defining the zones to analyse. This grid also acts as a mask. Coding: NoData / categorial values.","identifier":"ZONES","name":"Zone Grid","optional":"false","type":"Grid (input)"},{"constraints":"","description":"Grids used to delineate the UCUs. Coding: NoData / categorical values.","identifier":"CATLIST","name":"Categorical Grids","optional":"true","type":"Grid list (optional input)"},{"constraints":"","description":"Grids with continuous data, statistics are calculated for each grid. Coding: NoData / continuous values.","identifier":"STATLIST","name":"Grids to analyse","optional":"true","type":"Grid list (optional input)"},{"constraints":"","description":"Aspect grid, in radians.","identifier":"ASPECT","name":"Aspect","optional":"true","type":"Grid (optional input)"}]},{"outputs":[{"constraints":"","description":"Summary table.","identifier":"OUTTAB","name":"Zonal Statistics","optional":"false","type":"Table (output)"}]},{"optionals":[{"constraints":"","description":"","identifier":"PARAMETERS_GRID_SYSTEM","name":"Grid system","type":"Grid system"},{"constraints":"Default: 1","description":"","identifier":"SHORTNAMES","name":"Short Field Names","type":"Boolean"}]}],"tool_description":"The tool calculates zonal statistics and reports these in a table. The tool can be used to create a contingency table of unique condition units (UCUs). These units are delineated from a zonal grid (e.g. sub catchments) and optional categorical grids (e.g. landcover, soil, ...). It is possible to calculate descriptive statistics (n, min, max, mean, standard deviation and sum) for each UCU from optional grids with continious data (e.g. slope; aspect must be handled specially, please use the \"Aspect\" input parameter for such a grid). The number of input grids is only limited by available memory.\n\nThe tool has four different modes of operation:\n(1) only a zonal grid is used as input. This results in a simple contingency table with the number of grid cells in each zone.\n(2) a zonal grid and additional categorical grids are used as input. This results in a contingency table with the number of cells in each UCU.\n(3) a zonal grid and additional grids with continuous data are used as input. This results in a contingency table with the number of cells in each zone and some simple statistics for each zone. The statistics are calculated for each continuous grid.\n(4) a zonal grid, additional categorical grids and additional grids with continuous data are used as input. This results in a contingency table with the number of cells in each UCU and the corresponding statistics for each continuous grid.\n\nDepending on the mode of operation, the output table contains information about the categorical combination of each UCU, the number of cells in each UCU and the statistics for each UCU. A typical output table may look like this:\n<table border=\"1\"><tr><td>ID Zone</td><td>ID 1stCat</td><td>ID 2ndCat</td><td>Count UCU</td><td>N 1stCont</td><td>MIN 1stCont</td><td>MAX 1stCont</td><td>MEAN 1stCont</td><td>STDDEV 1stCont</td><td>SUM 1stCont</td></tr><tr><td>0      </td><td>2        </td><td>6        </td><td>6        </td><td>6        </td><td>708.5      </td><td>862.0      </td><td>734.5       </td><td>62.5          </td><td>4406.8     </td></tr><tr><td>0      </td><td>3        </td><td>4        </td><td>106      </td><td>106      </td><td>829.1      </td><td>910.1      </td><td>848.8       </td><td>28.5          </td><td>89969.0    </td></tr></table>","tool_id":"5","tool_name":"Zonal Grid Statistics","tool_path":"http://geomodeling.njnu.edu.cn/OpenGMS/page/model-item-info/model-item-info.html?ZDBlZDJhMzktZjdlYy00MWFmLWEyNjMtZWZmYTg2MmMzOGEwNTI=","oid":"5b90e7bbd15d75093cb5886d","stateId":"68B2C37E-38A7-4778-960D-F3BF429225B2","mdlId":"916FDAE9-04F2-4d97-9BB3-27C2C26D377E"},{"author":"O.Conrad (c) 2010","parameters":[{"inputs":[{"constraints":"","description":"","identifier":"GRID","name":"Grid","optional":"false","type":"Grid (input)"},{"constraints":"","description":"","identifier":"POINTS","name":"Points","optional":"true","type":"Shapes (optional input)"}]},{"outputs":[{"constraints":"","description":"","identifier":"MEAN","name":"Arithmetic Mean","optional":"true","type":"Grid (optional output)"},{"constraints":"","description":"","identifier":"DIFMEAN","name":"Difference from Arithmetic Mean","optional":"true","type":"Grid (optional output)"},{"constraints":"","description":"","identifier":"MIN","name":"Minimum","optional":"true","type":"Grid (optional output)"},{"constraints":"","description":"","identifier":"MAX","name":"Maximum","optional":"true","type":"Grid (optional output)"},{"constraints":"","description":"","identifier":"RANGE","name":"Range","optional":"true","type":"Grid (optional output)"},{"constraints":"","description":"","identifier":"VAR","name":"Variance","optional":"true","type":"Grid (optional output)"},{"constraints":"","description":"","identifier":"STDDEV","name":"Standard Deviation","optional":"true","type":"Grid (optional output)"},{"constraints":"","description":"","identifier":"STDDEVLO","name":"Mean less Standard Deviation","optional":"true","type":"Grid (optional output)"},{"constraints":"","description":"","identifier":"STDDEVHI","name":"Mean plus Standard Deviation","optional":"true","type":"Grid (optional output)"},{"constraints":"","description":"","identifier":"DEVMEAN","name":"Deviation from Arithmetic Mean","optional":"true","type":"Grid (optional output)"},{"constraints":"","description":"","identifier":"PERCENT","name":"Percentile","optional":"true","type":"Grid (optional output)"},{"constraints":"","description":"","identifier":"POINTS_OUT","name":"Directional Statistics for Points","optional":"true","type":"Shapes (optional output)"}]},{"optionals":[{"constraints":"","description":"","identifier":"PARAMETERS_GRID_SYSTEM","name":"Grid system","type":"Grid system"},{"constraints":"Default: 0.000000","description":"","identifier":"DIRECTION","name":"Direction [Degree]","type":"Floating point"},{"constraints":"Minimum: 0.000000\nMaximum: 45.000000\nDefault: 0.000000","description":"","identifier":"TOLERANCE","name":"Tolerance [Degree]","type":"Floating point"},{"constraints":"Minimum: 0\nDefault: 0","description":"Maximum distance parameter is ignored if set to zero (default).","identifier":"MAXDISTANCE","name":"Maximum Distance [Cells]","type":"Integer"},{"constraints":"4 Parameters:\n- 1. Available Choices:\n[0] no distance weighting\n[1] inverse distance to a power\n[2] exponential\n[3] gaussian weighting\nDefault: 0\n- 2. Minimum: 0.000000\nDefault: 1.000000\n- 3. Default: 1\n- 4. Minimum: 0.000000\nDefault: 1.000000\n","description":"","identifier":"WEIGHTING","name":"Weighting","type":"Parameters"}]}],"tool_description":"Calculates for each cell statistical properties (arithmetic mean, minimum, maximum, variance, standard deviation) of all cells lying in given direction based on the input grid. ","tool_id":"6","tool_name":"Directional Statistics for Single Grid","tool_path":"http://geomodeling.njnu.edu.cn/OpenGMS/page/model-item-info/model-item-info.html?NGE5Y2FlMGUtZWQ2My00ZDMyLTllZmUtYmE1MTNhMDdiNWMxZWM=","oid":"5b90e7bbd15d75093cb5886e","stateId":"95F9D359-EE85-48a6-B840-85359672DC42","mdlId":"7E2D847E-ACA3-468e-9C5D-171E56E9255F"},{"author":"Jan Papmeier (c) 2010","parameters":[{"inputs":[{"constraints":"","description":"","identifier":"GRID","name":"Grid","optional":"false","type":"Grid (input)"}]},{"outputs":[{"constraints":"","description":"","identifier":"RESULT","name":"Result","optional":"false","type":"Table (output)"}]},{"optionals":[{"constraints":"","description":"","identifier":"PARAMETERS_GRID_SYSTEM","name":"Grid system","type":"Grid system"},{"constraints":"Available Choices:\n[0] Rook\n[1] Queen\nDefault: 1","description":"Choose case: Rook's case contiguity compares only cell wich share an edge. Queen's case contiguity compares also cells which share just corners.","identifier":"CONTIGUITY","name":"Case of contiguity","type":"Choice"},{"constraints":"Default: 1","description":"","identifier":"DIALOG","name":"Show Result in Dialog","type":"Boolean"}]}],"tool_description":"Global spatial autocorrelation for grids calculated as Moran's I.","tool_id":"7","tool_name":"Global Moran's I for Grids","tool_path":"http://geomodeling.njnu.edu.cn/OpenGMS/page/model-item-info/model-item-info.html?NTFkOWM2NmUtMDFjYy00ZWU2LTg1OTMtZGY5NDNlNTczMTU1MDg=","oid":"5b90e7bbd15d75093cb5886f","stateId":"74F2C006-DF1A-4b5e-A599-6424CB070A76","mdlId":"B87F3C46-44F2-4f0d-A8F9-9FBDC913EC50"},{"author":"O.Conrad (c) 2010","parameters":[{"inputs":[{"constraints":"","description":"","identifier":"GRIDS","name":"Grids","optional":"false","type":"Grid list (input)"}]},{"outputs":[{"constraints":"","description":"","identifier":"PCA","name":"Principle Components","optional":"false","type":"Grid list (output)"},{"constraints":"","description":"","identifier":"EIGEN","name":"Eigen Vectors","optional":"true","type":"Table (optional output)"}]},{"optionals":[{"constraints":"","description":"","identifier":"PARAMETERS_GRID_SYSTEM","name":"Grid system","type":"Grid system"},{"constraints":"Available Choices:\n[0] correlation matrix\n[1] variance-covariance matrix\n[2] sums-of-squares-and-cross-products matrix\nDefault: 1","description":"","identifier":"METHOD","name":"Method","type":"Choice"},{"constraints":"Minimum: 0\nDefault: 3","description":"number of first components in the output; set to zero to get all","identifier":"COMPONENTS","name":"Number of Components","type":"Integer"},{"constraints":"Default: 1","description":"","identifier":"OVERWRITE","name":"Overwrite Previous Results","type":"Boolean"}]}],"tool_description":"Principle Components Analysis (PCA) for grids. PCA implementation is based on F.Murtagh's code as provided by the StatLib web site.","tool_id":"8","tool_name":"Principle Components Analysis","tool_path":"http://geomodeling.njnu.edu.cn/OpenGMS/page/model-item-info/model-item-info.html?NjgzNjIzMTgtYWYwYy00ZWMwLTgwNWEtYmY4NDllMjk0ZWIyNDI=","oid":"5b90e7bbd15d75093cb58870","stateId":"4A391921-FA90-4453-AD90-A16588DB34C9","mdlId":"5E32C413-B3DC-4396-A395-37C1E1A56D15"},{"author":"O.Conrad (c) 2010","parameters":[{"inputs":[{"constraints":"","description":"","identifier":"BANDS","name":"Bands","optional":"false","type":"Grid list (input)"}]},{"outputs":[{"constraints":"","description":"","identifier":"MEAN","name":"Mean Distance","optional":"false","type":"Grid (output)"},{"constraints":"","description":"","identifier":"STDDEV","name":"Standard Deviation","optional":"false","type":"Grid (output)"},{"constraints":"","description":"","identifier":"DIFF","name":"Distance","optional":"false","type":"Grid (output)"}]},{"optionals":[{"constraints":"","description":"","identifier":"PARAMETERS_GRID_SYSTEM","name":"Grid system","type":"Grid system"},{"constraints":"Minimum: 1\nDefault: 1","description":"","identifier":"RADIUS","name":"Radius [Cells]","type":"Integer"},{"constraints":"Available Choices:\n[0] no distance weighting\n[1] inverse distance to a power\n[2] exponential\n[3] gaussian weighting\nDefault: 0","description":"","identifier":"DW_WEIGHTING","name":"Weighting Function","type":"Choice"},{"constraints":"Minimum: 0.000000\nDefault: 1.000000","description":"","identifier":"DW_IDW_POWER","name":"Inverse Distance Weighting Power","type":"Floating point"},{"constraints":"Default: 1","description":"Calculates weights for distance plus one, avoiding division by zero for zero distances","identifier":"DW_IDW_OFFSET","name":"Inverse Distance Offset","type":"Boolean"},{"constraints":"Minimum: 0.000000\nDefault: 1.000000","description":"","identifier":"DW_BANDWIDTH","name":"Gaussian and Exponential Weighting Bandwidth","type":"Floating point"}]}],"tool_description":"Calculates for each cell the spectral variation based on feature space distances to the centroid for all cells in specified neighbourhood. The average distance has been used for Spectral Variation Hypothesis (SVH).","tool_id":"9","tool_name":"Multi-Band Variation","tool_path":"http://geomodeling.njnu.edu.cn/OpenGMS/page/model-item-info/model-item-info.html?ODIwZmI2NDEtNmEyMy00MDIxLWI2OGItYzU5M2MxOGU5YzZjN2Q=","oid":"5b90e7bbd15d75093cb58871","stateId":"D94F4C09-1149-404e-AEE3-90D314609848","mdlId":"1C2731D8-7D82-4b2b-8148-069915F34176"},{"author":"O.Conrad (c) 2011","parameters":[{"inputs":[{"constraints":"","description":"","identifier":"PCA","name":"Principle Components","optional":"false","type":"Grid list (input)"},{"constraints":"","description":"","identifier":"EIGEN","name":"Eigen Vectors","optional":"false","type":"Table (input)"}]},{"outputs":[{"constraints":"","description":"","identifier":"GRIDS","name":"Grids","optional":"false","type":"Grid list (output)"}]},{"optionals":[{"constraints":"","description":"","identifier":"PARAMETERS_GRID_SYSTEM","name":"Grid system","type":"Grid system"}]}],"tool_description":"Inverse principle components rotation for grids.","tool_id":"10","tool_name":"Inverse Principle Components Rotation","tool_path":"http://geomodeling.njnu.edu.cn/OpenGMS/page/model-item-info/model-item-info.html?MzRmMmRlZDAtY2YwNC00YzFjLTlmYTgtODI0ZTNmMDJlMDdkYWY=","oid":"5b90e7bbd15d75093cb58864","stateId":"18D8A01E-4947-408d-9D88-617E1507A9A7","mdlId":"71E4A352-8D2F-4b92-B4BD-7BAC0ADA25EB"},{"author":"O.Conrad (c) 2012","parameters":[{"inputs":[{"constraints":"","description":"","identifier":"GRID","name":"Grid","optional":"false","type":"Grid (input)"}]},{"outputs":[{"constraints":"","description":"","identifier":"STATS","name":"Latitudinal Statistics","optional":"false","type":"Table (output)"}]},{"optionals":[{"constraints":"","description":"","identifier":"PARAMETERS_GRID_SYSTEM","name":"Grid system","type":"Grid system"}]}],"tool_description":"","tool_id":"11","tool_name":"Longitudinal Grid Statistics","tool_path":"http://geomodeling.njnu.edu.cn/OpenGMS/page/model-item-info/model-item-info.html?MzYwNGZlNjUtMGYyYy00ZWNhLThmM2MtNTRmZjA1MDFhZDg2ZjU=","oid":"5b90e7bbd15d75093cb58865","stateId":"21B31028-1EA5-48dc-8277-6678986F633E","mdlId":"F557D88A-69B3-44be-821E-45D1BD57F452"},{"author":"O.Conrad (c) 2012","parameters":[{"inputs":[{"constraints":"","description":"","identifier":"GRID","name":"Grid","optional":"false","type":"Grid (input)"}]},{"outputs":[{"constraints":"","description":"","identifier":"STATS","name":"Meridional Statistics","optional":"false","type":"Table (output)"}]},{"optionals":[{"constraints":"","description":"","identifier":"PARAMETERS_GRID_SYSTEM","name":"Grid system","type":"Grid system"}]}],"tool_description":"","tool_id":"12","tool_name":"Meridional Grid Statistics","tool_path":"http://geomodeling.njnu.edu.cn/OpenGMS/page/model-item-info/model-item-info.html?MjIyZjM1OTgtOGFhMC00MjRlLTgyNzYtMDNlM2RjMjUxZmJkYzI=","oid":"5b90e7bbd15d75093cb58866","stateId":"596FD698-F87E-4a24-A518-7CF299D078BC","mdlId":"0F17F5F6-D3AA-4a5e-BFF1-843311ADCA2A"},{"author":"O.Conrad (c) 2013","parameters":[{"inputs":[{"constraints":"","description":"","identifier":"GRIDS","name":"Grids","optional":"false","type":"Grid list (input)"}]},{"outputs":[{"constraints":"","description":"","identifier":"STATS","name":"Statistics for Grids","optional":"false","type":"Table (output)"}]},{"optionals":[{"constraints":"","description":"","identifier":"PARAMETERS_GRID_SYSTEM","name":"Grid system","type":"Grid system"},{"constraints":"Default: 0","description":"","identifier":"DATA_CELLS","name":"Number of Data Cells","type":"Boolean"},{"constraints":"Default: 0","description":"","identifier":"NODATA_CELLS","name":"Number of No-Data Cells","type":"Boolean"},{"constraints":"Default: 0","description":"","identifier":"CELLSIZE","name":"Cellsize","type":"Boolean"},{"constraints":"Default: 1","description":"","identifier":"MEAN","name":"Arithmetic Mean","type":"Boolean"},{"constraints":"Default: 1","description":"","identifier":"MIN","name":"Minimum","type":"Boolean"},{"constraints":"Default: 1","description":"","identifier":"MAX","name":"Maximum","type":"Boolean"},{"constraints":"Default: 0","description":"","identifier":"RANGE","name":"Range","type":"Boolean"},{"constraints":"Default: 1","description":"","identifier":"VAR","name":"Variance","type":"Boolean"},{"constraints":"Default: 1","description":"","identifier":"STDDEV","name":"Standard Deviation","type":"Boolean"},{"constraints":"Default: 0","description":"","identifier":"STDDEVLO","name":"Mean less Standard Deviation","type":"Boolean"},{"constraints":"Default: 0","description":"","identifier":"STDDEVHI","name":"Mean plus Standard Deviation","type":"Boolean"},{"constraints":"Default: 0","description":"","identifier":"PCTL","name":"Percentile","type":"Boolean"},{"constraints":"Minimum: 0.000000\nMaximum: 100.000000\nDefault: 50.000000","description":"","identifier":"PCTL_VAL","name":"Percentile","type":"Floating point"}]}],"tool_description":"Calculates statistical properties (arithmetic mean, minimum, maximum, variance, standard deviation) for each of the given grids and saves it to a table.","tool_id":"13","tool_name":"Save Grid Statistics to Table","tool_path":"http://geomodeling.njnu.edu.cn/OpenGMS/page/model-item-info/model-item-info.html?OWU4MzE2MGYtOTljMy00MWNjLTkzYjMtZDY0YjZlODVhYTg3Njg=","oid":"5b90e7bbd15d75093cb58867","stateId":"33D8A118-2833-4ef1-B0DF-C02CAF24F9C9","mdlId":"A428A5F1-6014-4876-B84A-1C88B3CA27B5"},{"author":"O.Conrad (c) 2016","parameters":[{"inputs":[{"constraints":"","description":"","identifier":"GRIDS","name":"Grids","optional":"false","type":"Grid list (input)"}]},{"outputs":[{"constraints":"","description":"","identifier":"CATEGORIES","name":"Number of Categories","optional":"false","type":"Grid (output)"},{"constraints":"","description":"","identifier":"COINCIDENCE","name":"Coincidence","optional":"false","type":"Grid (output)"},{"constraints":"","description":"","identifier":"MAJ_COUNT","name":"Dominance of Majority","optional":"false","type":"Grid (output)"},{"constraints":"","description":"","identifier":"MAJ_VALUE","name":"Value of Majority","optional":"false","type":"Grid (output)"}]},{"optionals":[{"constraints":"","description":"","identifier":"PARAMETERS_GRID_SYSTEM","name":"Grid system","type":"Grid system"},{"constraints":"Minimum: 0\nDefault: 0","description":"","identifier":"RADIUS","name":"Radius [Cells]","type":"Integer"}]}],"tool_description":"Calculates for each cell the categorical coincidence, which can be useful to compare different classifications.","tool_id":"14","tool_name":"Categorical Coincidence","tool_path":"http://geomodeling.njnu.edu.cn/OpenGMS/page/model-item-info/model-item-info.html?MDM0NzY3MWEtM2FjNi00OTU3LTgyMmYtNDVkM2RlZmIxY2ZmN2E=","oid":"5b90e7bbd15d75093cb58868","stateId":"1F5D2E16-FB47-433e-B5C4-569D48CD40F0","mdlId":"6025CCA5-2981-4e2e-A0D3-6D7852E0ED2F"},{"author":"A.Thomas, O.Conrad (c) 2016","parameters":[{"inputs":[{"constraints":"","description":"","identifier":"GRID","name":"Grid","optional":"false","type":"Grid (input)"}]},{"outputs":[{"constraints":"","description":"","identifier":"BASE","name":"Base Topographies","optional":"true","type":"Grid list (optional output)"},{"constraints":"","description":"","identifier":"PCA","name":"Principal Components","optional":"false","type":"Grid list (output)"},{"constraints":"","description":"","identifier":"EIGEN","name":"Eigen Vectors","optional":"true","type":"Table (optional output)"}]},{"optionals":[{"constraints":"","description":"","identifier":"PARAMETERS_GRID_SYSTEM","name":"Grid system","type":"Grid system"},{"constraints":"Minimum: 1\nDefault: 7","description":"number of first components in the output; set to zero to get all","identifier":"COMPONENTS","name":"Number of Components","type":"Integer"},{"constraints":"Default: 0","description":"","identifier":"BASE_OUT","name":"Output of Base Topographies","type":"Boolean"},{"constraints":"Default: 1","description":"","identifier":"OVERWRITE","name":"Overwrite Previous Results","type":"Boolean"},{"constraints":"Available Choices:\n[0] Square\n[1] Circle\nDefault: 1","description":"","identifier":"KERNEL_TYPE","name":"Kernel Type","type":"Choice"},{"constraints":"Minimum: 1\nDefault: 2","description":"Kernel radius in cells.","identifier":"KERNEL_RADIUS","name":"Kernel Radius","type":"Integer"},{"constraints":"Available Choices:\n[0] correlation matrix\n[1] variance-covariance matrix\n[2] sums-of-squares-and-cross-products matrix\nDefault: 1","description":"","identifier":"METHOD","name":"Method","type":"Choice"}]}],"tool_description":"This tool uses the difference in cell values of a center cell and its neighbours (as specified by the kernel) as features for a Principle Components Analysis (PCA). This method has been used by Thomas and Herzfeld (2004) to parameterize the topography for a subsequent regionalization of climate variables with the principle components as predictors in a regression model. ","tool_id":"15","tool_name":"Focal PCA on a Grid","tool_path":"http://geomodeling.njnu.edu.cn/OpenGMS/page/model-item-info/model-item-info.html?OWMxNTM1MmQtMzg5My00Y2M1LThjODgtNmM5YThjMmQ4MDQwY2U=","oid":"5b90e7bbd15d75093cb58869","stateId":"629B3727-BA7B-4a00-A2FC-FD2DA13843CC","mdlId":"7DFE594B-C516-4c64-96DD-E6FB35882ABC"}]}