{"Version":"1.0","author":"O.Conrad (c) 2010","library_description":"Tools for regression analyses.","library_name":"statistics_regression","library_name_title":"Statistics Regression","tools":[{"author":"O.Conrad (c) 2004","parameters":[{"inputs":[{"constraints":"","description":"","identifier":"PREDICTOR","name":"Predictor","optional":"false","type":"Grid (input)"},{"constraints":"","description":"","identifier":"POINTS","name":"Points","optional":"false","type":"Shapes (input)"}]},{"outputs":[{"constraints":"","description":"","identifier":"REGRESSION","name":"Regression","optional":"false","type":"Grid (output)"},{"constraints":"","description":"","identifier":"RESIDUAL","name":"Residuals","optional":"true","type":"Shapes (optional output)"}]},{"optionals":[{"constraints":"","description":"","identifier":"PARAMETERS_GRID_SYSTEM","name":"Grid system","type":"Grid system"},{"constraints":"","description":"","identifier":"ATTRIBUTE","name":"Dependent Variable","type":"Table field"},{"constraints":"Available Choices:\n[0] Nearest Neighbour\n[1] Bilinear Interpolation\n[2] Bicubic Spline Interpolation\n[3] B-Spline Interpolation\nDefault: 3","description":"","identifier":"RESAMPLING","name":"Resampling","type":"Choice"},{"constraints":"Available Choices:\n[0] Y = a + b * X (linear)\n[1] Y = a + b / X\n[2] Y = a / (b - X)\n[3] Y = a * X^b (power)\n[4] Y = a e^(b * X) (exponential)\n[5] Y = a + b * ln(X) (logarithmic)\nDefault: 0","description":"","identifier":"METHOD","name":"Regression Function","type":"Choice"}]}],"tool_description":"Regression analysis of point attributes with a grid as predictor. The regression function is used to create a new grid with regression based values. \n\nReference:\n- Bahrenberg, G., Giese, E., Nipper, J. (1990): 'Statistische Methoden in der Geographie 1 - Univariate und bivariate Statistik', Stuttgart, 233p.\n","tool_id":"0","tool_name":"Regression Analysis (Points and Predictor Grid)","tool_path":"http://geomodeling.njnu.edu.cn/OpenGMS/page/model-item-info/model-item-info.html?NjcwY2Y5YzgtODZhMy00ZjhhLWI1OTktZjE4ZjNjZTEzODNlNDY=","oid":"5b90e7bbd15d75093cb5887c","stateId":"3106E1CD-8E96-49ed-985A-D3CCD8CC52CC","mdlId":"F7F077EE-5106-4235-B0EC-A6BFF7BC25F5"},{"author":"O.Conrad (c) 2004","parameters":[{"inputs":[{"constraints":"","description":"","identifier":"PREDICTORS","name":"Predictors","optional":"false","type":"Grid list (input)"},{"constraints":"","description":"","identifier":"POINTS","name":"Points","optional":"false","type":"Shapes (input)"}]},{"outputs":[{"constraints":"","description":"","identifier":"INFO_COEFF","name":"Details: Coefficients","optional":"true","type":"Table (optional output)"},{"constraints":"","description":"","identifier":"INFO_MODEL","name":"Details: Model","optional":"true","type":"Table (optional output)"},{"constraints":"","description":"","identifier":"INFO_STEPS","name":"Details: Steps","optional":"true","type":"Table (optional output)"},{"constraints":"","description":"","identifier":"RESIDUALS","name":"Residuals","optional":"true","type":"Shapes (optional output)"},{"constraints":"","description":"regression model applied to predictor grids","identifier":"REGRESSION","name":"Regression","optional":"false","type":"Grid (output)"},{"constraints":"","description":"regression model applied to predictor grids with interpolated residuals added","identifier":"REGRESCORR","name":"Regression with Residual Correction","optional":"true","type":"Grid (optional output)"}]},{"optionals":[{"constraints":"","description":"","identifier":"PARAMETERS_GRID_SYSTEM","name":"Grid system","type":"Grid system"},{"constraints":"","description":"","identifier":"ATTRIBUTE","name":"Dependent Variable","type":"Table field"},{"constraints":"Available Choices:\n[0] Nearest Neighbour\n[1] Bilinear Interpolation\n[2] Bicubic Spline Interpolation\n[3] B-Spline Interpolation\nDefault: 3","description":"","identifier":"RESAMPLING","name":"Resampling","type":"Choice"},{"constraints":"Default: 0","description":"","identifier":"COORD_X","name":"Include X Coordinate","type":"Boolean"},{"constraints":"Default: 0","description":"","identifier":"COORD_Y","name":"Include Y Coordinate","type":"Boolean"},{"constraints":"Default: 1","description":"","identifier":"INTERCEPT","name":"Intercept","type":"Boolean"},{"constraints":"Available Choices:\n[0] include all\n[1] forward\n[2] backward\n[3] stepwise\nDefault: 3","description":"","identifier":"METHOD","name":"Method","type":"Choice"},{"constraints":"Minimum: 0.000000\nMaximum: 100.000000\nDefault: 5.000000","description":"Significance level (aka p-value) as threshold for automated predictor selection, given as percentage","identifier":"P_VALUE","name":"Significance Level","type":"Floating point"},{"constraints":"Available Choices:\n[0] none\n[1] leave one out\n[2] 2-fold\n[3] k-fold\nDefault: 0","description":"","identifier":"CROSSVAL","name":"Cross Validation","type":"Choice"},{"constraints":"Minimum: 2\nDefault: 10","description":"number of subsamples for k-fold cross validation","identifier":"CROSSVAL_K","name":"Cross Validation Subsamples","type":"Integer"},{"constraints":"Available Choices:\n[0] Multilevel B-Spline Interpolation\n[1] Inverse Distance Weighted\nDefault: 0","description":"","identifier":"RESIDUAL_COR","name":"Residual Interpolation","type":"Choice"}]}],"tool_description":"Linear regression analysis of point attributes with multiple grids. Details of the regression/correlation analysis will be saved to a table. The regression function is used to create a new grid with regression based values. The multiple regression analysis uses a forward selection procedure.","tool_id":"1","tool_name":"Multiple Regression Analysis (Points and Predictor Grids)","tool_path":"http://geomodeling.njnu.edu.cn/OpenGMS/page/model-item-info/model-item-info.html?NzdmZWZlYmEtMTI0MS00ZjM4LWI4ODctNTc0MzhjMGJmMTdkZTM=","oid":"5b90e7bbd15d75093cb5887d","stateId":"442F0CDF-151E-4023-ADEF-C93E621B92A7","mdlId":"ECE430BD-C9A4-4aa9-8006-C07BD5436867"},{"author":"O.Conrad (c) 2010","parameters":[{"inputs":[{"constraints":"","description":"","identifier":"POINTS","name":"Points","optional":"false","type":"Shapes (input)"},{"constraints":"","description":"use this grid's system for output grids","identifier":"TARGET_TEMPLATE","name":"Target System","optional":"true","type":"Grid (optional input)"}]},{"outputs":[{"constraints":"","description":"","identifier":"RESIDUALS","name":"Residuals","optional":"true","type":"Shapes (optional output)"},{"constraints":"","description":"","identifier":"TARGET_OUT_GRID","name":"Target Grid","optional":"false","type":"Grid (output)"}]},{"optionals":[{"constraints":"","description":"","identifier":"ATTRIBUTE","name":"Attribute","type":"Table field"},{"constraints":"Available Choices:\n[0] simple planar surface\n[1] bi-linear saddle\n[2] quadratic surface\n[3] cubic surface\n[4] user defined\nDefault: 0","description":"","identifier":"POLYNOM","name":"Polynom","type":"Choice"},{"constraints":"Minimum: 1\nDefault: 4","description":"","identifier":"XORDER","name":"Maximum X Order","type":"Integer"},{"constraints":"Minimum: 1\nDefault: 4","description":"","identifier":"YORDER","name":"Maximum Y Order","type":"Integer"},{"constraints":"Minimum: 0\nDefault: 4","description":"","identifier":"TORDER","name":"Maximum Total Order","type":"Integer"},{"constraints":"Available Choices:\n[0] user defined\n[1] grid or grid system\nDefault: 0","description":"","identifier":"TARGET_DEFINITION","name":"Target Grid System","type":"Choice"},{"constraints":"Minimum: 0.000000\nDefault: 1.000000","description":"","identifier":"TARGET_USER_SIZE","name":"Cellsize","type":"Floating point"},{"constraints":"Default: 0.000000","description":"","identifier":"TARGET_USER_XMIN","name":"Left","type":"Floating point"},{"constraints":"Default: 100.000000","description":"","identifier":"TARGET_USER_XMAX","name":"Right","type":"Floating point"},{"constraints":"Default: 0.000000","description":"","identifier":"TARGET_USER_YMIN","name":"Bottom","type":"Floating point"},{"constraints":"Default: 100.000000","description":"","identifier":"TARGET_USER_YMAX","name":"Top","type":"Floating point"},{"constraints":"Available Choices:\n[0] nodes\n[1] cells\nDefault: 0","description":"","identifier":"TARGET_USER_FITS","name":"Fit","type":"Choice"},{"constraints":"","description":"","identifier":"TARGET_SYSTEM","name":"Grid System","type":"Grid system"}]}],"tool_description":"Reference:\n - Lloyd, C. (2010): Spatial Data Analysis - An Introduction for GIS Users. Oxford, 206p.\n","tool_id":"2","tool_name":"Polynomial Regression","tool_path":"http://geomodeling.njnu.edu.cn/OpenGMS/page/model-item-info/model-item-info.html?ZGQzNGFhNjItOTI4Ny00NjUzLWI1NmUtZTQzMDhmMGFjYjVhNzA=","oid":"5b90e7bbd15d75093cb58884","stateId":"4EF7BF4C-BBD4-44a7-B53E-E9EB3A22FDF3","mdlId":"BD508C77-3AE8-482f-8A10-F2FD89B9C4B9"},{"author":"O.Conrad (c) 2010","parameters":[{"inputs":[{"constraints":"","description":"","identifier":"POINTS","name":"Points","optional":"false","type":"Shapes (input)"},{"constraints":"","description":"use this grid's system for output grids","identifier":"TARGET_TEMPLATE","name":"Target System","optional":"true","type":"Grid (optional input)"}]},{"outputs":[{"constraints":"","description":"","identifier":"TARGET_OUT_GRID","name":"Target Grid","optional":"false","type":"Grid (output)"},{"constraints":"","description":"","identifier":"INTERCEPT","name":"Intercept","optional":"false","type":"Grid (output)"},{"constraints":"","description":"","identifier":"SLOPE","name":"Slope","optional":"false","type":"Grid (output)"},{"constraints":"","description":"","identifier":"QUALITY","name":"Quality","optional":"false","type":"Grid (output)"}]},{"optionals":[{"constraints":"","description":"","identifier":"DEPENDENT","name":"Dependent Variable","type":"Table field"},{"constraints":"","description":"","identifier":"PREDICTOR","name":"Predictor","type":"Table field"},{"constraints":"Available Choices:\n[0] user defined\n[1] grid or grid system\nDefault: 0","description":"","identifier":"TARGET_DEFINITION","name":"Target Grid System","type":"Choice"},{"constraints":"Minimum: 0.000000\nDefault: 1.000000","description":"","identifier":"TARGET_USER_SIZE","name":"Cellsize","type":"Floating point"},{"constraints":"Default: 0.000000","description":"","identifier":"TARGET_USER_XMIN","name":"Left","type":"Floating point"},{"constraints":"Default: 100.000000","description":"","identifier":"TARGET_USER_XMAX","name":"Right","type":"Floating point"},{"constraints":"Default: 0.000000","description":"","identifier":"TARGET_USER_YMIN","name":"Bottom","type":"Floating point"},{"constraints":"Default: 100.000000","description":"","identifier":"TARGET_USER_YMAX","name":"Top","type":"Floating point"},{"constraints":"Available Choices:\n[0] nodes\n[1] cells\nDefault: 0","description":"","identifier":"TARGET_USER_FITS","name":"Fit","type":"Choice"},{"constraints":"","description":"","identifier":"TARGET_SYSTEM","name":"Grid System","type":"Grid system"},{"constraints":"Available Choices:\n[0] no distance weighting\n[1] inverse distance to a power\n[2] exponential\n[3] gaussian weighting\nDefault: 3","description":"","identifier":"DW_WEIGHTING","name":"Weighting Function","type":"Choice"},{"constraints":"Minimum: 0.000000\nDefault: 1.000000","description":"","identifier":"DW_IDW_POWER","name":"Inverse Distance Weighting Power","type":"Floating point"},{"constraints":"Default: 1","description":"Calculates weights for distance plus one, avoiding division by zero for zero distances","identifier":"DW_IDW_OFFSET","name":"Inverse Distance Offset","type":"Boolean"},{"constraints":"Minimum: 0.000000\nDefault: 1.000000","description":"","identifier":"DW_BANDWIDTH","name":"Gaussian and Exponential Weighting Bandwidth","type":"Floating point"},{"constraints":"Available Choices:\n[0] local\n[1] global\nDefault: 1","description":"","identifier":"SEARCH_RANGE","name":"Search Range","type":"Choice"},{"constraints":"Minimum: 0.000000\nDefault: 1000.000000","description":"local maximum search distance given in map units","identifier":"SEARCH_RADIUS","name":"Maximum Search Distance","type":"Floating point"},{"constraints":"Available Choices:\n[0] maximum number of nearest points\n[1] all points within search distance\nDefault: 1","description":"","identifier":"SEARCH_POINTS_ALL","name":"Number of Points","type":"Choice"},{"constraints":"Minimum: 1\nDefault: 16","description":"minimum number of points to use","identifier":"SEARCH_POINTS_MIN","name":"Minimum","type":"Integer"},{"constraints":"Minimum: 1\nDefault: 20","description":"maximum number of nearest points","identifier":"SEARCH_POINTS_MAX","name":"Maximum","type":"Integer"},{"constraints":"Available Choices:\n[0] all directions\n[1] quadrants\nDefault: 0","description":"","identifier":"SEARCH_DIRECTION","name":"Direction","type":"Choice"}]}],"tool_description":"Reference:\n","tool_id":"3","tool_name":"GWR for Single Predictor (Gridded Model Output)","tool_path":"http://geomodeling.njnu.edu.cn/OpenGMS/page/model-item-info/model-item-info.html?MGZlZmJkOGMtMzIzMy00NmExLTg0YjctMTVhZjc3OWIzMTg0ZjI=","oid":"5b90e7bbd15d75093cb58885","stateId":"70141193-4D03-4a1d-9812-9DC500F14C62","mdlId":"11B23680-E76A-4ac9-9682-2B4F970F577F"},{"author":"O.Conrad (c) 2010","parameters":[{"inputs":[{"constraints":"","description":"","identifier":"POINTS","name":"Points","optional":"false","type":"Shapes (input)"},{"constraints":"","description":"","identifier":"PREDICTOR","name":"Predictor","optional":"false","type":"Grid (input)"}]},{"outputs":[{"constraints":"","description":"","identifier":"RESIDUALS","name":"Residuals","optional":"true","type":"Shapes (optional output)"},{"constraints":"","description":"","identifier":"REGRESSION","name":"Regression","optional":"false","type":"Grid (output)"},{"constraints":"","description":"","identifier":"QUALITY","name":"Coefficient of Determination","optional":"true","type":"Grid (optional output)"},{"constraints":"","description":"","identifier":"INTERCEPT","name":"Intercept","optional":"true","type":"Grid (optional output)"},{"constraints":"","description":"","identifier":"SLOPE","name":"Slope","optional":"true","type":"Grid (optional output)"}]},{"optionals":[{"constraints":"","description":"","identifier":"PARAMETERS_GRID_SYSTEM","name":"Grid system","type":"Grid system"},{"constraints":"","description":"","identifier":"DEPENDENT","name":"Dependent Variable","type":"Table field"},{"constraints":"Available Choices:\n[0] no distance weighting\n[1] inverse distance to a power\n[2] exponential\n[3] gaussian weighting\nDefault: 3","description":"","identifier":"DW_WEIGHTING","name":"Weighting Function","type":"Choice"},{"constraints":"Minimum: 0.000000\nDefault: 1.000000","description":"","identifier":"DW_IDW_POWER","name":"Inverse Distance Weighting Power","type":"Floating point"},{"constraints":"Default: 1","description":"Calculates weights for distance plus one, avoiding division by zero for zero distances","identifier":"DW_IDW_OFFSET","name":"Inverse Distance Offset","type":"Boolean"},{"constraints":"Minimum: 0.000000\nDefault: 1.000000","description":"","identifier":"DW_BANDWIDTH","name":"Gaussian and Exponential Weighting Bandwidth","type":"Floating point"},{"constraints":"Available Choices:\n[0] local\n[1] global\nDefault: 1","description":"","identifier":"SEARCH_RANGE","name":"Search Range","type":"Choice"},{"constraints":"Minimum: 0.000000\nDefault: 1000.000000","description":"local maximum search distance given in map units","identifier":"SEARCH_RADIUS","name":"Maximum Search Distance","type":"Floating point"},{"constraints":"Available Choices:\n[0] maximum number of nearest points\n[1] all points within search distance\nDefault: 1","description":"","identifier":"SEARCH_POINTS_ALL","name":"Number of Points","type":"Choice"},{"constraints":"Minimum: 1\nDefault: 16","description":"minimum number of points to use","identifier":"SEARCH_POINTS_MIN","name":"Minimum","type":"Integer"},{"constraints":"Minimum: 1\nDefault: 20","description":"maximum number of nearest points","identifier":"SEARCH_POINTS_MAX","name":"Maximum","type":"Integer"},{"constraints":"Available Choices:\n[0] all directions\n[1] quadrants\nDefault: 0","description":"","identifier":"SEARCH_DIRECTION","name":"Direction","type":"Choice"}]}],"tool_description":"Geographically Weighted Regression for a single predictor supplied as grid, to which the regression model is applied. Further details can be stored optionally.\nReference:\n","tool_id":"4","tool_name":"GWR for Single Predictor Grid","tool_path":"http://geomodeling.njnu.edu.cn/OpenGMS/page/model-item-info/model-item-info.html?YWI0MWNjMjktMDUzMy00ZWIxLWI4MzEtNTFiYjI2ODM5NTUwYmE=","oid":"5b90e7bbd15d75093cb58886","stateId":"FE46095F-C3BE-4b07-A579-04CF8D463EF2","mdlId":"142F82B5-4B58-4fcb-972E-DCEC1474748C"},{"author":"O.Conrad (c) 2010","parameters":[{"inputs":[{"constraints":"","description":"","identifier":"POINTS","name":"Points","optional":"false","type":"Shapes (input)"},{"constraints":"","description":"use this grid's system for output grids","identifier":"TARGET_TEMPLATE","name":"Target System","optional":"true","type":"Grid (optional input)"}]},{"outputs":[{"constraints":"","description":"","identifier":"REGRESSION","name":"Regression","optional":"false","type":"Shapes (output)"},{"constraints":"","description":"","identifier":"QUALITY","name":"Quality","optional":"false","type":"Grid (output)"},{"constraints":"","description":"","identifier":"INTERCEPT","name":"Intercept","optional":"false","type":"Grid (output)"},{"constraints":"","description":"","identifier":"SLOPES","name":"Slopes","optional":"false","type":"Grid list (output)"}]},{"optionals":[{"constraints":"","description":"","identifier":"DEPENDENT","name":"Dependent Variable","type":"Table field"},{"constraints":"","description":"","identifier":"PREDICTORS","name":"Predictors","type":"Table fields"},{"constraints":"Available Choices:\n[0] user defined\n[1] grid or grid system\nDefault: 0","description":"","identifier":"TARGET_DEFINITION","name":"Target Grid System","type":"Choice"},{"constraints":"Minimum: 0.000000\nDefault: 1.000000","description":"","identifier":"TARGET_USER_SIZE","name":"Cellsize","type":"Floating point"},{"constraints":"Default: 0.000000","description":"","identifier":"TARGET_USER_XMIN","name":"Left","type":"Floating point"},{"constraints":"Default: 100.000000","description":"","identifier":"TARGET_USER_XMAX","name":"Right","type":"Floating point"},{"constraints":"Default: 0.000000","description":"","identifier":"TARGET_USER_YMIN","name":"Bottom","type":"Floating point"},{"constraints":"Default: 100.000000","description":"","identifier":"TARGET_USER_YMAX","name":"Top","type":"Floating point"},{"constraints":"Available Choices:\n[0] nodes\n[1] cells\nDefault: 0","description":"","identifier":"TARGET_USER_FITS","name":"Fit","type":"Choice"},{"constraints":"","description":"","identifier":"TARGET_SYSTEM","name":"Grid System","type":"Grid system"},{"constraints":"Available Choices:\n[0] no distance weighting\n[1] inverse distance to a power\n[2] exponential\n[3] gaussian weighting\nDefault: 3","description":"","identifier":"DW_WEIGHTING","name":"Weighting Function","type":"Choice"},{"constraints":"Minimum: 0.000000\nDefault: 1.000000","description":"","identifier":"DW_IDW_POWER","name":"Inverse Distance Weighting Power","type":"Floating point"},{"constraints":"Default: 1","description":"Calculates weights for distance plus one, avoiding division by zero for zero distances","identifier":"DW_IDW_OFFSET","name":"Inverse Distance Offset","type":"Boolean"},{"constraints":"Minimum: 0.000000\nDefault: 1.000000","description":"","identifier":"DW_BANDWIDTH","name":"Gaussian and Exponential Weighting Bandwidth","type":"Floating point"},{"constraints":"Available Choices:\n[0] local\n[1] global\nDefault: 1","description":"","identifier":"SEARCH_RANGE","name":"Search Range","type":"Choice"},{"constraints":"Minimum: 0.000000\nDefault: 1000.000000","description":"local maximum search distance given in map units","identifier":"SEARCH_RADIUS","name":"Maximum Search Distance","type":"Floating point"},{"constraints":"Available Choices:\n[0] maximum number of nearest points\n[1] all points within search distance\nDefault: 1","description":"","identifier":"SEARCH_POINTS_ALL","name":"Number of Points","type":"Choice"},{"constraints":"Minimum: 1\nDefault: 16","description":"minimum number of points to use","identifier":"SEARCH_POINTS_MIN","name":"Minimum","type":"Integer"},{"constraints":"Minimum: 1\nDefault: 20","description":"maximum number of nearest points","identifier":"SEARCH_POINTS_MAX","name":"Maximum","type":"Integer"},{"constraints":"Available Choices:\n[0] all directions\n[1] quadrants\nDefault: 0","description":"","identifier":"SEARCH_DIRECTION","name":"Direction","type":"Choice"}]}],"tool_description":"Geographically Weighted Regression for multiple predictors. Predictors have to be supplied as attributes of ingoing points data. Regression model parameters are generated as continuous fields, i.e. as grids.\nReference:\n","tool_id":"5","tool_name":"GWR for Multiple Predictors (Gridded Model Output)","tool_path":"http://geomodeling.njnu.edu.cn/OpenGMS/page/model-item-info/model-item-info.html?M2YzMDgwN2QtZWJkOS00NGNkLTk2NTQtYTc4MmI3OTZjOTBhZWI=","oid":"5b90e7bbd15d75093cb58887","stateId":"489849B5-10F6-4172-9B15-724EB776F01E","mdlId":"6EDF815B-1DE6-45c9-B3D6-AAF316A79CD0"},{"author":"O.Conrad (c) 2010","parameters":[{"inputs":[{"constraints":"","description":"","identifier":"POINTS","name":"Points","optional":"false","type":"Shapes (input)"},{"constraints":"","description":"","identifier":"PREDICTORS","name":"Predictors","optional":"false","type":"Grid list (input)"}]},{"outputs":[{"constraints":"","description":"","identifier":"RESIDUALS","name":"Residuals","optional":"true","type":"Shapes (optional output)"},{"constraints":"","description":"","identifier":"REGRESSION","name":"Regression","optional":"false","type":"Grid (output)"},{"constraints":"","description":"","identifier":"QUALITY","name":"Coefficient of Determination","optional":"false","type":"Grid (output)"},{"constraints":"","description":"","identifier":"MODEL","name":"Regression Parameters","optional":"true","type":"Grid list (optional output)"}]},{"optionals":[{"constraints":"","description":"","identifier":"PARAMETERS_GRID_SYSTEM","name":"Grid system","type":"Grid system"},{"constraints":"","description":"","identifier":"DEPENDENT","name":"Dependent Variable","type":"Table field"},{"constraints":"Default: 0","description":"","identifier":"MODEL_OUT","name":"Output of Regression Parameters","type":"Boolean"},{"constraints":"Available Choices:\n[0] same as predictors\n[1] user defined\nDefault: 1","description":"","identifier":"RESOLUTION","name":"Model Resolution","type":"Choice"},{"constraints":"Minimum: 0.000000\nDefault: 1.000000","description":"map units","identifier":"RESOLUTION_VAL","name":"Resolution","type":"Floating point"},{"constraints":"Available Choices:\n[0] no distance weighting\n[1] inverse distance to a power\n[2] exponential\n[3] gaussian weighting\nDefault: 3","description":"","identifier":"DW_WEIGHTING","name":"Weighting Function","type":"Choice"},{"constraints":"Minimum: 0.000000\nDefault: 1.000000","description":"","identifier":"DW_IDW_POWER","name":"Inverse Distance Weighting Power","type":"Floating point"},{"constraints":"Default: 1","description":"Calculates weights for distance plus one, avoiding division by zero for zero distances","identifier":"DW_IDW_OFFSET","name":"Inverse Distance Offset","type":"Boolean"},{"constraints":"Minimum: 0.000000\nDefault: 1.000000","description":"","identifier":"DW_BANDWIDTH","name":"Gaussian and Exponential Weighting Bandwidth","type":"Floating point"},{"constraints":"Available Choices:\n[0] local\n[1] global\nDefault: 1","description":"","identifier":"SEARCH_RANGE","name":"Search Range","type":"Choice"},{"constraints":"Minimum: 0.000000\nDefault: 1000.000000","description":"local maximum search distance given in map units","identifier":"SEARCH_RADIUS","name":"Maximum Search Distance","type":"Floating point"},{"constraints":"Available Choices:\n[0] maximum number of nearest points\n[1] all points within search distance\nDefault: 1","description":"","identifier":"SEARCH_POINTS_ALL","name":"Number of Points","type":"Choice"},{"constraints":"Minimum: 1\nDefault: 16","description":"minimum number of points to use","identifier":"SEARCH_POINTS_MIN","name":"Minimum","type":"Integer"},{"constraints":"Minimum: 1\nDefault: 20","description":"maximum number of nearest points","identifier":"SEARCH_POINTS_MAX","name":"Maximum","type":"Integer"},{"constraints":"Available Choices:\n[0] all directions\n[1] quadrants\nDefault: 0","description":"","identifier":"SEARCH_DIRECTION","name":"Direction","type":"Choice"}]}],"tool_description":"References:\n","tool_id":"6","tool_name":"GWR for Multiple Predictor Grids","tool_path":"http://geomodeling.njnu.edu.cn/OpenGMS/page/model-item-info/model-item-info.html?MWU0NTcxZjYtYzJmNS00OThkLWJjMWEtMzFiNTBiNmJiY2Y3Y2Q=","oid":"5b90e7bbd15d75093cb58888","stateId":"65B32147-7FD4-41a0-A27C-13A5A2525041","mdlId":"A34D66B3-438E-4d71-82CA-0466A4DEAD96"},{"author":"O.Conrad (c) 2010","parameters":[{"inputs":[{"constraints":"","description":"","identifier":"POINTS","name":"Points","optional":"false","type":"Shapes (input)"}]},{"outputs":[{"constraints":"","description":"","identifier":"REGRESSION","name":"Regression","optional":"false","type":"Shapes (output)"}]},{"optionals":[{"constraints":"","description":"","identifier":"DEPENDENT","name":"Dependent Variable","type":"Table field"},{"constraints":"","description":"","identifier":"PREDICTORS","name":"Predictors","type":"Table fields"},{"constraints":"Available Choices:\n[0] no distance weighting\n[1] inverse distance to a power\n[2] exponential\n[3] gaussian weighting\nDefault: 3","description":"","identifier":"DW_WEIGHTING","name":"Weighting Function","type":"Choice"},{"constraints":"Minimum: 0.000000\nDefault: 1.000000","description":"","identifier":"DW_IDW_POWER","name":"Inverse Distance Weighting Power","type":"Floating point"},{"constraints":"Default: 1","description":"Calculates weights for distance plus one, avoiding division by zero for zero distances","identifier":"DW_IDW_OFFSET","name":"Inverse Distance Offset","type":"Boolean"},{"constraints":"Minimum: 0.000000\nDefault: 1.000000","description":"","identifier":"DW_BANDWIDTH","name":"Gaussian and Exponential Weighting Bandwidth","type":"Floating point"},{"constraints":"Available Choices:\n[0] local\n[1] global\nDefault: 1","description":"","identifier":"SEARCH_RANGE","name":"Search Range","type":"Choice"},{"constraints":"Minimum: 0.000000\nDefault: 1000.000000","description":"local maximum search distance given in map units","identifier":"SEARCH_RADIUS","name":"Maximum Search Distance","type":"Floating point"},{"constraints":"Available Choices:\n[0] maximum number of nearest points\n[1] all points within search distance\nDefault: 1","description":"","identifier":"SEARCH_POINTS_ALL","name":"Number of Points","type":"Choice"},{"constraints":"Minimum: 1\nDefault: 16","description":"minimum number of points to use","identifier":"SEARCH_POINTS_MIN","name":"Minimum","type":"Integer"},{"constraints":"Minimum: 1\nDefault: 20","description":"maximum number of nearest points","identifier":"SEARCH_POINTS_MAX","name":"Maximum","type":"Integer"},{"constraints":"Available Choices:\n[0] all directions\n[1] quadrants\nDefault: 0","description":"","identifier":"SEARCH_DIRECTION","name":"Direction","type":"Choice"}]}],"tool_description":"Geographically Weighted Regression for multiple predictors. Regression details are stored in a copy of input points.\nReference:\n","tool_id":"7","tool_name":"GWR for Multiple Predictors","tool_path":"http://geomodeling.njnu.edu.cn/OpenGMS/page/model-item-info/model-item-info.html?ZTMzNzEzYjctOTMzYi00ODc5LWEzNTUtZjYxODJmOTIxODAyZWU=","oid":"5b90e7bbd15d75093cb58889","stateId":"81E93C27-A169-41a5-81EB-B70B189E0010","mdlId":"685BB517-098E-4848-A4DA-542BE0CCCC1E"},{"author":"O.Conrad (c) 2011","parameters":[{"inputs":[{"constraints":"","description":"","identifier":"DEPENDENT","name":"Dependent Variable","optional":"false","type":"Grid (input)"},{"constraints":"","description":"","identifier":"PREDICTORS","name":"Predictors","optional":"false","type":"Grid list (input)"}]},{"outputs":[{"constraints":"","description":"","identifier":"REGRESSION","name":"Regression","optional":"false","type":"Grid (output)"},{"constraints":"","description":"","identifier":"RESIDUALS","name":"Residuals","optional":"true","type":"Grid (optional output)"},{"constraints":"","description":"","identifier":"INFO_COEFF","name":"Details: Coefficients","optional":"true","type":"Table (optional output)"},{"constraints":"","description":"","identifier":"INFO_MODEL","name":"Details: Model","optional":"true","type":"Table (optional output)"},{"constraints":"","description":"","identifier":"INFO_STEPS","name":"Details: Steps","optional":"true","type":"Table (optional output)"}]},{"optionals":[{"constraints":"","description":"","identifier":"PARAMETERS_GRID_SYSTEM","name":"Grid system","type":"Grid system"},{"constraints":"Available Choices:\n[0] Nearest Neighbour\n[1] Bilinear Interpolation\n[2] Bicubic Spline Interpolation\n[3] B-Spline Interpolation\nDefault: 3","description":"","identifier":"RESAMPLING","name":"Resampling","type":"Choice"},{"constraints":"Default: 0","description":"","identifier":"COORD_X","name":"Include X Coordinate","type":"Boolean"},{"constraints":"Default: 0","description":"","identifier":"COORD_Y","name":"Include Y Coordinate","type":"Boolean"},{"constraints":"Available Choices:\n[0] include all\n[1] forward\n[2] backward\n[3] stepwise\nDefault: 3","description":"","identifier":"METHOD","name":"Method","type":"Choice"},{"constraints":"Minimum: 0.000000\nMaximum: 100.000000\nDefault: 5.000000","description":"Significance level (aka p-value) as threshold for automated predictor selection, given as percentage","identifier":"P_VALUE","name":"Significance Level","type":"Floating point"},{"constraints":"Available Choices:\n[0] none\n[1] leave one out\n[2] 2-fold\n[3] k-fold\nDefault: 0","description":"","identifier":"CROSSVAL","name":"Cross Validation","type":"Choice"},{"constraints":"Minimum: 2\nDefault: 10","description":"number of subsamples for k-fold cross validation","identifier":"CROSSVAL_K","name":"Cross Validation Subsamples","type":"Integer"}]}],"tool_description":"Linear regression analysis of one grid as dependent and multiple grids as indepentent (predictor) variables. Details of the regression/correlation analysis will be saved to a table. Optionally the regression model is used to create a new grid with regression based values. The multiple regression analysis uses a forward selection procedure. \n\nReference:\n- Bahrenberg, G., Giese, E., Nipper, J. (1992): 'Statistische Methoden in der Geographie 2 - Multivariate Statistik', Stuttgart, 415p.\n","tool_id":"8","tool_name":"Multiple Regression Analysis (Grid and Predictor Grids)","tool_path":"http://geomodeling.njnu.edu.cn/OpenGMS/page/model-item-info/model-item-info.html?ZGQzNzI0OTYtNDM3ZS00ZjFjLWFmODUtZWYzYTU4NmQ0MDNkZjc=","oid":"5b90e7bbd15d75093cb5888a","stateId":"9AA42276-69AD-49d7-939D-0B765CDB61C3","mdlId":"3FB1BCFD-0378-4d68-B4D0-C35A3C7E9B18"},{"author":"O. Conrad (c) 2011","parameters":[{"inputs":[{"constraints":"","description":"","identifier":"Y_GRIDS","name":"Dependent Variables","optional":"false","type":"Grid list (input)"},{"constraints":"","description":"","identifier":"X_GRIDS","name":"Independent Variable (per Grid and Cell)","optional":"true","type":"Grid list (optional input)"}]},{"outputs":[{"constraints":"","description":"","identifier":"COEFF","name":"Polynomial Coefficients","optional":"false","type":"Grid list (output)"},{"constraints":"","description":"","identifier":"R2","name":"Coefficient of Determination","optional":"true","type":"Grid (optional output)"}]},{"optionals":[{"constraints":"","description":"","identifier":"PARAMETERS_GRID_SYSTEM","name":"Grid system","type":"Grid system"},{"constraints":"Minimum: 1\nDefault: 1","description":"","identifier":"ORDER","name":"Polynomial Order","type":"Integer"},{"constraints":"Available Choices:\n[0] list order\n[1] table\n[2] grid list\nDefault: 0","description":"","identifier":"XSOURCE","name":"Get Independent Variable from ...","type":"Choice"}]}],"tool_description":"Fits for each cell a polynomial trend function. Outputs are the polynomial coefficients for the polynomial trend function of chosen order. ","tool_id":"9","tool_name":"Polynomial Trend from Grids","tool_path":"http://geomodeling.njnu.edu.cn/OpenGMS/page/model-item-info/model-item-info.html?MGIwODQzYWQtOGZiNi00NWEzLWExOGQtOGU2MTEzNmRjMGM4MzU=","oid":"5b90e7bbd15d75093cb5888b","stateId":"24109AD1-C9C0-46be-AB38-A18075531643","mdlId":"F8FB2460-D97D-46b2-AAE4-7C379E51A1BD"},{"author":"O.Conrad (c) 2006","parameters":[{"inputs":[{"constraints":"","description":"","identifier":"TABLE","name":"Table","optional":"false","type":"Table (input)"}]},{"outputs":[{"constraints":"","description":"","identifier":"TREND","name":"Table (with Trend)","optional":"true","type":"Table (optional output)"}]},{"optionals":[{"constraints":"","description":"","identifier":"FIELD_X","name":"X Values","type":"Table field"},{"constraints":"","description":"","identifier":"FIELD_Y","name":"Y Values","type":"Table field"},{"constraints":"Default: m * x + b","description":"","identifier":"FORMULA","name":"Formula","type":"Text"},{"constraints":"Available Choices:\n[0] Linear: a + b * x\n[1] Quadric: a + b * x + c * x^2\n[2] Cubic: a + b * x + c * x^2 + d * x^3\n[3] Logarithmic: a + b * ln(x)\n[4] Power: a + b * x^c\n[5] a + b / x\n[6] a + b * (1 - exp(-x / c))\n[7] a + b * (1 - exp(-(x / c)^2))\nDefault: 0","description":"","identifier":"FORMULAS","name":"Pre-defined Formulas","type":"Choice"}]}],"tool_description":"","tool_id":"10","tool_name":"Trend Analysis","tool_path":"http://geomodeling.njnu.edu.cn/OpenGMS/page/model-item-info/model-item-info.html?MTlmNGQ2YWQtZjhmYS00NGFjLTk1MGMtNjU4NzgzYjkyYWFjMGI=","oid":"5b90e7bbd15d75093cb5887e","stateId":"FB61499A-9D3F-4429-BA6B-0AF40E85AB33","mdlId":"FDCE1C7F-D407-4f63-89A0-F92C44DA3C9C"},{"author":"O.Conrad (c) 2006","parameters":[{"inputs":[{"constraints":"","description":"","identifier":"TABLE","name":"Shapes","optional":"false","type":"Shapes (input)"}]},{"outputs":[{"constraints":"","description":"","identifier":"TREND","name":"Table (with Trend)","optional":"true","type":"Table (optional output)"}]},{"optionals":[{"constraints":"","description":"","identifier":"FIELD_X","name":"X Values","type":"Table field"},{"constraints":"","description":"","identifier":"FIELD_Y","name":"Y Values","type":"Table field"},{"constraints":"Default: m * x + b","description":"","identifier":"FORMULA","name":"Formula","type":"Text"},{"constraints":"Available Choices:\n[0] Linear: a + b * x\n[1] Quadric: a + b * x + c * x^2\n[2] Cubic: a + b * x + c * x^2 + d * x^3\n[3] Logarithmic: a + b * ln(x)\n[4] Power: a + b * x^c\n[5] a + b / x\n[6] a + b * (1 - exp(-x / c))\n[7] a + b * (1 - exp(-(x / c)^2))\nDefault: 0","description":"","identifier":"FORMULAS","name":"Pre-defined Formulas","type":"Choice"}]}],"tool_description":"","tool_id":"11","tool_name":"Trend Analysis (Shapes)","tool_path":"http://geomodeling.njnu.edu.cn/OpenGMS/page/model-item-info/model-item-info.html?NjM3N2VmYWMtNjg4NS00ZWQyLWI0NzItMjJmYTVkNGY3YzRhYTY=","oid":"5b90e7bbd15d75093cb5887f","stateId":"EEDB1921-47A8-4d10-ADE8-E176300FAF93","mdlId":"5E7FB0C3-D663-4b19-B5F2-4B6FC2C3533E"},{"author":"O.Conrad (c) 2012","parameters":[{"inputs":[{"constraints":"","description":"","identifier":"TABLE","name":"Table","optional":"false","type":"Table (input)"}]},{"outputs":[{"constraints":"","description":"","identifier":"RESULTS","name":"Results","optional":"true","type":"Table (optional output)"},{"constraints":"","description":"","identifier":"INFO_COEFF","name":"Details: Coefficients","optional":"true","type":"Table (optional output)"},{"constraints":"","description":"","identifier":"INFO_MODEL","name":"Details: Model","optional":"true","type":"Table (optional output)"},{"constraints":"","description":"","identifier":"INFO_STEPS","name":"Details: Steps","optional":"true","type":"Table (optional output)"}]},{"optionals":[{"constraints":"","description":"","identifier":"DEPENDENT","name":"Dependent Variable","type":"Table field"},{"constraints":"0 Parameters:\n","description":"","identifier":"PREDICTORS","name":"Predictors","type":"Parameters"},{"constraints":"Available Choices:\n[0] include all\n[1] forward\n[2] backward\n[3] stepwise\nDefault: 3","description":"","identifier":"METHOD","name":"Method","type":"Choice"},{"constraints":"Minimum: 0.000000\nMaximum: 100.000000\nDefault: 5.000000","description":"Significance level (aka p-value) as threshold for automated predictor selection, given as percentage","identifier":"P_VALUE","name":"Significance Level","type":"Floating point"},{"constraints":"Available Choices:\n[0] none\n[1] leave one out\n[2] 2-fold\n[3] k-fold\nDefault: 0","description":"","identifier":"CROSSVAL","name":"Cross Validation","type":"Choice"},{"constraints":"Minimum: 2\nDefault: 10","description":"number of subsamples for k-fold cross validation","identifier":"CROSSVAL_K","name":"Cross Validation Subsamples","type":"Integer"}]}],"tool_description":"Multiple linear regression analysis using ordinary least squares.","tool_id":"12","tool_name":"Multiple Linear Regression Analysis","tool_path":"http://geomodeling.njnu.edu.cn/OpenGMS/page/model-item-info/model-item-info.html?NjBmZWU2MDAtZjcwYy00NDkwLWJiODktZmY5ZmQyZjlhZGNjOTc=","oid":"5b90e7bbd15d75093cb58880","stateId":"63517108-B445-48e1-B5C6-AF75427C0605","mdlId":"D17BCC01-DF2B-4728-9FBD-2CEFAEF2DF48"},{"author":"O.Conrad (c) 2012","parameters":[{"inputs":[{"constraints":"","description":"","identifier":"TABLE","name":"Shapes","optional":"false","type":"Shapes (input)"}]},{"outputs":[{"constraints":"","description":"","identifier":"RESULTS","name":"Results","optional":"true","type":"Shapes (optional output)"},{"constraints":"","description":"","identifier":"INFO_COEFF","name":"Details: Coefficients","optional":"true","type":"Table (optional output)"},{"constraints":"","description":"","identifier":"INFO_MODEL","name":"Details: Model","optional":"true","type":"Table (optional output)"},{"constraints":"","description":"","identifier":"INFO_STEPS","name":"Details: Steps","optional":"true","type":"Table (optional output)"}]},{"optionals":[{"constraints":"","description":"","identifier":"DEPENDENT","name":"Dependent Variable","type":"Table field"},{"constraints":"0 Parameters:\n","description":"","identifier":"PREDICTORS","name":"Predictors","type":"Parameters"},{"constraints":"Available Choices:\n[0] include all\n[1] forward\n[2] backward\n[3] stepwise\nDefault: 3","description":"","identifier":"METHOD","name":"Method","type":"Choice"},{"constraints":"Minimum: 0.000000\nMaximum: 100.000000\nDefault: 5.000000","description":"Significance level (aka p-value) as threshold for automated predictor selection, given as percentage","identifier":"P_VALUE","name":"Significance Level","type":"Floating point"},{"constraints":"Available Choices:\n[0] none\n[1] leave one out\n[2] 2-fold\n[3] k-fold\nDefault: 0","description":"","identifier":"CROSSVAL","name":"Cross Validation","type":"Choice"},{"constraints":"Minimum: 2\nDefault: 10","description":"number of subsamples for k-fold cross validation","identifier":"CROSSVAL_K","name":"Cross Validation Subsamples","type":"Integer"}]}],"tool_description":"Multiple linear regression analysis using ordinary least squares.","tool_id":"13","tool_name":"Multiple Linear Regression Analysis (Shapes)","tool_path":"http://geomodeling.njnu.edu.cn/OpenGMS/page/model-item-info/model-item-info.html?YzRhMWMzNmQtNmY0NC00Yjg2LTk5YTAtZjNiYzM4ODUzZjAwZTA=","oid":"5b90e7bbd15d75093cb58881","stateId":"34F8E985-D9E5-46ef-A4B7-1F5A209E5509","mdlId":"624E476A-4351-42b9-A6E5-79D3567160D6"},{"author":"O.Conrad (c) 2013","parameters":[{"inputs":[{"constraints":"","description":"","identifier":"PREDICTORS","name":"Predictors","optional":"false","type":"Grid list (input)"},{"constraints":"","description":"","identifier":"DEPENDENT","name":"Dependent Variable","optional":"false","type":"Grid (input)"}]},{"outputs":[{"constraints":"","description":"","identifier":"REGRESSION","name":"Regression","optional":"false","type":"Grid (output)"},{"constraints":"","description":"","identifier":"REG_RESCORR","name":"Regression with Residual Correction","optional":"true","type":"Grid (optional output)"},{"constraints":"","description":"","identifier":"QUALITY","name":"Coefficient of Determination","optional":"false","type":"Grid (output)"},{"constraints":"","description":"","identifier":"RESIDUALS","name":"Residuals","optional":"false","type":"Grid (output)"},{"constraints":"","description":"","identifier":"MODEL","name":"Regression Parameters","optional":"true","type":"Grid list (optional output)"}]},{"optionals":[{"constraints":"","description":"","identifier":"PARAMETERS_GRID_SYSTEM","name":"Grid system","type":"Grid system"},{"constraints":"","description":"","identifier":"GRID_SYSTEM","name":"Grid System","type":"Grid system"},{"constraints":"Default: 0","description":"","identifier":"MODEL_OUT","name":"Output of Model Parameters","type":"Boolean"},{"constraints":"Available Choices:\n[0] local\n[1] global\nDefault: 0","description":"","identifier":"SEARCH_RANGE","name":"Search Range","type":"Choice"},{"constraints":"Minimum: 1\nDefault: 10","description":"","identifier":"SEARCH_RADIUS","name":"Search Distance [Cells]","type":"Integer"},{"constraints":"Available Choices:\n[0] no distance weighting\n[1] inverse distance to a power\n[2] exponential\n[3] gaussian weighting\nDefault: 3","description":"","identifier":"DW_WEIGHTING","name":"Weighting Function","type":"Choice"},{"constraints":"Minimum: 0.000000\nDefault: 1.000000","description":"","identifier":"DW_IDW_POWER","name":"Inverse Distance Weighting Power","type":"Floating point"},{"constraints":"Default: 1","description":"Calculates weights for distance plus one, avoiding division by zero for zero distances","identifier":"DW_IDW_OFFSET","name":"Inverse Distance Offset","type":"Boolean"},{"constraints":"Minimum: 0.000000\nDefault: 7.000000","description":"","identifier":"DW_BANDWIDTH","name":"Gaussian and Exponential Weighting Bandwidth","type":"Floating point"}]}],"tool_description":"","tool_id":"14","tool_name":"GWR for Grid Downscaling","tool_path":"http://geomodeling.njnu.edu.cn/OpenGMS/page/model-item-info/model-item-info.html?MTYzZGFkYmItODAwNy00OTcyLWExYTAtZTE4NTU4YWFhN2QyYTM=","oid":"5b90e7bbd15d75093cb58882","stateId":"2B6DD953-CD5F-4ef0-8309-14D385FF0297","mdlId":"6AE52D7D-D52F-4d6a-A54B-C08A54FA6A7D"},{"author":"O.Conrad, P.Gandelli (c) 2015","parameters":[{"inputs":[{"constraints":"","description":"","identifier":"PREDICTORS","name":"Predictors","optional":"false","type":"Grid list (input)"},{"constraints":"","description":"","identifier":"ZONES","name":"Zones","optional":"false","type":"Shapes (input)"},{"constraints":"","description":"","identifier":"POINTS","name":"Points","optional":"false","type":"Shapes (input)"}]},{"outputs":[{"constraints":"","description":"","identifier":"RESIDUALS","name":"Residuals","optional":"true","type":"Shapes (optional output)"},{"constraints":"","description":"","identifier":"REGRESSION","name":"Regression","optional":"false","type":"Grid (output)"}]},{"optionals":[{"constraints":"","description":"","identifier":"PARAMETERS_GRID_SYSTEM","name":"Grid system","type":"Grid system"},{"constraints":"","description":"","identifier":"ATTRIBUTE","name":"Dependent Variable","type":"Table field"},{"constraints":"Available Choices:\n[0] Nearest Neighbour\n[1] Bilinear Interpolation\n[2] Bicubic Spline Interpolation\n[3] B-Spline Interpolation\nDefault: 3","description":"","identifier":"RESAMPLING","name":"Resampling","type":"Choice"},{"constraints":"Default: 0","description":"","identifier":"COORD_X","name":"Include X Coordinate","type":"Boolean"},{"constraints":"Default: 0","description":"","identifier":"COORD_Y","name":"Include Y Coordinate","type":"Boolean"},{"constraints":"Default: 1","description":"","identifier":"INTERCEPT","name":"Intercept","type":"Boolean"},{"constraints":"Available Choices:\n[0] include all\n[1] forward\n[2] backward\n[3] stepwise\nDefault: 3","description":"","identifier":"METHOD","name":"Method","type":"Choice"},{"constraints":"Minimum: 0.000000\nMaximum: 100.000000\nDefault: 5.000000","description":"Significance level (aka p-value) as threshold for automated predictor selection, given as percentage","identifier":"P_VALUE","name":"Significance Level","type":"Floating point"}]}],"tool_description":"Linear regression analysis of point attributes using multiple predictor grids. Details of the regression/correlation analysis will be saved to a table. The regression function is used to create a new grid with regression based values. The multiple regression analysis uses a forward selection procedure. Each polygon in the zones layer is processed as individual zone. \nReference:\n- Bahrenberg, G., Giese, E., Nipper, J. (1992): 'Statistische Methoden in der Geographie 2 - Multivariate Statistik', Stuttgart, 415p.\n","tool_id":"15","tool_name":"Zonal Multiple Regression Analysis (Points and Predictor Grids)","tool_path":"http://geomodeling.njnu.edu.cn/OpenGMS/page/model-item-info/model-item-info.html?NzEzZjcyMTgtMjNiNi00OWU2LWIzMDQtOGI0NzY1OTY0MjljYTA=","oid":"5b90e7bbd15d75093cb58883","stateId":"8A772335-B0D6-4ee9-A3CF-ABB623DBB06B","mdlId":"80B83776-474D-47b2-BC53-31ED9999B7F7"}]}