{
  "Version": "1.0",
  "author": "O.Conrad (c) 2003-10",
  "library_description": "Kriging - geostatistical procedures for the gridding of irregular distributed point data.",
  "library_name": "statistics_kriging",
  "library_name_title": "Statistics Kriging",
  "tools": [
    {
      "author": "O.Conrad (c) 2008",
      "parameters": [
        {
          "inputs": [
            {
              "constraints": "",
              "description": "",
              "identifier": "POINTS",
              "name": "Points",
              "optional": "false",
              "type": "Shapes (input)"
            },
            {
              "constraints": "",
              "description": "use this grid's system for output grids",
              "identifier": "TARGET_TEMPLATE",
              "name": "Target System",
              "optional": "true",
              "type": "Grid (optional input)"
            }
          ]
        },
        {
          "outputs": [
            {
              "constraints": "",
              "description": "",
              "identifier": "PREDICTION",
              "name": "Prediction",
              "optional": "false",
              "type": "Grid (output)"
            },
            {
              "constraints": "",
              "description": "",
              "identifier": "VARIANCE",
              "name": "Quality Measure",
              "optional": "true",
              "type": "Grid (optional output)"
            },
            {
              "constraints": "",
              "description": "",
              "identifier": "CV_SUMMARY",
              "name": "Cross Validation Summary",
              "optional": "true",
              "type": "Table (optional output)"
            },
            {
              "constraints": "",
              "description": "",
              "identifier": "CV_RESIDUALS",
              "name": "Cross Validation Residuals",
              "optional": "true",
              "type": "Shapes (optional output)"
            }
          ]
        },
        {
          "optionals": [
            {
              "constraints": "",
              "description": "",
              "identifier": "FIELD",
              "name": "Attribute",
              "type": "Table field"
            },
            {
              "constraints": "Available Choices:\n[0] user defined\n[1] grid or grid system\nDefault: 0",
              "description": "",
              "identifier": "TARGET_DEFINITION",
              "name": "Target Grid System",
              "type": "Choice"
            },
            {
              "constraints": "Minimum: 0.000000\nDefault: 1.000000",
              "description": "",
              "identifier": "TARGET_USER_SIZE",
              "name": "Cellsize",
              "type": "Floating point"
            },
            {
              "constraints": "Default: 0.000000",
              "description": "",
              "identifier": "TARGET_USER_XMIN",
              "name": "Left",
              "type": "Floating point"
            },
            {
              "constraints": "Default: 100.000000",
              "description": "",
              "identifier": "TARGET_USER_XMAX",
              "name": "Right",
              "type": "Floating point"
            },
            {
              "constraints": "Default: 0.000000",
              "description": "",
              "identifier": "TARGET_USER_YMIN",
              "name": "Bottom",
              "type": "Floating point"
            },
            {
              "constraints": "Default: 100.000000",
              "description": "",
              "identifier": "TARGET_USER_YMAX",
              "name": "Top",
              "type": "Floating point"
            },
            {
              "constraints": "Available Choices:\n[0] nodes\n[1] cells\nDefault: 0",
              "description": "",
              "identifier": "TARGET_USER_FITS",
              "name": "Fit",
              "type": "Choice"
            },
            {
              "constraints": "",
              "description": "",
              "identifier": "TARGET_SYSTEM",
              "name": "Grid System",
              "type": "Grid system"
            },
            {
              "constraints": "Minimum: 0.000000\nDefault: 0.000000",
              "description": "maximum distance for variogram estimation, ignored if set to zero",
              "identifier": "VAR_MAXDIST",
              "name": "Maximum Distance",
              "type": "Floating point"
            },
            {
              "constraints": "Minimum: 1\nDefault: 100",
              "description": "initial number of lag distance classes",
              "identifier": "VAR_NCLASSES",
              "name": "Lag Distance Classes",
              "type": "Integer"
            },
            {
              "constraints": "Minimum: 1\nDefault: 1",
              "description": "",
              "identifier": "VAR_NSKIP",
              "name": "Skip",
              "type": "Integer"
            },
            {
              "constraints": "Default: a + b * x",
              "description": "",
              "identifier": "VAR_MODEL",
              "name": "Model",
              "type": "Text"
            },
            {
              "constraints": "Available Choices:\n[0] Standard Deviation\n[1] Variance\nDefault: 0",
              "description": "",
              "identifier": "TQUALITY",
              "name": "Type of Quality Measure",
              "type": "Choice"
            },
            {
              "constraints": "Default: 0",
              "description": "",
              "identifier": "LOG",
              "name": "Logarithmic Transformation",
              "type": "Boolean"
            },
            {
              "constraints": "Default: 0",
              "description": "",
              "identifier": "BLOCK",
              "name": "Block Kriging",
              "type": "Boolean"
            },
            {
              "constraints": "Minimum: 0.000000\nDefault: 100.000000",
              "description": "",
              "identifier": "DBLOCK",
              "name": "Block Size",
              "type": "Floating point"
            },
            {
              "constraints": "Available Choices:\n[0] none\n[1] leave one out\n[2] 2-fold\n[3] k-fold\nDefault: 0",
              "description": "",
              "identifier": "CV_METHOD",
              "name": "Cross Validation",
              "type": "Choice"
            },
            {
              "constraints": "Minimum: 2\nDefault: 10",
              "description": "number of subsamples for k-fold cross validation",
              "identifier": "CV_SAMPLES",
              "name": "Cross Validation Subsamples",
              "type": "Integer"
            },
            {
              "constraints": "Available Choices:\n[0] local\n[1] global\nDefault: 1",
              "description": "",
              "identifier": "SEARCH_RANGE",
              "name": "Search Range",
              "type": "Choice"
            },
            {
              "constraints": "Minimum: 0.000000\nDefault: 1000.000000",
              "description": "local maximum search distance given in map units",
              "identifier": "SEARCH_RADIUS",
              "name": "Maximum Search Distance",
              "type": "Floating point"
            },
            {
              "constraints": "Available Choices:\n[0] maximum number of nearest points\n[1] all points within search distance\nDefault: 1",
              "description": "",
              "identifier": "SEARCH_POINTS_ALL",
              "name": "Number of Points",
              "type": "Choice"
            },
            {
              "constraints": "Minimum: 1\nDefault: 16",
              "description": "minimum number of points to use",
              "identifier": "SEARCH_POINTS_MIN",
              "name": "Minimum",
              "type": "Integer"
            },
            {
              "constraints": "Minimum: 1\nDefault: 20",
              "description": "maximum number of nearest points",
              "identifier": "SEARCH_POINTS_MAX",
              "name": "Maximum",
              "type": "Integer"
            },
            {
              "constraints": "Available Choices:\n[0] all directions\n[1] quadrants\nDefault: 0",
              "description": "",
              "identifier": "SEARCH_DIRECTION",
              "name": "Direction",
              "type": "Choice"
            }
          ]
        }
      ],
      "tool_description": "Ordinary Kriging for grid interpolation from irregular sample points.",
      "tool_id": "0",
      "tool_name": "Ordinary Kriging"
    },
    {
      "author": "O.Conrad (c) 2015",
      "parameters": [
        {
          "inputs": [
            {
              "constraints": "",
              "description": "",
              "identifier": "POINTS",
              "name": "Points",
              "optional": "false",
              "type": "Shapes (input)"
            },
            {
              "constraints": "",
              "description": "use this grid's system for output grids",
              "identifier": "TARGET_TEMPLATE",
              "name": "Target System",
              "optional": "true",
              "type": "Grid (optional input)"
            }
          ]
        },
        {
          "outputs": [
            {
              "constraints": "",
              "description": "",
              "identifier": "PREDICTION",
              "name": "Prediction",
              "optional": "false",
              "type": "Grid (output)"
            },
            {
              "constraints": "",
              "description": "",
              "identifier": "VARIANCE",
              "name": "Quality Measure",
              "optional": "true",
              "type": "Grid (optional output)"
            },
            {
              "constraints": "",
              "description": "",
              "identifier": "CV_SUMMARY",
              "name": "Cross Validation Summary",
              "optional": "true",
              "type": "Table (optional output)"
            },
            {
              "constraints": "",
              "description": "",
              "identifier": "CV_RESIDUALS",
              "name": "Cross Validation Residuals",
              "optional": "true",
              "type": "Shapes (optional output)"
            }
          ]
        },
        {
          "optionals": [
            {
              "constraints": "",
              "description": "",
              "identifier": "FIELD",
              "name": "Attribute",
              "type": "Table field"
            },
            {
              "constraints": "Available Choices:\n[0] user defined\n[1] grid or grid system\nDefault: 0",
              "description": "",
              "identifier": "TARGET_DEFINITION",
              "name": "Target Grid System",
              "type": "Choice"
            },
            {
              "constraints": "Minimum: 0.000000\nDefault: 1.000000",
              "description": "",
              "identifier": "TARGET_USER_SIZE",
              "name": "Cellsize",
              "type": "Floating point"
            },
            {
              "constraints": "Default: 0.000000",
              "description": "",
              "identifier": "TARGET_USER_XMIN",
              "name": "Left",
              "type": "Floating point"
            },
            {
              "constraints": "Default: 100.000000",
              "description": "",
              "identifier": "TARGET_USER_XMAX",
              "name": "Right",
              "type": "Floating point"
            },
            {
              "constraints": "Default: 0.000000",
              "description": "",
              "identifier": "TARGET_USER_YMIN",
              "name": "Bottom",
              "type": "Floating point"
            },
            {
              "constraints": "Default: 100.000000",
              "description": "",
              "identifier": "TARGET_USER_YMAX",
              "name": "Top",
              "type": "Floating point"
            },
            {
              "constraints": "Available Choices:\n[0] nodes\n[1] cells\nDefault: 0",
              "description": "",
              "identifier": "TARGET_USER_FITS",
              "name": "Fit",
              "type": "Choice"
            },
            {
              "constraints": "",
              "description": "",
              "identifier": "TARGET_SYSTEM",
              "name": "Grid System",
              "type": "Grid system"
            },
            {
              "constraints": "Minimum: 0.000000\nDefault: 0.000000",
              "description": "maximum distance for variogram estimation, ignored if set to zero",
              "identifier": "VAR_MAXDIST",
              "name": "Maximum Distance",
              "type": "Floating point"
            },
            {
              "constraints": "Minimum: 1\nDefault: 100",
              "description": "initial number of lag distance classes",
              "identifier": "VAR_NCLASSES",
              "name": "Lag Distance Classes",
              "type": "Integer"
            },
            {
              "constraints": "Minimum: 1\nDefault: 1",
              "description": "",
              "identifier": "VAR_NSKIP",
              "name": "Skip",
              "type": "Integer"
            },
            {
              "constraints": "Default: a + b * x",
              "description": "",
              "identifier": "VAR_MODEL",
              "name": "Model",
              "type": "Text"
            },
            {
              "constraints": "Available Choices:\n[0] Standard Deviation\n[1] Variance\nDefault: 0",
              "description": "",
              "identifier": "TQUALITY",
              "name": "Type of Quality Measure",
              "type": "Choice"
            },
            {
              "constraints": "Default: 0",
              "description": "",
              "identifier": "LOG",
              "name": "Logarithmic Transformation",
              "type": "Boolean"
            },
            {
              "constraints": "Default: 0",
              "description": "",
              "identifier": "BLOCK",
              "name": "Block Kriging",
              "type": "Boolean"
            },
            {
              "constraints": "Minimum: 0.000000\nDefault: 100.000000",
              "description": "",
              "identifier": "DBLOCK",
              "name": "Block Size",
              "type": "Floating point"
            },
            {
              "constraints": "Available Choices:\n[0] none\n[1] leave one out\n[2] 2-fold\n[3] k-fold\nDefault: 0",
              "description": "",
              "identifier": "CV_METHOD",
              "name": "Cross Validation",
              "type": "Choice"
            },
            {
              "constraints": "Minimum: 2\nDefault: 10",
              "description": "number of subsamples for k-fold cross validation",
              "identifier": "CV_SAMPLES",
              "name": "Cross Validation Subsamples",
              "type": "Integer"
            },
            {
              "constraints": "Available Choices:\n[0] local\n[1] global\nDefault: 1",
              "description": "",
              "identifier": "SEARCH_RANGE",
              "name": "Search Range",
              "type": "Choice"
            },
            {
              "constraints": "Minimum: 0.000000\nDefault: 1000.000000",
              "description": "local maximum search distance given in map units",
              "identifier": "SEARCH_RADIUS",
              "name": "Maximum Search Distance",
              "type": "Floating point"
            },
            {
              "constraints": "Available Choices:\n[0] maximum number of nearest points\n[1] all points within search distance\nDefault: 1",
              "description": "",
              "identifier": "SEARCH_POINTS_ALL",
              "name": "Number of Points",
              "type": "Choice"
            },
            {
              "constraints": "Minimum: 1\nDefault: 16",
              "description": "minimum number of points to use",
              "identifier": "SEARCH_POINTS_MIN",
              "name": "Minimum",
              "type": "Integer"
            },
            {
              "constraints": "Minimum: 1\nDefault: 20",
              "description": "maximum number of nearest points",
              "identifier": "SEARCH_POINTS_MAX",
              "name": "Maximum",
              "type": "Integer"
            },
            {
              "constraints": "Available Choices:\n[0] all directions\n[1] quadrants\nDefault: 0",
              "description": "",
              "identifier": "SEARCH_DIRECTION",
              "name": "Direction",
              "type": "Choice"
            }
          ]
        }
      ],
      "tool_description": "Simple Kriging for grid interpolation from irregular sample points.",
      "tool_id": "1",
      "tool_name": "Simple Kriging"
    },
    {
      "author": "O.Conrad (c) 2008",
      "parameters": [
        {
          "inputs": [
            {
              "constraints": "",
              "description": "",
              "identifier": "POINTS",
              "name": "Points",
              "optional": "false",
              "type": "Shapes (input)"
            },
            {
              "constraints": "",
              "description": "use this grid's system for output grids",
              "identifier": "TARGET_TEMPLATE",
              "name": "Target System",
              "optional": "true",
              "type": "Grid (optional input)"
            },
            {
              "constraints": "",
              "description": "",
              "identifier": "PREDICTORS",
              "name": "Predictors",
              "optional": "true",
              "type": "Grid list (optional input)"
            }
          ]
        },
        {
          "outputs": [
            {
              "constraints": "",
              "description": "",
              "identifier": "PREDICTION",
              "name": "Prediction",
              "optional": "false",
              "type": "Grid (output)"
            },
            {
              "constraints": "",
              "description": "",
              "identifier": "VARIANCE",
              "name": "Quality Measure",
              "optional": "true",
              "type": "Grid (optional output)"
            },
            {
              "constraints": "",
              "description": "",
              "identifier": "CV_SUMMARY",
              "name": "Cross Validation Summary",
              "optional": "true",
              "type": "Table (optional output)"
            },
            {
              "constraints": "",
              "description": "",
              "identifier": "CV_RESIDUALS",
              "name": "Cross Validation Residuals",
              "optional": "true",
              "type": "Shapes (optional output)"
            }
          ]
        },
        {
          "optionals": [
            {
              "constraints": "",
              "description": "",
              "identifier": "FIELD",
              "name": "Attribute",
              "type": "Table field"
            },
            {
              "constraints": "Available Choices:\n[0] user defined\n[1] grid or grid system\nDefault: 0",
              "description": "",
              "identifier": "TARGET_DEFINITION",
              "name": "Target Grid System",
              "type": "Choice"
            },
            {
              "constraints": "Minimum: 0.000000\nDefault: 1.000000",
              "description": "",
              "identifier": "TARGET_USER_SIZE",
              "name": "Cellsize",
              "type": "Floating point"
            },
            {
              "constraints": "Default: 0.000000",
              "description": "",
              "identifier": "TARGET_USER_XMIN",
              "name": "Left",
              "type": "Floating point"
            },
            {
              "constraints": "Default: 100.000000",
              "description": "",
              "identifier": "TARGET_USER_XMAX",
              "name": "Right",
              "type": "Floating point"
            },
            {
              "constraints": "Default: 0.000000",
              "description": "",
              "identifier": "TARGET_USER_YMIN",
              "name": "Bottom",
              "type": "Floating point"
            },
            {
              "constraints": "Default: 100.000000",
              "description": "",
              "identifier": "TARGET_USER_YMAX",
              "name": "Top",
              "type": "Floating point"
            },
            {
              "constraints": "Available Choices:\n[0] nodes\n[1] cells\nDefault: 0",
              "description": "",
              "identifier": "TARGET_USER_FITS",
              "name": "Fit",
              "type": "Choice"
            },
            {
              "constraints": "",
              "description": "",
              "identifier": "TARGET_SYSTEM",
              "name": "Grid System",
              "type": "Grid system"
            },
            {
              "constraints": "Minimum: 0.000000\nDefault: 0.000000",
              "description": "maximum distance for variogram estimation, ignored if set to zero",
              "identifier": "VAR_MAXDIST",
              "name": "Maximum Distance",
              "type": "Floating point"
            },
            {
              "constraints": "Minimum: 1\nDefault: 100",
              "description": "initial number of lag distance classes",
              "identifier": "VAR_NCLASSES",
              "name": "Lag Distance Classes",
              "type": "Integer"
            },
            {
              "constraints": "Minimum: 1\nDefault: 1",
              "description": "",
              "identifier": "VAR_NSKIP",
              "name": "Skip",
              "type": "Integer"
            },
            {
              "constraints": "Default: a + b * x",
              "description": "",
              "identifier": "VAR_MODEL",
              "name": "Model",
              "type": "Text"
            },
            {
              "constraints": "Available Choices:\n[0] Standard Deviation\n[1] Variance\nDefault: 0",
              "description": "",
              "identifier": "TQUALITY",
              "name": "Type of Quality Measure",
              "type": "Choice"
            },
            {
              "constraints": "Default: 0",
              "description": "",
              "identifier": "LOG",
              "name": "Logarithmic Transformation",
              "type": "Boolean"
            },
            {
              "constraints": "Default: 0",
              "description": "",
              "identifier": "BLOCK",
              "name": "Block Kriging",
              "type": "Boolean"
            },
            {
              "constraints": "Minimum: 0.000000\nDefault: 100.000000",
              "description": "",
              "identifier": "DBLOCK",
              "name": "Block Size",
              "type": "Floating point"
            },
            {
              "constraints": "Available Choices:\n[0] none\n[1] leave one out\n[2] 2-fold\n[3] k-fold\nDefault: 0",
              "description": "",
              "identifier": "CV_METHOD",
              "name": "Cross Validation",
              "type": "Choice"
            },
            {
              "constraints": "Minimum: 2\nDefault: 10",
              "description": "number of subsamples for k-fold cross validation",
              "identifier": "CV_SAMPLES",
              "name": "Cross Validation Subsamples",
              "type": "Integer"
            },
            {
              "constraints": "Available Choices:\n[0] local\n[1] global\nDefault: 1",
              "description": "",
              "identifier": "SEARCH_RANGE",
              "name": "Search Range",
              "type": "Choice"
            },
            {
              "constraints": "Minimum: 0.000000\nDefault: 1000.000000",
              "description": "local maximum search distance given in map units",
              "identifier": "SEARCH_RADIUS",
              "name": "Maximum Search Distance",
              "type": "Floating point"
            },
            {
              "constraints": "Available Choices:\n[0] maximum number of nearest points\n[1] all points within search distance\nDefault: 1",
              "description": "",
              "identifier": "SEARCH_POINTS_ALL",
              "name": "Number of Points",
              "type": "Choice"
            },
            {
              "constraints": "Minimum: 1\nDefault: 16",
              "description": "minimum number of points to use",
              "identifier": "SEARCH_POINTS_MIN",
              "name": "Minimum",
              "type": "Integer"
            },
            {
              "constraints": "Minimum: 1\nDefault: 20",
              "description": "maximum number of nearest points",
              "identifier": "SEARCH_POINTS_MAX",
              "name": "Maximum",
              "type": "Integer"
            },
            {
              "constraints": "Available Choices:\n[0] all directions\n[1] quadrants\nDefault: 0",
              "description": "",
              "identifier": "SEARCH_DIRECTION",
              "name": "Direction",
              "type": "Choice"
            },
            {
              "constraints": "Available Choices:\n[0] Nearest Neighbour\n[1] Bilinear Interpolation\n[2] Bicubic Spline Interpolation\n[3] B-Spline Interpolation\nDefault: 3",
              "description": "",
              "identifier": "RESAMPLING",
              "name": "Resampling",
              "type": "Choice"
            },
            {
              "constraints": "Default: 0",
              "description": "",
              "identifier": "COORDS",
              "name": "Coordinates",
              "type": "Boolean"
            }
          ]
        }
      ],
      "tool_description": "Universal Kriging for grid interpolation from irregular sample points.",
      "tool_id": "2",
      "tool_name": "Universal Kriging"
    },
    {
      "author": "O.Conrad (c) 2015",
      "parameters": [
        {
          "inputs": [
            {
              "constraints": "",
              "description": "",
              "identifier": "POINTS",
              "name": "Points",
              "optional": "false",
              "type": "Shapes (input)"
            },
            {
              "constraints": "",
              "description": "",
              "identifier": "PREDICTORS",
              "name": "Predictors",
              "optional": "false",
              "type": "Grid list (input)"
            }
          ]
        },
        {
          "outputs": [
            {
              "constraints": "",
              "description": "regression model applied to predictor grids",
              "identifier": "REGRESSION",
              "name": "Regression",
              "optional": "false",
              "type": "Grid (output)"
            },
            {
              "constraints": "",
              "description": "",
              "identifier": "PREDICTION",
              "name": "Prediction",
              "optional": "false",
              "type": "Grid (output)"
            },
            {
              "constraints": "",
              "description": "",
              "identifier": "RESIDUALS",
              "name": "Residuals",
              "optional": "true",
              "type": "Grid (optional output)"
            },
            {
              "constraints": "",
              "description": "",
              "identifier": "VARIANCE",
              "name": "Quality Measure",
              "optional": "true",
              "type": "Grid (optional output)"
            },
            {
              "constraints": "",
              "description": "",
              "identifier": "INFO_COEFF",
              "name": "Regression: Coefficients",
              "optional": "true",
              "type": "Table (optional output)"
            },
            {
              "constraints": "",
              "description": "",
              "identifier": "INFO_MODEL",
              "name": "Regression: Model",
              "optional": "true",
              "type": "Table (optional output)"
            },
            {
              "constraints": "",
              "description": "",
              "identifier": "INFO_STEPS",
              "name": "Regression: Steps",
              "optional": "true",
              "type": "Table (optional output)"
            }
          ]
        },
        {
          "optionals": [
            {
              "constraints": "",
              "description": "",
              "identifier": "PARAMETERS_GRID_SYSTEM",
              "name": "Grid system",
              "type": "Grid system"
            },
            {
              "constraints": "",
              "description": "",
              "identifier": "FIELD",
              "name": "Attribute",
              "type": "Table field"
            },
            {
              "constraints": "Default: 0",
              "description": "",
              "identifier": "COORD_X",
              "name": "Include X Coordinate",
              "type": "Boolean"
            },
            {
              "constraints": "Default: 0",
              "description": "",
              "identifier": "COORD_Y",
              "name": "Include Y Coordinate",
              "type": "Boolean"
            },
            {
              "constraints": "Default: 1",
              "description": "",
              "identifier": "INTERCEPT",
              "name": "Intercept",
              "type": "Boolean"
            },
            {
              "constraints": "Available Choices:\n[0] include all\n[1] forward\n[2] backward\n[3] stepwise\nDefault: 3",
              "description": "",
              "identifier": "METHOD",
              "name": "Method",
              "type": "Choice"
            },
            {
              "constraints": "Minimum: 0.000000\nMaximum: 100.000000\nDefault: 5.000000",
              "description": "Significance level (aka p-value) as threshold for automated predictor selection, given as percentage",
              "identifier": "P_VALUE",
              "name": "Significance Level",
              "type": "Floating point"
            },
            {
              "constraints": "Available Choices:\n[0] Nearest Neighbour\n[1] Bilinear Interpolation\n[2] Bicubic Spline Interpolation\n[3] B-Spline Interpolation\nDefault: 3",
              "description": "",
              "identifier": "RESAMPLING",
              "name": "Resampling",
              "type": "Choice"
            },
            {
              "constraints": "Minimum: 0.000000\nDefault: 0.000000",
              "description": "maximum distance for variogram estimation, ignored if set to zero",
              "identifier": "VAR_MAXDIST",
              "name": "Maximum Distance",
              "type": "Floating point"
            },
            {
              "constraints": "Minimum: 1\nDefault: 100",
              "description": "initial number of lag distance classes for variogram estimation",
              "identifier": "VAR_NCLASSES",
              "name": "Lag Distance Classes",
              "type": "Integer"
            },
            {
              "constraints": "Minimum: 1\nDefault: 1",
              "description": "",
              "identifier": "VAR_NSKIP",
              "name": "Skip",
              "type": "Integer"
            },
            {
              "constraints": "Default: a + b * x",
              "description": "",
              "identifier": "VAR_MODEL",
              "name": "Variogram Model",
              "type": "Text"
            },
            {
              "constraints": "Available Choices:\n[0] Simple Kriging\n[1] Ordinary Kriging\nDefault: 0",
              "description": "",
              "identifier": "KRIGING",
              "name": "Kriging Type",
              "type": "Choice"
            },
            {
              "constraints": "Available Choices:\n[0] standard deviation\n[1] variance\nDefault: 0",
              "description": "",
              "identifier": "TQUALITY",
              "name": "Type of Quality Measure",
              "type": "Choice"
            },
            {
              "constraints": "Default: 0",
              "description": "",
              "identifier": "LOG",
              "name": "Logarithmic Transformation",
              "type": "Boolean"
            },
            {
              "constraints": "Default: 0",
              "description": "",
              "identifier": "BLOCK",
              "name": "Block Kriging",
              "type": "Boolean"
            },
            {
              "constraints": "Minimum: 0.000000\nDefault: 100.000000",
              "description": "",
              "identifier": "DBLOCK",
              "name": "Block Size",
              "type": "Floating point"
            },
            {
              "constraints": "Available Choices:\n[0] local\n[1] global\nDefault: 1",
              "description": "",
              "identifier": "SEARCH_RANGE",
              "name": "Search Range",
              "type": "Choice"
            },
            {
              "constraints": "Minimum: 0.000000\nDefault: 1000.000000",
              "description": "local maximum search distance given in map units",
              "identifier": "SEARCH_RADIUS",
              "name": "Maximum Search Distance",
              "type": "Floating point"
            },
            {
              "constraints": "Available Choices:\n[0] maximum number of nearest points\n[1] all points within search distance\nDefault: 1",
              "description": "",
              "identifier": "SEARCH_POINTS_ALL",
              "name": "Number of Points",
              "type": "Choice"
            },
            {
              "constraints": "Minimum: 1\nDefault: 16",
              "description": "minimum number of points to use",
              "identifier": "SEARCH_POINTS_MIN",
              "name": "Minimum",
              "type": "Integer"
            },
            {
              "constraints": "Minimum: 1\nDefault: 20",
              "description": "maximum number of nearest points",
              "identifier": "SEARCH_POINTS_MAX",
              "name": "Maximum",
              "type": "Integer"
            },
            {
              "constraints": "Available Choices:\n[0] all directions\n[1] quadrants\nDefault: 0",
              "description": "",
              "identifier": "SEARCH_DIRECTION",
              "name": "Direction",
              "type": "Choice"
            }
          ]
        }
      ],
      "tool_description": "Regression Kriging for grid interpolation from irregular sample points.",
      "tool_id": "3",
      "tool_name": "Regression Kriging"
    },
    {
      "author": "O.Conrad (c) 2009",
      "parameters": [
        {
          "inputs": [
            {
              "constraints": "",
              "description": "",
              "identifier": "POINTS",
              "name": "Points",
              "optional": "false",
              "type": "Shapes (input)"
            }
          ]
        },
        {
          "outputs": [
            {
              "constraints": "",
              "description": "",
              "identifier": "VARIOGRAM",
              "name": "Variogram",
              "optional": "false",
              "type": "Table (output)"
            }
          ]
        },
        {
          "optionals": [
            {
              "constraints": "",
              "description": "",
              "identifier": "ATTRIBUTE",
              "name": "Attribute",
              "type": "Table field"
            },
            {
              "constraints": "Default: 0",
              "description": "",
              "identifier": "LOG",
              "name": "Logarithmic Transformation",
              "type": "Boolean"
            },
            {
              "constraints": "Default: -1.000000",
              "description": "",
              "identifier": "VAR_MAXDIST",
              "name": "Maximum Distance",
              "type": "Floating point"
            },
            {
              "constraints": "Minimum: 1\nDefault: 100",
              "description": "initial number of lag distance classes",
              "identifier": "VAR_NCLASSES",
              "name": "Lag Distance Classes",
              "type": "Integer"
            },
            {
              "constraints": "Minimum: 1\nDefault: 1",
              "description": "",
              "identifier": "VAR_NSKIP",
              "name": "Skip",
              "type": "Integer"
            },
            {
              "constraints": "Default: a + b * x",
              "description": "",
              "identifier": "VAR_MODEL",
              "name": "Model",
              "type": "Text"
            }
          ]
        }
      ],
      "tool_description": "",
      "tool_id": "4",
      "tool_name": "Variogram (Dialog)"
    }
  ]
}

