{
  "Version": "1.0",
  "author": "O. Conrad, V. Wichmann (c) 2003-13",
  "library_description": "Lighting and visibility calculations for digital terrain models.",
  "library_name": "ta_lighting",
  "library_name_title": "Ta Lighting",
  "tools": [
    {
      "author": "O.Conrad, V.Wichmann (c) 2003-2013",
      "parameters": [
        {
          "inputs": [
            {
              "constraints": "",
              "description": "",
              "identifier": "ELEVATION",
              "name": "Elevation",
              "optional": "false",
              "type": "Grid (input)"
            }
          ]
        },
        {
          "outputs": [
            {
              "constraints": "",
              "description": "The angle between the surface and the incoming light beams, measured in radians.",
              "identifier": "SHADE",
              "name": "Analytical Hillshading",
              "optional": "false",
              "type": "Grid (output)"
            }
          ]
        },
        {
          "optionals": [
            {
              "constraints": "",
              "description": "",
              "identifier": "PARAMETERS_GRID_SYSTEM",
              "name": "Grid system",
              "type": "Grid system"
            },
            {
              "constraints": "Available Choices:\n[0] Standard\n[1] Limited Maximum\n[2] With Shadows\n[3] Shadows Only\n[4] Ambient Occlusion\n[5] Combined Shading\nDefault: 0",
              "description": "",
              "identifier": "METHOD",
              "name": "Shading Method",
              "type": "Choice"
            },
            {
              "constraints": "Available Choices:\n[0] azimuth and height\n[1] date and time\nDefault: 0",
              "description": "",
              "identifier": "POSITION",
              "name": "Sun's Position",
              "type": "Choice"
            },
            {
              "constraints": "Minimum: 0.000000\nMaximum: 360.000000\nDefault: 315.000000",
              "description": "Direction of the light source, measured in degree clockwise from the North direction.",
              "identifier": "AZIMUTH",
              "name": "Azimuth",
              "type": "Floating point"
            },
            {
              "constraints": "Minimum: 0.000000\nMaximum: 90.000000\nDefault: 45.000000",
              "description": "Height of the light source, measured in degree above the horizon.",
              "identifier": "DECLINATION",
              "name": "Height",
              "type": "Floating point"
            },
            {
              "constraints": "Default: 2018-06-23",
              "description": "",
              "identifier": "DATE",
              "name": "Day",
              "type": "Date"
            },
            {
              "constraints": "Minimum: 0.000000\nMaximum: 24.000000\nDefault: 12.000000",
              "description": "",
              "identifier": "TIME",
              "name": "Hour",
              "type": "Floating point"
            },
            {
              "constraints": "Default: 1.000000",
              "description": "The terrain exaggeration factor allows one to increase the shading contrasts in flat areas.",
              "identifier": "EXAGGERATION",
              "name": "Exaggeration",
              "type": "Floating point"
            },
            {
              "constraints": "Available Choices:\n[0] radians\n[1] degree\nDefault: 0",
              "description": "",
              "identifier": "UNIT",
              "name": "Unit",
              "type": "Choice"
            },
            {
              "constraints": "Available Choices:\n[0] slim\n[1] fat\nDefault: 0",
              "description": "Choose 'slim' to trace grid node's shadow, 'fat' to trace the whole cell's shadow. The first is slightly faster but might show some artifacts.",
              "identifier": "SHADOW",
              "name": "Shadow",
              "type": "Choice"
            },
            {
              "constraints": "Minimum: 2\nDefault: 8",
              "description": "Number of sample directions for ambient occlusion. Divides azimuth range (270 to 0 to 90 degree) into sectors. Declination (0 to 90 degree) is divided in (Number of Directions / 4) sectors.",
              "identifier": "NDIRS",
              "name": "Number of Directions",
              "type": "Integer"
            },
            {
              "constraints": "Minimum: 0.001000\nDefault: 10.000000",
              "description": "Radius used to trace for shadows (ambient occlusion) [map units].",
              "identifier": "RADIUS",
              "name": "Search Radius",
              "type": "Floating point"
            }
          ]
        }
      ],
      "tool_description": "This tool performs an analytical hillshade computation for an elevation grid. The 'Standard' method simply calculates the angle at which light coming from the position of the light source would hit the surface. This method can produce angles greater than 90 degree. With the second method all values are kept within the range of 0-90 degree. It can be enhanced with shadowing effects, where shadowed cells will be marked with a value of exactly 90 degree. 'Shadows Only' creates a mask for the shadowed areas and sets all other cells to no-data. 'Combined Shading' takes the values of the standard method and multiplies these with the normalized slope. 'Ambient Occlusion' is based on the concepts of Tarini et al. (2006), but only the northern half-space is considered here. ",
      "tool_id": "0",
      "tool_name": "Analytical Hillshading"
    },
    {
      "author": "(c) 2001 by O.Conrad",
      "parameters": [
        {
          "inputs": [
            {
              "constraints": "",
              "description": "",
              "identifier": "ELEVATION",
              "name": "Elevation",
              "optional": "false",
              "type": "Grid (input)"
            }
          ]
        },
        {
          "outputs": [
            {
              "constraints": "",
              "description": "",
              "identifier": "VISIBILITY",
              "name": "Visibility",
              "optional": "false",
              "type": "Grid (output)"
            }
          ]
        },
        {
          "optionals": [
            {
              "constraints": "",
              "description": "",
              "identifier": "PARAMETERS_GRID_SYSTEM",
              "name": "Grid system",
              "type": "Grid system"
            },
            {
              "constraints": "Default: 100.000000",
              "description": "Height of the light source above ground.",
              "identifier": "HEIGHT",
              "name": "Height",
              "type": "Floating point"
            },
            {
              "constraints": "Available Choices:\n[0] Visibility\n[1] Shade\n[2] Distance\n[3] Size\nDefault: 1",
              "description": "",
              "identifier": "METHOD",
              "name": "Unit",
              "type": "Choice"
            },
            {
              "constraints": "Default: 0",
              "description": "Allow multiple observer positions.",
              "identifier": "MULTIPLE_OBS",
              "name": "Multiple Observer",
              "type": "Boolean"
            }
          ]
        }
      ],
      "tool_description": "",
      "tool_id": "1",
      "tool_name": "Visibility (single point)"
    },
    {
      "author": "O.Conrad (c) 2010",
      "parameters": [
        {
          "inputs": [
            {
              "constraints": "",
              "description": "",
              "identifier": "GRD_DEM",
              "name": "Elevation",
              "optional": "false",
              "type": "Grid (input)"
            },
            {
              "constraints": "",
              "description": "",
              "identifier": "GRD_SVF",
              "name": "Sky View Factor",
              "optional": "true",
              "type": "Grid (optional input)"
            },
            {
              "constraints": "",
              "description": "",
              "identifier": "GRD_VAPOUR",
              "name": "Water Vapour Pressure [mbar]",
              "optional": "true",
              "type": "Grid (optional input)"
            },
            {
              "constraints": "",
              "description": "",
              "identifier": "GRD_LINKE",
              "name": "Linke Turbidity Coefficient",
              "optional": "true",
              "type": "Grid (optional input)"
            }
          ]
        },
        {
          "outputs": [
            {
              "constraints": "",
              "description": "",
              "identifier": "GRD_DIRECT",
              "name": "Direct Insolation",
              "optional": "false",
              "type": "Grid (output)"
            },
            {
              "constraints": "",
              "description": "",
              "identifier": "GRD_DIFFUS",
              "name": "Diffuse Insolation",
              "optional": "false",
              "type": "Grid (output)"
            },
            {
              "constraints": "",
              "description": "",
              "identifier": "GRD_TOTAL",
              "name": "Total Insolation",
              "optional": "true",
              "type": "Grid (optional output)"
            },
            {
              "constraints": "",
              "description": "",
              "identifier": "GRD_RATIO",
              "name": "Direct to Diffuse Ratio",
              "optional": "true",
              "type": "Grid (optional output)"
            },
            {
              "constraints": "",
              "description": "",
              "identifier": "GRD_DURATION",
              "name": "Duration of Insolation",
              "optional": "true",
              "type": "Grid (optional output)"
            },
            {
              "constraints": "",
              "description": "",
              "identifier": "GRD_SUNRISE",
              "name": "Sunrise",
              "optional": "true",
              "type": "Grid (optional output)"
            },
            {
              "constraints": "",
              "description": "",
              "identifier": "GRD_SUNSET",
              "name": "Sunset",
              "optional": "true",
              "type": "Grid (optional output)"
            }
          ]
        },
        {
          "optionals": [
            {
              "constraints": "",
              "description": "",
              "identifier": "PARAMETERS_GRID_SYSTEM",
              "name": "Grid system",
              "type": "Grid system"
            },
            {
              "constraints": "Minimum: 0.000000\nDefault: 10.000000",
              "description": "default value if no grid has been selected",
              "identifier": "GRD_VAPOUR_DEFAULT",
              "name": "Default",
              "type": "Floating point"
            },
            {
              "constraints": "Minimum: 0.000000\nDefault: 3.000000",
              "description": "default value if no grid has been selected",
              "identifier": "GRD_LINKE_DEFAULT",
              "name": "Default",
              "type": "Floating point"
            },
            {
              "constraints": "Minimum: 0.000000\nDefault: 1367.000000",
              "description": "",
              "identifier": "SOLARCONST",
              "name": "Solar Constant [W / m2]",
              "type": "Floating point"
            },
            {
              "constraints": "Default: 1",
              "description": "Use sky view factor based on local slope (after Oke 1988), if no sky viev factor grid is given.",
              "identifier": "LOCALSVF",
              "name": "Local Sky View Factor",
              "type": "Boolean"
            },
            {
              "constraints": "Available Choices:\n[0] kWh / m2\n[1] kJ / m2\n[2] J / cm2\nDefault: 0",
              "description": "Units for output radiation values.",
              "identifier": "UNITS",
              "name": "Units",
              "type": "Choice"
            },
            {
              "constraints": "Available Choices:\n[0] slim\n[1] fat\n[2] none\nDefault: 0",
              "description": "Choose 'slim' to trace grid node's shadow, 'fat' to trace the whole cell's shadow, or ignore shadowing effects. The first is slightly faster but might show some artifacts.",
              "identifier": "SHADOW",
              "name": "Shadow",
              "type": "Choice"
            },
            {
              "constraints": "Available Choices:\n[0] constant latitude\n[1] calculate from grid system\nDefault: 0",
              "description": "",
              "identifier": "LOCATION",
              "name": "Location",
              "type": "Choice"
            },
            {
              "constraints": "Minimum: -90.000000\nMaximum: 90.000000\nDefault: 53.000000",
              "description": "",
              "identifier": "LATITUDE",
              "name": "Latitude",
              "type": "Degree"
            },
            {
              "constraints": "Available Choices:\n[0] moment\n[1] day\n[2] range of days\nDefault: 1",
              "description": "",
              "identifier": "PERIOD",
              "name": "Time Period",
              "type": "Choice"
            },
            {
              "constraints": "Default: 2018-06-23",
              "description": "",
              "identifier": "DAY",
              "name": "Day",
              "type": "Date"
            },
            {
              "constraints": "Default: 2018-06-23",
              "description": "",
              "identifier": "DAY_STOP",
              "name": "Last Day",
              "type": "Date"
            },
            {
              "constraints": "Minimum: 1\nDefault: 5",
              "description": "Time step size for a range of days calculation given in days.",
              "identifier": "DAYS_STEP",
              "name": "Resolution [d]",
              "type": "Integer"
            },
            {
              "constraints": "Minimum: 0.000000\nMaximum: 24.000000\nDefault: 12.000000",
              "description": "",
              "identifier": "MOMENT",
              "name": "Moment [h]",
              "type": "Floating point"
            },
            {
              "constraints": "",
              "description": "Time span used for the calculation of daily radiation sums.",
              "identifier": "HOUR_RANGE",
              "name": "Time Span [h]",
              "type": "Value range"
            },
            {
              "constraints": "Minimum: 0.000000\nMaximum: 24.000000\nDefault: 0.500000",
              "description": "Time step size for a day's calculation given in hours.",
              "identifier": "HOUR_STEP",
              "name": "Resolution [h]",
              "type": "Floating point"
            },
            {
              "constraints": "Available Choices:\n[0] Height of Atmosphere and Vapour Pressure\n[1] Air Pressure, Water and Dust Content\n[2] Lumped Atmospheric Transmittance\n[3] Hofierka and Suri\nDefault: 2",
              "description": "",
              "identifier": "METHOD",
              "name": "Atmospheric Effects",
              "type": "Choice"
            },
            {
              "constraints": "Minimum: 0.000000\nDefault: 12000.000000",
              "description": "",
              "identifier": "ATMOSPHERE",
              "name": "Height of Atmosphere [m]",
              "type": "Floating point"
            },
            {
              "constraints": "Minimum: 0.000000\nDefault: 1013.000000",
              "description": "",
              "identifier": "PRESSURE",
              "name": "Barometric Pressure [mbar]",
              "type": "Floating point"
            },
            {
              "constraints": "Minimum: 0.000000\nDefault: 1.680000",
              "description": "Water content of a vertical slice of atmosphere in cm: 1.5 to 1.7, average=1.68",
              "identifier": "WATER",
              "name": "Water Content [cm]",
              "type": "Floating point"
            },
            {
              "constraints": "Minimum: 0.000000\nDefault: 100.000000",
              "description": "Dust factor: 100 ppm (standard)",
              "identifier": "DUST",
              "name": "Dust [ppm]",
              "type": "Floating point"
            },
            {
              "constraints": "Minimum: 0.000000\nMaximum: 100.000000\nDefault: 70.000000",
              "description": "The transmittance of the atmosphere, usually between 60 and 80 percent.",
              "identifier": "LUMPED",
              "name": "Lumped Atmospheric Transmittance [Percent]",
              "type": "Floating point"
            },
            {
              "constraints": "Available Choices:\n[0] do not update\n[1] fit histogram stretch for each time step\n[2] constant histogram stretch for all time steps\nDefault: 0",
              "description": "show direct insolation for each time step.",
              "identifier": "UPDATE",
              "name": "Update",
              "type": "Choice"
            },
            {
              "constraints": "Minimum: 0.000000\nDefault: 1.000000",
              "description": "",
              "identifier": "UPDATE_STRETCH",
              "name": "Constant Histogram Stretch",
              "type": "Floating point"
            }
          ]
        }
      ],
      "tool_description": "Calculation of potential incoming solar radiation (insolation). Times of sunrise/sunset will only be calculated if time span is set to single day.\nMost options should do well, but TAPES-G based diffuse irradiance calculation ('Atmospheric Effects' methods 2 and 3) needs further revision!",
      "tool_id": "2",
      "tool_name": "Potential Incoming Solar Radiation"
    },
    {
      "author": "O.Conrad (c) 2008",
      "parameters": [
        {
          "inputs": [
            {
              "constraints": "",
              "description": "",
              "identifier": "DEM",
              "name": "Elevation",
              "optional": "false",
              "type": "Grid (input)"
            }
          ]
        },
        {
          "outputs": [
            {
              "constraints": "",
              "description": "The unobstructed hemisphere given as percentage.",
              "identifier": "VISIBLE",
              "name": "Visible Sky",
              "optional": "false",
              "type": "Grid (output)"
            },
            {
              "constraints": "",
              "description": "",
              "identifier": "SVF",
              "name": "Sky View Factor",
              "optional": "false",
              "type": "Grid (output)"
            },
            {
              "constraints": "",
              "description": "",
              "identifier": "SIMPLE",
              "name": "Sky View Factor (Simplified)",
              "optional": "true",
              "type": "Grid (optional output)"
            },
            {
              "constraints": "",
              "description": "",
              "identifier": "TERRAIN",
              "name": "Terrain View Factor",
              "optional": "true",
              "type": "Grid (optional output)"
            },
            {
              "constraints": "",
              "description": "Average distance to horizon.",
              "identifier": "DISTANCE",
              "name": "Average View Distance",
              "optional": "true",
              "type": "Grid (optional output)"
            }
          ]
        },
        {
          "optionals": [
            {
              "constraints": "",
              "description": "",
              "identifier": "PARAMETERS_GRID_SYSTEM",
              "name": "Grid system",
              "type": "Grid system"
            },
            {
              "constraints": "Minimum: 0.000000\nDefault: 10000.000000",
              "description": "The maximum search radius [map units]. This value is ignored if set to zero.",
              "identifier": "RADIUS",
              "name": "Maximum Search Radius",
              "type": "Floating point"
            },
            {
              "constraints": "Minimum: 3\nDefault: 8",
              "description": "",
              "identifier": "NDIRS",
              "name": "Number of Sectors",
              "type": "Integer"
            },
            {
              "constraints": "Available Choices:\n[0] cell size\n[1] multi scale\nDefault: 0",
              "description": "",
              "identifier": "METHOD",
              "name": "Method",
              "type": "Choice"
            },
            {
              "constraints": "Minimum: 1.250000\nDefault: 3.000000",
              "description": "",
              "identifier": "DLEVEL",
              "name": "Multi Scale Factor",
              "type": "Floating point"
            }
          ]
        }
      ],
      "tool_description": "Calculation of visible sky, sky view factor (SVF) and related parameters.",
      "tool_id": "3",
      "tool_name": "Sky View Factor"
    },
    {
      "author": "Copyrights (c) 2008 by Olaf Conrad",
      "parameters": [
        {
          "inputs": [
            {
              "constraints": "",
              "description": "",
              "identifier": "DEM",
              "name": "Elevation",
              "optional": "false",
              "type": "Grid (input)"
            },
            {
              "constraints": "",
              "description": "",
              "identifier": "ORIGINAL",
              "name": "Original Image",
              "optional": "false",
              "type": "Grid (input)"
            }
          ]
        },
        {
          "outputs": [
            {
              "constraints": "",
              "description": "",
              "identifier": "CORRECTED",
              "name": "Corrected Image",
              "optional": "false",
              "type": "Grid (output)"
            }
          ]
        },
        {
          "optionals": [
            {
              "constraints": "",
              "description": "",
              "identifier": "PARAMETERS_GRID_SYSTEM",
              "name": "Grid system",
              "type": "Grid system"
            },
            {
              "constraints": "",
              "description": "",
              "identifier": "DEM_GRIDSYSTEM",
              "name": "Grid system",
              "type": "Grid system"
            },
            {
              "constraints": "Minimum: 0.000000\nMaximum: 360.000000\nDefault: 180.000000",
              "description": "direction of sun (degree, clockwise from North)",
              "identifier": "AZI",
              "name": "Azimuth",
              "type": "Floating point"
            },
            {
              "constraints": "Minimum: 0.000000\nMaximum: 90.000000\nDefault: 45.000000",
              "description": "height of sun above horizon (degree)",
              "identifier": "HGT",
              "name": "Height",
              "type": "Floating point"
            },
            {
              "constraints": "Available Choices:\n[0] Cosine Correction (Teillet et al. 1982)\n[1] Cosine Correction (Civco 1989)\n[2] Minnaert Correction\n[3] Minnaert Correction with Slope (Riano et al. 2003)\n[4] Minnaert Correction with Slope (Law & Nichol 2004)\n[5] C Correction\n[6] Normalization (after Civco, modified by Law & Nichol)\nDefault: 4",
              "description": "",
              "identifier": "METHOD",
              "name": "Method",
              "type": "Choice"
            },
            {
              "constraints": "Minimum: 0.000000\nMaximum: 1.000000\nDefault: 0.500000",
              "description": "",
              "identifier": "MINNAERT",
              "name": "Minnaert Correction",
              "type": "Floating point"
            },
            {
              "constraints": "Minimum: 10\nDefault: 1000",
              "description": "Maximum number of grid cells used for trend analysis as required by C correction.",
              "identifier": "MAXCELLS",
              "name": "Maximum Cells (C Correction Analysis)",
              "type": "Integer"
            },
            {
              "constraints": "Available Choices:\n[0] 1 byte (0-255)\n[1] 2 byte (0-65535)\nDefault: 0",
              "description": "",
              "identifier": "MAXVALUE",
              "name": "Value Range",
              "type": "Choice"
            }
          ]
        }
      ],
      "tool_description": "\nReferences:\nCivco, D. L. (1989): 'Topographic Normalization of Landsat Thematic Mapper Digital Imagery', Photogrammetric Engineering and Remote Sensing, 55(9), pp.1303-1309.\n\nLaw, K.H., Nichol, J. (2004): 'Topographic Correction for Differential Illumination Effects on Ikonos Satellite Imagery', ISPRS 2004 International Society for Photogrammetry and Remote Sensing, <a href=\"http://www.cartesia.org/geodoc/isprs2004/comm3/papers/347.pdf\">pdf</a>.\n\nPhua, M.-H., Saito, H. (2003): 'Estimation of biomass of a mountainous tropical forest using Landsat TM data', Canadian Journal of Remote Sensing, 29(4), pp.429-440.\n\nRiano, D., Chuvieco, E. Salas, J., Aguado, I. (2003): 'Assessment of Different Topographic Corrections in Landsat-TM Data for Mapping Vegetation Types', IEEE Transactions on Geoscience and Remote Sensing, 41(5), pp.1056-1061, <a href=\"http://www.geogra.uah.es/~emilio/pdf/Riano2003b.pdf\">pdf</a>.\n\nTeillet, P.M., Guindon, B., Goodenough, D.G. (1982): 'On the slope-aspect correction of multispectral scanner data', Canadian Journal of Remote Sensing, 8(2), pp.1537-1540.\n\n",
      "tool_id": "4",
      "tool_name": "Topographic Correction"
    },
    {
      "author": "O.Conrad (c) 2012",
      "parameters": [
        {
          "inputs": [
            {
              "constraints": "",
              "description": "",
              "identifier": "DEM",
              "name": "Elevation",
              "optional": "false",
              "type": "Grid (input)"
            }
          ]
        },
        {
          "outputs": [
            {
              "constraints": "",
              "description": "",
              "identifier": "POS",
              "name": "Positive Openness",
              "optional": "false",
              "type": "Grid (output)"
            },
            {
              "constraints": "",
              "description": "",
              "identifier": "NEG",
              "name": "Negative Openness",
              "optional": "false",
              "type": "Grid (output)"
            }
          ]
        },
        {
          "optionals": [
            {
              "constraints": "",
              "description": "",
              "identifier": "PARAMETERS_GRID_SYSTEM",
              "name": "Grid system",
              "type": "Grid system"
            },
            {
              "constraints": "Minimum: 0.000000\nDefault: 10000.000000",
              "description": "",
              "identifier": "RADIUS",
              "name": "Radial Limit",
              "type": "Floating point"
            },
            {
              "constraints": "Available Choices:\n[0] multi scale\n[1] sectors\nDefault: 1",
              "description": "",
              "identifier": "METHOD",
              "name": "Method",
              "type": "Choice"
            },
            {
              "constraints": "Minimum: 1.250000\nDefault: 3.000000",
              "description": "",
              "identifier": "DLEVEL",
              "name": "Multi Scale Factor",
              "type": "Floating point"
            },
            {
              "constraints": "Minimum: 2\nDefault: 8",
              "description": "",
              "identifier": "NDIRS",
              "name": "Number of Sectors",
              "type": "Integer"
            }
          ]
        }
      ],
      "tool_description": "Topographic openness expresses the dominance (positive) or enclosure (negative) of a landscape location. See Yokoyama et al. (2002) for a precise definition. Openness has been related to how wide a landscape can be viewed from any position. It has been proven to be a meaningful input for computer aided geomorphological mapping.\n\nReferences:\nAnders, N. S. / Seijmonsbergen, A. C. / Bouten, W. (2009): Multi-Scale and Object-Oriented Image Analysis of High-Res LiDAR Data for Geomorphological Mapping in Alpine Mountains. Proceedings of Geomorphometry 2009. <a target=\"_blank\" href=\"http://geomorphometry.org/system/files/anders2009geomorphometry.pdf\">online at geomorphometry.org</a>.\n\nPrima, O.D.A / Echigo, A. / Yokoyama, R. / Yoshida, T. (2006): Supervised landform classification of Northeast Honshu from DEM-derived thematic maps. Geomorphology, vol.78, pp.373-386.\n\nYokoyama, R. / Shirasawa, M. / Pike, R.J. (2002): Visualizing topography by openness: A new application of image processing to digital elevation models. Photogrammetric Engineering and Remote Sensing, Vol.68, pp.251-266. <a target=\"_blank\" href=\"http://www.asprs.org/a/publications/pers/2002journal/march/2002_mar_257-265.pdf\">online at ASPRS</a>.\n\n",
      "tool_id": "5",
      "tool_name": "Topographic Openness"
    },
    {
      "author": "Volker Wichmann (c) 2013",
      "parameters": [
        {
          "inputs": [
            {
              "constraints": "",
              "description": "",
              "identifier": "ELEVATION",
              "name": "Elevation",
              "optional": "false",
              "type": "Grid (input)"
            },
            {
              "constraints": "",
              "description": "Observer points.",
              "identifier": "POINTS",
              "name": "Points",
              "optional": "false",
              "type": "Shapes (input)"
            }
          ]
        },
        {
          "outputs": [
            {
              "constraints": "",
              "description": "",
              "identifier": "VISIBILITY",
              "name": "Visibility",
              "optional": "false",
              "type": "Grid (output)"
            }
          ]
        },
        {
          "optionals": [
            {
              "constraints": "",
              "description": "",
              "identifier": "PARAMETERS_GRID_SYSTEM",
              "name": "Grid system",
              "type": "Grid system"
            },
            {
              "constraints": "",
              "description": "Height of the light source above ground.",
              "identifier": "FIELD_HEIGHT",
              "name": "Height",
              "type": "Table field"
            },
            {
              "constraints": "Available Choices:\n[0] Visibility\n[1] Shade\n[2] Distance\n[3] Size\nDefault: 1",
              "description": "",
              "identifier": "METHOD",
              "name": "Unit",
              "type": "Choice"
            }
          ]
        }
      ],
      "tool_description": "This tool computes a visibility analysis using observer points from a point shapefile.\n\n",
      "tool_id": "6",
      "tool_name": "Visibility (points)"
    },
    {
      "author": "O.Conrad (c) 2018",
      "parameters": [
        {
          "inputs": [
            {
              "constraints": "",
              "description": "",
              "identifier": "DEM",
              "name": "Elevation",
              "optional": "false",
              "type": "Grid (input)"
            }
          ]
        },
        {
          "outputs": [
            {
              "constraints": "",
              "description": "",
              "identifier": "INSOLATION",
              "name": "Annual Insolation",
              "optional": "false",
              "type": "Grids (output)"
            }
          ]
        },
        {
          "optionals": [
            {
              "constraints": "",
              "description": "",
              "identifier": "PARAMETERS_GRID_SYSTEM",
              "name": "Grid system",
              "type": "Grid system"
            },
            {
              "constraints": "Minimum: 2\nMaximum: 365\nDefault: 14",
              "description": "Number of time steps per year.",
              "identifier": "STEPS",
              "name": "Number of Steps",
              "type": "Integer"
            },
            {
              "constraints": "Available Choices:\n[0] kWh / m2\n[1] kJ / m2\n[2] J / cm2\nDefault: 0",
              "description": "Units for output radiation values.",
              "identifier": "UNITS",
              "name": "Units",
              "type": "Choice"
            },
            {
              "constraints": "Minimum: 0.000000\nMaximum: 24.000000\nDefault: 0.500000",
              "description": "Time step size for a day's calculation given in hours.",
              "identifier": "HOUR_STEP",
              "name": "Resolution [h]",
              "type": "Floating point"
            },
            {
              "constraints": "Default: 2000",
              "description": "",
              "identifier": "YEAR",
              "name": "Reference Year",
              "type": "Integer"
            }
          ]
        }
      ],
      "tool_description": "Calculates the annual potential total insolation for given time steps and stores resulting time series in a grid collection. ",
      "tool_id": "7",
      "tool_name": "Potential Annual Insolation"
    }
  ]
}

