{"Version":"1.0","author":"Various Authors","library_description":"Tools for (grid based) digital terrain analysis.","library_name":"ta_morphometry","library_name_title":"Ta Morphometry","tools":[{"author":"O.Conrad (c) 2001","parameters":[{"inputs":[{"constraints":"","description":"","identifier":"ELEVATION","name":"Elevation","optional":"false","type":"Grid (input)"}]},{"outputs":[{"constraints":"","description":"","identifier":"SLOPE","name":"Slope","optional":"false","type":"Grid (output)"},{"constraints":"","description":"","identifier":"ASPECT","name":"Aspect","optional":"false","type":"Grid (output)"},{"constraints":"","description":"","identifier":"C_GENE","name":"General Curvature","optional":"true","type":"Grid (optional output)"},{"constraints":"","description":"","identifier":"C_PROF","name":"Profile Curvature","optional":"true","type":"Grid (optional output)"},{"constraints":"","description":"","identifier":"C_PLAN","name":"Plan Curvature","optional":"true","type":"Grid (optional output)"},{"constraints":"","description":"","identifier":"C_TANG","name":"Tangential Curvature","optional":"true","type":"Grid (optional output)"},{"constraints":"","description":"Zevenbergen & Thorne (1987) refer to this as profile curvature","identifier":"C_LONG","name":"Longitudinal Curvature","optional":"true","type":"Grid (optional output)"},{"constraints":"","description":"Zevenbergen & Thorne (1987) refer to this as plan curvature","identifier":"C_CROS","name":"Cross-Sectional Curvature","optional":"true","type":"Grid (optional output)"},{"constraints":"","description":"","identifier":"C_MINI","name":"Minimal Curvature","optional":"true","type":"Grid (optional output)"},{"constraints":"","description":"","identifier":"C_MAXI","name":"Maximal Curvature","optional":"true","type":"Grid (optional output)"},{"constraints":"","description":"","identifier":"C_TOTA","name":"Total Curvature","optional":"true","type":"Grid (optional output)"},{"constraints":"","description":"","identifier":"C_ROTO","name":"Flow Line Curvature","optional":"true","type":"Grid (optional output)"}]},{"optionals":[{"constraints":"","description":"","identifier":"PARAMETERS_GRID_SYSTEM","name":"Grid system","type":"Grid system"},{"constraints":"Available Choices:\n[0] maximum slope (Travis et al. 1975)\n[1] maximum triangle slope (Tarboton 1997)\n[2] least squares fitted plane (Horn 1981, Costa-Cabral & Burgess 1996)\n[3] 6 parameter 2nd order polynom (Evans 1979)\n[4] 6 parameter 2nd order polynom (Heerdegen & Beran 1982)\n[5] 6 parameter 2nd order polynom (Bauer, Rohdenburg, Bork 1985)\n[6] 9 parameter 2nd order polynom (Zevenbergen & Thorne 1987)\n[7] 10 parameter 3rd order polynom (Haralick 1983)\nDefault: 6","description":"","identifier":"METHOD","name":"Method","type":"Choice"},{"constraints":"Available Choices:\n[0] radians\n[1] degree\n[2] percent\nDefault: 0","description":"","identifier":"UNIT_SLOPE","name":"Slope Units","type":"Choice"},{"constraints":"Available Choices:\n[0] radians\n[1] degree\nDefault: 0","description":"","identifier":"UNIT_ASPECT","name":"Aspect Units","type":"Choice"}]}],"tool_description":"Calculates the local morphometric terrain parameters slope, aspect and if supported by the chosen method also the curvature. Besides tangential curvature also its horizontal and vertical components (i.e. plan and profile curvature) can be calculated.","tool_id":"0","tool_name":"Slope, Aspect, Curvature","tool_path":"http://geomodeling.njnu.edu.cn/OpenGMS/page/model-item-info/model-item-info.html?NTc2NWExYzItOWM4Yi00NzgzLWI0MzAtMTNlMWIwYjgxZDYzOTE=","oid":"5b90e7bbd15d75093cb588d6","stateId":"D0CFE68F-7497-4299-BB8B-C6083ABFC18E","mdlId":"F92ABC67-00D3-4474-A317-B29DBB884D13"},{"author":"O.Conrad (c) 2001","parameters":[{"inputs":[{"constraints":"","description":"","identifier":"ELEVATION","name":"Elevation","optional":"false","type":"Grid (input)"}]},{"outputs":[{"constraints":"","description":"","identifier":"RESULT","name":"Convergence Index","optional":"false","type":"Grid (output)"}]},{"optionals":[{"constraints":"","description":"","identifier":"PARAMETERS_GRID_SYSTEM","name":"Grid system","type":"Grid system"},{"constraints":"Available Choices:\n[0] Aspect\n[1] Gradient\nDefault: 0","description":"","identifier":"METHOD","name":"Method","type":"Choice"},{"constraints":"Available Choices:\n[0] 2 x 2\n[1] 3 x 3\nDefault: 0","description":"","identifier":"NEIGHBOURS","name":"Gradient Calculation","type":"Choice"}]}],"tool_description":"Reference:\nKoethe, R. & Lehmeier, F. (1996): SARA - System zur Automatischen Relief-Analyse. User Manual, 2. Edition [Dept. of Geography, University of Goettingen, unpublished]\n\n","tool_id":"1","tool_name":"Convergence Index","tool_path":"http://geomodeling.njnu.edu.cn/OpenGMS/page/model-item-info/model-item-info.html?OWRiNTY1MDEtMjdlOC00MTBmLThlZWQtOTRkODg3NjAxYjk0OTg=","oid":"5b90e7bbd15d75093cb588d7","stateId":"57A00D5F-7734-4167-AC09-948BA658142A","mdlId":"B5000AD3-DB8B-4c0f-B13A-41C3B1CBB4E2"},{"author":"O.Conrad (c) 2003","parameters":[{"inputs":[{"constraints":"","description":"","identifier":"ELEVATION","name":"Elevation","optional":"false","type":"Grid (input)"}]},{"outputs":[{"constraints":"","description":"","identifier":"CONVERGENCE","name":"Convergence Index","optional":"false","type":"Grid (output)"}]},{"optionals":[{"constraints":"","description":"","identifier":"PARAMETERS_GRID_SYSTEM","name":"Grid system","type":"Grid system"},{"constraints":"Minimum: 1.000000\nDefault: 10.000000","description":"","identifier":"RADIUS","name":"Radius [Cells]","type":"Floating point"},{"constraints":"4 Parameters:\n- 1. Available Choices:\n[0] no distance weighting\n[1] inverse distance to a power\n[2] exponential\n[3] gaussian weighting\nDefault: 0\n- 2. Minimum: 0.000000\nDefault: 1.000000\n- 3. Default: 1\n- 4. Minimum: 0.000000\nDefault: 1.000000\n","description":"","identifier":"WEIGHTING","name":"Weighting","type":"Parameters"},{"constraints":"Default: 0","description":"","identifier":"SLOPE","name":"Gradient","type":"Boolean"},{"constraints":"Available Choices:\n[0] direction to the center cell\n[1] center cell's aspect direction\nDefault: 0","description":"","identifier":"DIFFERENCE","name":"Difference","type":"Choice"}]}],"tool_description":"Reference:\nKoethe, R. & Lehmeier, F. (1996): SARA - System zur Automatischen Relief-Analyse. User Manual, 2. Edition [Dept. of Geography, University of Goettingen, unpublished]\n\n","tool_id":"2","tool_name":"Convergence Index (Search Radius)","tool_path":"http://geomodeling.njnu.edu.cn/OpenGMS/page/model-item-info/model-item-info.html?YTMyZDAwMmMtZTdjOS00MTJhLTlkYWYtYWI3NmY4ZDc1NGIxZjg=","oid":"5b90e7bbd15d75093cb588e2","stateId":"2CFB1FF0-0786-44c5-BBEF-493AEA8CD88D","mdlId":"3F49EDA9-EDBB-430a-8E5D-CD474D47FBF3"},{"author":"(c) 2001 by O.Conrad","parameters":[{"inputs":[{"constraints":"","description":"","identifier":"ELEVATION","name":"Elevation","optional":"false","type":"Grid (input)"}]},{"outputs":[{"constraints":"","description":"","identifier":"RESULT","name":"Result","optional":"false","type":"Grid (output)"}]},{"optionals":[{"constraints":"","description":"","identifier":"PARAMETERS_GRID_SYSTEM","name":"Grid system","type":"Grid system"},{"constraints":"Available Choices:\n[0] Mark Highest Neighbour\n[1] Opposite Neighbours\n[2] Flow Direction\n[3] Flow Direction (up and down)\n[4] Peucker & Douglas\nDefault: 1","description":"Algorithm for the detection of Surface Specific Points","identifier":"METHOD","name":"Method","type":"Choice"},{"constraints":"Default: 2.000000","description":"Threshold for Peucker & Douglas Algorithm","identifier":"THRESHOLD","name":"Threshold","type":"Floating point"}]}],"tool_description":"References:\nPeucker, T.K. and Douglas, D.H., 1975:\n'Detection of surface-specific points by local parallel processing of discrete terrain elevation data',\nComputer Graphics and Image Processing, 4, 375-387\n","tool_id":"3","tool_name":"Surface Specific Points","tool_path":"http://geomodeling.njnu.edu.cn/OpenGMS/page/model-item-info/model-item-info.html?N2Y4NzEyNDctNmM3NC00YWI1LWIxMjItMDQzMWZmZWJmNDhmM2Y=","oid":"5b90e7bbd15d75093cb588ec","stateId":"A6B24A7A-87CB-4c95-B9AF-C820942DD4C0","mdlId":"D2249C38-55DC-451e-B049-452FD7A46689"},{"author":"O.Conrad (c) 2001","parameters":[{"inputs":[{"constraints":"","description":"","identifier":"DEM","name":"Elevation","optional":"false","type":"Grid (input)"}]},{"outputs":[{"constraints":"","description":"","identifier":"CLASS","name":"Curvature Classification","optional":"false","type":"Grid (output)"}]},{"optionals":[{"constraints":"","description":"","identifier":"PARAMETERS_GRID_SYSTEM","name":"Grid system","type":"Grid system"},{"constraints":"Minimum: 0.000000\nDefault: 0.000500","description":"","identifier":"THRESHOLD","name":"Threshold for plane","type":"Floating point"}]}],"tool_description":"Surface curvature based terrain classification.\nReference:\nDikau, R. (1988):\n'Entwurf einer geomorphographisch-analytischen Systematik von Reliefeinheiten',\nHeidelberger Geographische Bausteine, Heft 5\n\n0 - V  / V\n1 - GE / V\n2 - X  / V\n3 - V  / GR\n4 - GE / GR\n5 - X  / GR\n6 - V  / X\n7 - GE / X\n8 - X  / X\n","tool_id":"4","tool_name":"Curvature Classification","tool_path":"http://geomodeling.njnu.edu.cn/OpenGMS/page/model-item-info/model-item-info.html?NDlmZjNhMmQtZDE1YS00ZGRmLThkNjQtMzRmMjMyOGRlY2Y4MzE=","oid":"5b90e7bbd15d75093cb588ed","stateId":"0D2721F4-E841-427d-B747-89213DEDC5EA","mdlId":"D6E77546-02BA-4fad-842D-22C247494B81"},{"author":"O.Conrad (c) 2001","parameters":[{"inputs":[{"constraints":"","description":"","identifier":"ELEVATION","name":"Elevation","optional":"false","type":"Grid (input)"}]},{"outputs":[{"constraints":"","description":"","identifier":"TABLE","name":"Hypsometry","optional":"false","type":"Table (output)"}]},{"optionals":[{"constraints":"","description":"","identifier":"PARAMETERS_GRID_SYSTEM","name":"Grid system","type":"Grid system"},{"constraints":"Minimum: 1\nDefault: 100","description":"Number of discrete intervals (bins) used for sampling","identifier":"COUNT","name":"Number of Classes","type":"Integer"},{"constraints":"Available Choices:\n[0] up\n[1] down\nDefault: 1","description":"Choose how to sort the elevation dataset before sampling","identifier":"SORTING","name":"Sort","type":"Choice"},{"constraints":"Available Choices:\n[0] height\n[1] area\nDefault: 1","description":"Choose the classification constant to use","identifier":"METHOD","name":"Classification Constant","type":"Choice"},{"constraints":"Default: 0","description":"Use a user-specified elevation range instead of min/max of the input dataset","identifier":"BZRANGE","name":"Use Z-Range","type":"Boolean"},{"constraints":"","description":"User specified elevation range","identifier":"ZRANGE","name":"Z-Range","type":"Value range"}]}],"tool_description":"Calculates the hypsometric curve for a given DEM.\n\nThe hypsometric curve is an empirical cumulative distribution function of elevations in a catchment or of a whole planet. The tool calculates both the relative (scaled from 0 to 100 percent) and absolute (minimum to maximum values) distributions. The former scales elevation and area by the maximum values. Such a non-dimensional curve allows one to asses the similarity of watersheds as differences in hypsometric curves arise from different geomorphic processes shaping a landscape.\n\nIn case the hypsometric curve should not be calculated for the whole elevation range of the input dataset, a user-specified elevation range can be specified with the classification constant area.\n\nThe output table has two attribute columns with relative height and area values, and two columns with absolute height and area values. In order to plot the non-dimensional hypsometric curve as diagram, use the relative area as x-axis values and the relative height for the y-axis. For a diagram with absolute values, use the absolute area as x-axis values and the absolute height for the y-axis.","tool_id":"5","tool_name":"Hypsometry","tool_path":"http://geomodeling.njnu.edu.cn/OpenGMS/page/model-item-info/model-item-info.html?ZDliNTcyNDMtMzg0Ny00ZjI2LWFlOWYtYWE1NmM0ZTdmM2FjZGI=","oid":"5b90e7bbd15d75093cb588ee","stateId":"8A2D991A-AECF-47cf-B89A-4B7558250BB3","mdlId":"D43302FC-92A4-4b6d-BBBF-AFB37A430205"},{"author":"V. Olaya (c) 2004","parameters":[{"inputs":[{"constraints":"","description":"","identifier":"DEM","name":"Elevation","optional":"false","type":"Grid (input)"}]},{"outputs":[{"constraints":"","description":"","identifier":"AREA","name":"Surface Area","optional":"false","type":"Grid (output)"}]},{"optionals":[{"constraints":"","description":"","identifier":"PARAMETERS_GRID_SYSTEM","name":"Grid system","type":"Grid system"}]}],"tool_description":"Calculates real (not projected) cell area","tool_id":"6","tool_name":"Real Surface Area","tool_path":"http://geomodeling.njnu.edu.cn/OpenGMS/page/model-item-info/model-item-info.html?MzhlNDc3MWEtYzg1Ny00OGNiLWE2ZjgtOTUwZGFlZjkyMTY4NTc=","oid":"5b90e7bbd15d75093cb588ef","stateId":"3E89FBD1-347C-4414-9647-7D30F72D040A","mdlId":"F1A5E818-38AF-4070-BEB7-D0B1FE767E76"},{"author":"(c) 2005 by Victor Olaya","parameters":[{"inputs":[{"constraints":"","description":"","identifier":"DEM","name":"Elevation","optional":"false","type":"Grid (input)"}]},{"outputs":[{"constraints":"","description":"","identifier":"PROTECTION","name":"Protection Index","optional":"false","type":"Grid (output)"}]},{"optionals":[{"constraints":"","description":"","identifier":"PARAMETERS_GRID_SYSTEM","name":"Grid system","type":"Grid system"},{"constraints":"Minimum: 0.000000\nDefault: 2000.000000","description":"The radius in map units","identifier":"RADIUS","name":"Radius","type":"Floating point"}]}],"tool_description":"This algorithm analyses the immediate surrounding of each cell up to an given distance and evaluates how the relief protects it.\nIt is equivalent to the positive openness described in: Visualizing Topography by Openness: A New Application of Image Processing to Digital Elevation Models, Photogrammetric Engineering and Remote Sensing(68), No. 3, March 2002, pp. 257-266.","tool_id":"7","tool_name":"Morphometric Protection Index","tool_path":"http://geomodeling.njnu.edu.cn/OpenGMS/page/model-item-info/model-item-info.html?YjY5MDhiZjgtZDFhYy00Y2E3LWIxZTQtZDE3NWI5ZGI5Njk0NDg=","oid":"5b90e7bbd15d75093cb588f0","stateId":"E177FCF1-8ED7-451c-AD14-395008C0F47B","mdlId":"81B59EAF-7435-442a-AF51-096489A5C9BF"},{"author":"(c) 2006 by O.Conrad","parameters":[{"inputs":[{"constraints":"","description":"","identifier":"DEM","name":"Elevation","optional":"false","type":"Grid (input)"}]},{"outputs":[{"constraints":"","description":"","identifier":"MRVBF","name":"MRVBF","optional":"false","type":"Grid (output)"},{"constraints":"","description":"","identifier":"MRRTF","name":"MRRTF","optional":"false","type":"Grid (output)"}]},{"optionals":[{"constraints":"","description":"","identifier":"PARAMETERS_GRID_SYSTEM","name":"Grid system","type":"Grid system"},{"constraints":"Minimum: 0.000000\nMaximum: 100.000000\nDefault: 16.000000","description":"","identifier":"T_SLOPE","name":"Initial Threshold for Slope","type":"Floating point"},{"constraints":"Minimum: 0.000000\nMaximum: 1.000000\nDefault: 0.400000","description":"","identifier":"T_PCTL_V","name":"Threshold for Elevation Percentile (Lowness)","type":"Floating point"},{"constraints":"Minimum: 0.000000\nMaximum: 1.000000\nDefault: 0.350000","description":"","identifier":"T_PCTL_R","name":"Threshold for Elevation Percentile (Upness)","type":"Floating point"},{"constraints":"Default: 4.000000","description":"","identifier":"P_SLOPE","name":"Shape Parameter for Slope","type":"Floating point"},{"constraints":"Default: 3.000000","description":"","identifier":"P_PCTL","name":"Shape Parameter for Elevation Percentile","type":"Floating point"},{"constraints":"Default: 1","description":"","identifier":"UPDATE","name":"Update Views","type":"Boolean"},{"constraints":"Default: 0","description":"","identifier":"CLASSIFY","name":"Classify","type":"Boolean"},{"constraints":"Minimum: 0.000000\nMaximum: 100.000000\nDefault: 100.000000","description":"Maximum resolution as percentage of the diameter of the DEM.","identifier":"MAX_RES","name":"Maximum Resolution (Percentage)","type":"Floating point"}]}],"tool_description":"Calculation of the 'multiresolution index of valley bottom flatness' (MRVBF) and the complementary 'multiresolution index of the ridge top flatness' (MRRTF). \n\nReferences:\n- Gallant, J.C., Dowling, T.I. (2003):   'A multiresolution index of valley bottom flatness for mapping depositional areas',   Water Resources Research, 39/12:1347-1359\n","tool_id":"8","tool_name":"Multiresolution Index of Valley Bottom Flatness (MRVBF)","tool_path":"http://geomodeling.njnu.edu.cn/OpenGMS/page/model-item-info/model-item-info.html?ZTMxOTVmNzAtNzZkZi00ODViLWJmYjctOTc2MGMzNTIyODFjZDQ=","oid":"5b90e7bbd15d75093cb588f1","stateId":"ACDDC04E-185D-4c49-ABE5-6F2B260FB1ED","mdlId":"8F61B4C9-347B-427b-9186-D66739F8E976"},{"author":"(c) 2006 by O.Conrad","parameters":[{"inputs":[{"constraints":"","description":"","identifier":"DEM","name":"Elevation","optional":"false","type":"Grid (input)"}]},{"outputs":[{"constraints":"","description":"","identifier":"GRADIENT","name":"Gradient","optional":"false","type":"Grid (output)"},{"constraints":"","description":"Difference to local gradient.","identifier":"DIFFERENCE","name":"Gradient Difference","optional":"true","type":"Grid (optional output)"}]},{"optionals":[{"constraints":"","description":"","identifier":"PARAMETERS_GRID_SYSTEM","name":"Grid system","type":"Grid system"},{"constraints":"Minimum: 0.000000\nDefault: 10.000000","description":"","identifier":"DISTANCE","name":"Vertical Distance","type":"Floating point"},{"constraints":"Available Choices:\n[0] distance\n[1] gradient (tangens)\n[2] gradient (degree)\nDefault: 2","description":"","identifier":"OUTPUT","name":"Output","type":"Choice"}]}],"tool_description":"Calculation of a new topographic index to quantify downslope controls on local drainage. \n\nReferences:\n- Hjerdt, K.N., McDonnell, J.J., Seibert, J. Rodhe, A. (2004):   'A new topographic index to quantify downslope controls on local drainage',   Water Resources Research, 40\n\n","tool_id":"9","tool_name":"Downslope Distance Gradient","tool_path":"http://geomodeling.njnu.edu.cn/OpenGMS/page/model-item-info/model-item-info.html?MTVlMzZlZDQtYjU4Zi00YjM5LTkxZTUtY2Q2ZmZiZGU2OTFjMjI=","oid":"5b90e7bbd15d75093cb588f2","stateId":"2C38F86C-BD80-4d21-A889-A2F30A5C6041","mdlId":"935FA24A-B576-4e11-BFD9-86974B9F9256"},{"author":"(c) 2008 by O.Conrad","parameters":[{"inputs":[{"constraints":"","description":"","identifier":"DEM","name":"Elevation","optional":"false","type":"Grid (input)"},{"constraints":"","description":"","identifier":"HREL","name":"Vertical Distance to Channel Network","optional":"true","type":"Grid (optional input)"}]},{"outputs":[{"constraints":"","description":"","identifier":"MBI","name":"Mass Balance Index","optional":"false","type":"Grid (output)"}]},{"optionals":[{"constraints":"","description":"","identifier":"PARAMETERS_GRID_SYSTEM","name":"Grid system","type":"Grid system"},{"constraints":"Minimum: 0.000000\nDefault: 15.000000","description":"","identifier":"TSLOPE","name":"T Slope","type":"Floating point"},{"constraints":"Minimum: 0.000000\nDefault: 0.010000","description":"","identifier":"TCURVE","name":"T Curvature","type":"Floating point"},{"constraints":"Minimum: 0.000000\nDefault: 15.000000","description":"","identifier":"THREL","name":"T Vertical Distance to Channel Network","type":"Floating point"}]}],"tool_description":"\nReferences:\n\nFriedrich, K. (1996): Digitale Reliefgliederungsverfahren zur Ableitung bodenkundlich relevanter Flaecheneinheiten. Frankfurter Geowissenschaftliche Arbeiten D 21, Frankfurt/M., <a href=\"http://user.uni-frankfurt.de/~relief/fga21/\">online</a>.\n\nFriedrich, K. (1998): Multivariate distance methods for geomorphographic relief classification. in Heinecke, H., Eckelmann, W., Thomasson, A., Jones, J., Montanarella, L., Buckley, B. (eds.): Land Inforamtion Systems - Developments for planning the sustainable use of land resources. European Soil Bureau - Research Report 4, EUR 17729 EN, Office for oficial publications of the European Communities, Ispra, pp. 259-266, <a href=\"http://eusoils.jrc.it/ESDB_Archive/eusoils_docs/esb_rr/n04_land_information_systems/contents.html\">online</a>.\n\nMoeller, M., Volk, M., Friedrich, K., Lymburner, L. (2008): Placing soil-genesis and transport processes into a landscape context: A multiscale terrain-analysis approach. Journal of Plant Nutrition and Soil Science, 171, pp. 419-430, DOI: 10.1002/jpln.200625039\n\n","tool_id":"10","tool_name":"Mass Balance Index","tool_path":"http://geomodeling.njnu.edu.cn/OpenGMS/page/model-item-info/model-item-info.html?MDJhMDczM2UtNjBhZS00ZjBhLWFjOWQtMmE3OTJjYmI4ODg3NTg=","oid":"5b90e7bbd15d75093cb588d8","stateId":"47BD3801-A6F4-488b-B3FB-07B1D43B950F","mdlId":"D44E2472-B191-4c6e-96E1-0E7E4BB808BE"},{"author":"J.Boehner, O.Conrad (c) 2008","parameters":[{"inputs":[{"constraints":"","description":"","identifier":"DEM","name":"Elevation","optional":"false","type":"Grid (input)"},{"constraints":"","description":"Direction into which the wind blows, starting with 0 for North and increasing clockwise.","identifier":"DIR","name":"Wind Direction","optional":"true","type":"Grid (optional input)"},{"constraints":"","description":"","identifier":"LEN","name":"Wind Speed","optional":"true","type":"Grid (optional input)"}]},{"outputs":[{"constraints":"","description":"","identifier":"AFH","name":"Effective Air Flow Heights","optional":"false","type":"Grid (output)"}]},{"optionals":[{"constraints":"","description":"","identifier":"PARAMETERS_GRID_SYSTEM","name":"Grid system","type":"Grid system"},{"constraints":"Available Choices:\n[0] radians\n[1] degree\nDefault: 0","description":"","identifier":"DIR_UNITS","name":"Wind Direction Units","type":"Choice"},{"constraints":"Default: 1.000000","description":"","identifier":"LEN_SCALE","name":"Scaling","type":"Floating point"},{"constraints":"Minimum: 0.000000\nDefault: 300.000000","description":"","identifier":"MAXDIST","name":"Search Distance [km]","type":"Floating point"},{"constraints":"Default: 135.000000","description":"constant direction into the wind blows, given as degree","identifier":"DIR_CONST","name":"Constant Wind Direction","type":"Floating point"},{"constraints":"Default: 0","description":"use old version for constant wind direction (no acceleration and averaging option)","identifier":"OLDVER","name":"Old Version","type":"Boolean"},{"constraints":"Minimum: 1.000000\nDefault: 1.500000","description":"","identifier":"ACCEL","name":"Acceleration","type":"Floating point"},{"constraints":"Default: 0","description":"use more averaged elevations when looking at increasing distances","identifier":"PYRAMIDS","name":"Elevation Averaging","type":"Boolean"},{"constraints":"Default: 0.500000","description":"","identifier":"LEE","name":"Windward Factor","type":"Floating point"},{"constraints":"Default: 3.000000","description":"","identifier":"LUV","name":"Luv Factor","type":"Floating point"}]}],"tool_description":"Effective Air Flow Heights","tool_id":"11","tool_name":"Effective Air Flow Heights","tool_path":"http://geomodeling.njnu.edu.cn/OpenGMS/page/model-item-info/model-item-info.html?NmExOWI5NzUtYmNkYy00MDQxLThlM2MtMGJlOWIzN2JkODc5Mjk=","oid":"5b90e7bbd15d75093cb588d9","stateId":"0BA31F58-AB11-4884-9202-BC886CBC7BAE","mdlId":"25819162-E73C-4c86-AEAA-CB5CE566F104"},{"author":"J.Boehner, O.Conrad (c) 2008","parameters":[{"inputs":[{"constraints":"","description":"","identifier":"DEM","name":"Elevation","optional":"false","type":"Grid (input)"}]},{"outputs":[{"constraints":"","description":"","identifier":"DAH","name":"Diurnal Anisotropic Heating","optional":"false","type":"Grid (output)"}]},{"optionals":[{"constraints":"","description":"","identifier":"PARAMETERS_GRID_SYSTEM","name":"Grid system","type":"Grid system"},{"constraints":"Minimum: 0.000000\nMaximum: 360.000000\nDefault: 202.500000","description":"","identifier":"ALPHA_MAX","name":"Alpha Max (Degree)","type":"Floating point"}]}],"tool_description":"","tool_id":"12","tool_name":"Diurnal Anisotropic Heating","tool_path":"http://geomodeling.njnu.edu.cn/OpenGMS/page/model-item-info/model-item-info.html?M2FlZTZjNTgtZDgwMS00YTY1LTliMmItZDc2NTgxNmM0ZGQ2YTA=","oid":"5b90e7bbd15d75093cb588da","stateId":"BCC2569C-298C-4fbb-900C-00C0C01E2AB8","mdlId":"A036BBCF-26E7-4c11-8FB8-61A6164CFCA3"},{"author":"O.Conrad (c) 2008","parameters":[{"inputs":[{"constraints":"","description":"","identifier":"DEM","name":"Elevation","optional":"false","type":"Grid (input)"},{"constraints":"","description":"[kW / m2]","identifier":"SWR","name":"Short Wave Radiation","optional":"false","type":"Grid (input)"},{"constraints":"","description":"","identifier":"LAI","name":"Leaf Area Index","optional":"false","type":"Grid (input)"}]},{"outputs":[{"constraints":"","description":"","identifier":"LST","name":"Land Surface Temperature","optional":"false","type":"Grid (output)"}]},{"optionals":[{"constraints":"","description":"","identifier":"PARAMETERS_GRID_SYSTEM","name":"Grid system","type":"Grid system"},{"constraints":"Default: 0.000000","description":"","identifier":"Z_REFERENCE","name":"Elevation at Reference Station","type":"Floating point"},{"constraints":"Default: 0.000000","description":"Temperature at reference station in degree Celsius.","identifier":"T_REFERENCE","name":"Temperature at Reference Station","type":"Floating point"},{"constraints":"Default: 0.600000","description":"Vertical temperature gradient in degree Celsius per 100 meter.","identifier":"T_GRADIENT","name":"Lapse Rate","type":"Floating point"},{"constraints":"Default: 1.000000","description":"","identifier":"C_FACTOR","name":"C Factor","type":"Floating point"},{"constraints":"Minimum: 0.010000\nDefault: 8.000000","description":"","identifier":"LAI_MAX","name":"Maximum LAI","type":"Floating point"}]}],"tool_description":"","tool_id":"13","tool_name":"Land Surface Temperature","tool_path":"http://geomodeling.njnu.edu.cn/OpenGMS/page/model-item-info/model-item-info.html?MjVhOThjYTUtZDE0Ni00ODE1LWEyZjUtMjkzZmM5NTYyMGEwOGY=","oid":"5b90e7bbd15d75093cb588db","stateId":"3B068B1C-A61D-467d-A134-F6BE60D69450","mdlId":"C71E4973-83F0-40f7-8745-B4FCD5B4E342"},{"author":"J.Boehner, O.Conrad (c) 2008","parameters":[{"inputs":[{"constraints":"","description":"","identifier":"DEM","name":"Elevation","optional":"false","type":"Grid (input)"}]},{"outputs":[{"constraints":"","description":"","identifier":"HO","name":"Slope Height","optional":"false","type":"Grid (output)"},{"constraints":"","description":"","identifier":"HU","name":"Valley Depth","optional":"false","type":"Grid (output)"},{"constraints":"","description":"","identifier":"NH","name":"Normalized Height","optional":"false","type":"Grid (output)"},{"constraints":"","description":"","identifier":"SH","name":"Standardized Height","optional":"false","type":"Grid (output)"},{"constraints":"","description":"","identifier":"MS","name":"Mid-Slope Positon","optional":"false","type":"Grid (output)"}]},{"optionals":[{"constraints":"","description":"","identifier":"PARAMETERS_GRID_SYSTEM","name":"Grid system","type":"Grid system"},{"constraints":"Minimum: 0.000000\nDefault: 0.500000","description":"The parameter weights the influence of catchment size on relative elevation (inversely proportional).","identifier":"W","name":"w","type":"Floating point"},{"constraints":"Minimum: 0.000000\nDefault: 10.000000","description":"The parameter controls the amount by which a maximum in the neighbourhood of a cell is taken over into the cell (considering the local slope between the cells). The smaller 't' and/or the smaller the slope, the more of the maximum value is taken over into the cell. This results in a greater generalization/smoothing of the result. The greater 't' and/or the higher the slope, the less is taken over into the cell and the result will show a more irregular pattern caused by small changes in elevation between the cells.","identifier":"T","name":"t","type":"Floating point"},{"constraints":"Minimum: 0.000000\nDefault: 2.000000","description":"The parameter controls the position of relative height maxima as a function of slope.","identifier":"E","name":"e","type":"Floating point"}]}],"tool_description":"The tool allows one to calculate several terrain indices from a digital elevation model.\n\nGeneral information on the computational concept can be found in:\n- Boehner, J. and Selige, T. (2006): Spatial prediction of soil attributes using terrain analysis and climate regionalisation. In: Boehner, J., McCloy, K.R., Strobl, J. [Ed.]: SAGA - Analysis and Modelling Applications, Goettinger Geographische Abhandlungen, Goettingen: 13-28. (<a target=\"_blank\" href=\"http://downloads.sourceforge.net/saga-gis/gga115_02.pdf\">pdf</a>)\n\n","tool_id":"14","tool_name":"Relative Heights and Slope Positions","tool_path":"http://geomodeling.njnu.edu.cn/OpenGMS/page/model-item-info/model-item-info.html?YzhjZTg5MDctODA5Yy00MDI2LWI3ODEtZTg3ZTBhMmE0MzQyOTM=","oid":"5b90e7bbd15d75093cb588dc","stateId":"CA6F80B8-1950-4db3-934A-672527D655B3","mdlId":"7FA9E8FE-1364-4c8f-A694-1C2F510549DF"},{"author":"J.Boehner, A.Ringeler (c) 2008, O.Conrad (c) 2011","parameters":[{"inputs":[{"constraints":"","description":"","identifier":"DEM","name":"Elevation","optional":"false","type":"Grid (input)"},{"constraints":"","description":"Direction into which the wind blows, starting with 0 for North and increasing clockwise.","identifier":"DIR","name":"Wind Direction","optional":"true","type":"Grid (optional input)"},{"constraints":"","description":"","identifier":"LEN","name":"Wind Speed","optional":"true","type":"Grid (optional input)"}]},{"outputs":[{"constraints":"","description":"","identifier":"EFFECT","name":"Wind Effect","optional":"false","type":"Grid (output)"},{"constraints":"","description":"","identifier":"AFH","name":"Effective Air Flow Heights","optional":"true","type":"Grid (optional output)"}]},{"optionals":[{"constraints":"","description":"","identifier":"PARAMETERS_GRID_SYSTEM","name":"Grid system","type":"Grid system"},{"constraints":"Available Choices:\n[0] radians\n[1] degree\nDefault: 0","description":"","identifier":"DIR_UNITS","name":"Wind Direction Units","type":"Choice"},{"constraints":"Default: 1.000000","description":"","identifier":"LEN_SCALE","name":"Scaling","type":"Floating point"},{"constraints":"Minimum: 0.000000\nDefault: 300.000000","description":"","identifier":"MAXDIST","name":"Search Distance [km]","type":"Floating point"},{"constraints":"Default: 135.000000","description":"constant direction into the wind blows, given as degree","identifier":"DIR_CONST","name":"Constant Wind Direction","type":"Floating point"},{"constraints":"Default: 0","description":"use old version for constant wind direction (no acceleration and averaging option)","identifier":"OLDVER","name":"Old Version","type":"Boolean"},{"constraints":"Minimum: 1.000000\nDefault: 1.500000","description":"","identifier":"ACCEL","name":"Acceleration","type":"Floating point"},{"constraints":"Default: 0","description":"use more averaged elevations when looking at increasing distances","identifier":"PYRAMIDS","name":"Elevation Averaging","type":"Boolean"}]}],"tool_description":"The 'Wind Effect' is a dimensionless index. Values below 1 indicate wind shadowed areas whereas values above 1 indicate areas exposed to wind, all with regard to the specified wind direction. Wind direction, i.e. the direction into which the wind blows, might be either constant or variying in space, if a wind direction grid is supplied.","tool_id":"15","tool_name":"Wind Effect (Windward / Leeward Index)","tool_path":"http://geomodeling.njnu.edu.cn/OpenGMS/page/model-item-info/model-item-info.html?ZWJhMDBmMWItNzE3MC00MTBiLTkxOTEtMDM3NzBmNTA4YjFhZWE=","oid":"5b90e7bbd15d75093cb588dd","stateId":"368799B9-3943-4f26-98AF-DB7B2117B6AA","mdlId":"96B8AC34-60D4-43ee-AC26-0C891E87D3B8"},{"author":"O.Conrad (c) 2010","parameters":[{"inputs":[{"constraints":"","description":"","identifier":"DEM","name":"Elevation","optional":"false","type":"Grid (input)"}]},{"outputs":[{"constraints":"","description":"","identifier":"TRI","name":"Terrain Ruggedness Index (TRI)","optional":"false","type":"Grid (output)"}]},{"optionals":[{"constraints":"","description":"","identifier":"PARAMETERS_GRID_SYSTEM","name":"Grid system","type":"Grid system"},{"constraints":"Available Choices:\n[0] Square\n[1] Circle\nDefault: 1","description":"","identifier":"MODE","name":"Search Mode","type":"Choice"},{"constraints":"Minimum: 1\nDefault: 1","description":"radius in cells","identifier":"RADIUS","name":"Search Radius","type":"Integer"},{"constraints":"Available Choices:\n[0] no distance weighting\n[1] inverse distance to a power\n[2] exponential\n[3] gaussian weighting\nDefault: 0","description":"","identifier":"DW_WEIGHTING","name":"Weighting Function","type":"Choice"},{"constraints":"Minimum: 0.000000\nDefault: 1.000000","description":"","identifier":"DW_IDW_POWER","name":"Inverse Distance Weighting Power","type":"Floating point"},{"constraints":"Default: 1","description":"Calculates weights for distance plus one, avoiding division by zero for zero distances","identifier":"DW_IDW_OFFSET","name":"Inverse Distance Offset","type":"Boolean"},{"constraints":"Minimum: 0.000000\nDefault: 75.000000","description":"","identifier":"DW_BANDWIDTH","name":"Gaussian and Exponential Weighting Bandwidth","type":"Floating point"}]}],"tool_description":"References:\nRiley, S.J., De Gloria, S.D., Elliot, R. (1999): A Terrain Ruggedness that Quantifies Topographic Heterogeneity. Intermountain Journal of Science, Vol.5, No.1-4, pp.23-27. <a href=\"http://www.fw.msu.edu/~rileysh2/Terrain%20Ruggedness%20Index.pdf\">online</a>.\n","tool_id":"16","tool_name":"Terrain Ruggedness Index (TRI)","tool_path":"http://geomodeling.njnu.edu.cn/OpenGMS/page/model-item-info/model-item-info.html?OTFiMTZhODgtYTI4ZC00YzM3LWFhNmItMmEzYzRhOTc4OTk1NDQ=","oid":"5b90e7bbd15d75093cb588de","stateId":"CF3D9024-A193-4234-A877-9A80747AEFC7","mdlId":"2DD50D85-E394-4571-953E-502E5E7099D8"},{"author":"O.Conrad (c) 2010","parameters":[{"inputs":[{"constraints":"","description":"","identifier":"DEM","name":"Elevation","optional":"false","type":"Grid (input)"}]},{"outputs":[{"constraints":"","description":"","identifier":"VRM","name":"Vector Terrain Ruggedness (VRM)","optional":"false","type":"Grid (output)"}]},{"optionals":[{"constraints":"","description":"","identifier":"PARAMETERS_GRID_SYSTEM","name":"Grid system","type":"Grid system"},{"constraints":"Available Choices:\n[0] Square\n[1] Circle\nDefault: 1","description":"","identifier":"MODE","name":"Search Mode","type":"Choice"},{"constraints":"Minimum: 1\nDefault: 1","description":"radius in cells","identifier":"RADIUS","name":"Search Radius","type":"Integer"},{"constraints":"Available Choices:\n[0] no distance weighting\n[1] inverse distance to a power\n[2] exponential\n[3] gaussian weighting\nDefault: 0","description":"","identifier":"DW_WEIGHTING","name":"Weighting Function","type":"Choice"},{"constraints":"Minimum: 0.000000\nDefault: 1.000000","description":"","identifier":"DW_IDW_POWER","name":"Inverse Distance Weighting Power","type":"Floating point"},{"constraints":"Default: 1","description":"Calculates weights for distance plus one, avoiding division by zero for zero distances","identifier":"DW_IDW_OFFSET","name":"Inverse Distance Offset","type":"Boolean"},{"constraints":"Minimum: 0.000000\nDefault: 75.000000","description":"","identifier":"DW_BANDWIDTH","name":"Gaussian and Exponential Weighting Bandwidth","type":"Floating point"}]}],"tool_description":"","tool_id":"17","tool_name":"Vector Ruggedness Measure (VRM)","tool_path":"http://geomodeling.njnu.edu.cn/OpenGMS/page/model-item-info/model-item-info.html?MTg2ZDBlY2ItMmZjNS00Njc4LWFlODUtNTUzOWMxMDc5YzFkNGY=","oid":"5b90e7bbd15d75093cb588df","stateId":"DA27630E-B39F-4843-A353-6695A2B41FD3","mdlId":"66FA441C-EFBF-49a4-B9E1-E98356CF5937"},{"author":"O.Conrad (c) 2011","parameters":[{"inputs":[{"constraints":"","description":"","identifier":"DEM","name":"Elevation","optional":"false","type":"Grid (input)"}]},{"outputs":[{"constraints":"","description":"","identifier":"TPI","name":"Topographic Position Index","optional":"false","type":"Grid (output)"}]},{"optionals":[{"constraints":"","description":"","identifier":"PARAMETERS_GRID_SYSTEM","name":"Grid system","type":"Grid system"},{"constraints":"Default: 0","description":"","identifier":"STANDARD","name":"Standardize","type":"Boolean"},{"constraints":"","description":"kernel radius in map units","identifier":"RADIUS","name":"Scale","type":"Value range"},{"constraints":"Available Choices:\n[0] no distance weighting\n[1] inverse distance to a power\n[2] exponential\n[3] gaussian weighting\nDefault: 0","description":"","identifier":"DW_WEIGHTING","name":"Weighting Function","type":"Choice"},{"constraints":"Minimum: 0.000000\nDefault: 1.000000","description":"","identifier":"DW_IDW_POWER","name":"Inverse Distance Weighting Power","type":"Floating point"},{"constraints":"Default: 1","description":"Calculates weights for distance plus one, avoiding division by zero for zero distances","identifier":"DW_IDW_OFFSET","name":"Inverse Distance Offset","type":"Boolean"},{"constraints":"Minimum: 0.000000\nDefault: 75.000000","description":"","identifier":"DW_BANDWIDTH","name":"Gaussian and Exponential Weighting Bandwidth","type":"Floating point"}]}],"tool_description":"Topographic Position Index (TPI) calculation as proposed by Guisan et al. (1999). This is literally the same as the difference to the mean calculation (residual analysis) proposed by Wilson & Gallant (2000). The bandwidth parameter for distance weighting is given as percentage of the (outer) radius.","tool_id":"18","tool_name":"Topographic Position Index (TPI)","tool_path":"http://geomodeling.njnu.edu.cn/OpenGMS/page/model-item-info/model-item-info.html?YjUwNWE1ZjQtZDI0OS00MGYwLTgyNDAtYmM1YjBkODY2MTVkMjQ=","oid":"5b90e7bbd15d75093cb588e0","stateId":"9593ABA1-3B2E-4c4c-8EEA-F8BF0B5E4740","mdlId":"A9E4344F-43D3-4bdf-80B4-292C16EE94F7"},{"author":"O.Conrad (c) 2011","parameters":[{"inputs":[{"constraints":"","description":"","identifier":"DEM","name":"Elevation","optional":"false","type":"Grid (input)"}]},{"outputs":[{"constraints":"","description":"","identifier":"LANDFORMS","name":"Landforms","optional":"false","type":"Grid (output)"}]},{"optionals":[{"constraints":"","description":"","identifier":"PARAMETERS_GRID_SYSTEM","name":"Grid system","type":"Grid system"},{"constraints":"","description":"radius in map units","identifier":"RADIUS_A","name":"Small Scale","type":"Value range"},{"constraints":"","description":"kernel radius in map units","identifier":"RADIUS_B","name":"Large Scale","type":"Value range"},{"constraints":"Available Choices:\n[0] no distance weighting\n[1] inverse distance to a power\n[2] exponential\n[3] gaussian weighting\nDefault: 0","description":"","identifier":"DW_WEIGHTING","name":"Weighting Function","type":"Choice"},{"constraints":"Minimum: 0.000000\nDefault: 1.000000","description":"","identifier":"DW_IDW_POWER","name":"Inverse Distance Weighting Power","type":"Floating point"},{"constraints":"Default: 1","description":"Calculates weights for distance plus one, avoiding division by zero for zero distances","identifier":"DW_IDW_OFFSET","name":"Inverse Distance Offset","type":"Boolean"},{"constraints":"Minimum: 0.000000\nDefault: 75.000000","description":"","identifier":"DW_BANDWIDTH","name":"Gaussian and Exponential Weighting Bandwidth","type":"Floating point"}]}],"tool_description":"Topographic Position Index (TPI) calculation as proposed by Guisan et al. (1999). This is literally the same as the difference to the mean calculation (residual analysis) proposed by Wilson & Gallant (2000). The bandwidth parameter for distance weighting is given as percentage of the (outer) radius.","tool_id":"19","tool_name":"TPI Based Landform Classification","tool_path":"http://geomodeling.njnu.edu.cn/OpenGMS/page/model-item-info/model-item-info.html?OWIzOTRkYTktMTBmMC00ODJhLTg3Y2QtNTZiZDcxZWE0MzAxNWY=","oid":"5b90e7bbd15d75093cb588e1","stateId":"22B00278-79AA-4382-A822-B0D5F55660D8","mdlId":"B5F3612A-C790-4d78-871E-8D0A7DABBD16"},{"author":"O.Conrad (c) 2012","parameters":[{"inputs":[{"constraints":"","description":"","identifier":"DEM","name":"Elevation","optional":"false","type":"Grid (input)"}]},{"outputs":[{"constraints":"","description":"","identifier":"TEXTURE","name":"Texture","optional":"false","type":"Grid (output)"}]},{"optionals":[{"constraints":"","description":"","identifier":"PARAMETERS_GRID_SYSTEM","name":"Grid system","type":"Grid system"},{"constraints":"Minimum: 0.000000\nDefault: 1.000000","description":"maximum difference between original and median filtered elevation (3x3 moving window) that still is recognized flat","identifier":"EPSILON","name":"Flat Area Threshold","type":"Floating point"},{"constraints":"Minimum: 1\nDefault: 10","description":"","identifier":"SCALE","name":"Scale (Cells)","type":"Integer"},{"constraints":"Available Choices:\n[0] counting cells\n[1] resampling\nDefault: 1","description":"","identifier":"METHOD","name":"Method","type":"Choice"},{"constraints":"Available Choices:\n[0] no distance weighting\n[1] inverse distance to a power\n[2] exponential\n[3] gaussian weighting\nDefault: 3","description":"","identifier":"DW_WEIGHTING","name":"Weighting Function","type":"Choice"},{"constraints":"Minimum: 0.000000\nDefault: 1.000000","description":"","identifier":"DW_IDW_POWER","name":"Inverse Distance Weighting Power","type":"Floating point"},{"constraints":"Default: 1","description":"Calculates weights for distance plus one, avoiding division by zero for zero distances","identifier":"DW_IDW_OFFSET","name":"Inverse Distance Offset","type":"Boolean"},{"constraints":"Minimum: 0.000000\nDefault: 0.700000","description":"","identifier":"DW_BANDWIDTH","name":"Gaussian and Exponential Weighting Bandwidth","type":"Floating point"}]}],"tool_description":"Terrain surface texture as proposed by Iwahashi & Pike (2007) for subsequent terrain classification.","tool_id":"20","tool_name":"Terrain Surface Texture","tool_path":"http://geomodeling.njnu.edu.cn/OpenGMS/page/model-item-info/model-item-info.html?MzFmYWNlOWYtOWNmYS00ZGNlLWIwNWItYjM5MGVkNzllYWE5Y2Y=","oid":"5b90e7bbd15d75093cb588e3","stateId":"A98874D9-81B4-4316-A722-AD27F1170083","mdlId":"A94D8C85-9248-4d03-8F0E-45173168607E"},{"author":"O.Conrad (c) 2012","parameters":[{"inputs":[{"constraints":"","description":"","identifier":"DEM","name":"Elevation","optional":"false","type":"Grid (input)"}]},{"outputs":[{"constraints":"","description":"","identifier":"CONVEXITY","name":"Convexity","optional":"false","type":"Grid (output)"}]},{"optionals":[{"constraints":"","description":"","identifier":"PARAMETERS_GRID_SYSTEM","name":"Grid system","type":"Grid system"},{"constraints":"Available Choices:\n[0] conventional four-neighbourhood\n[1] conventional eight-neihbourhood\n[2] eight-neihbourhood (distance based weighting)\nDefault: 0","description":"","identifier":"KERNEL","name":"Laplacian Filter Kernel","type":"Choice"},{"constraints":"Available Choices:\n[0] convexity\n[1] concavity\nDefault: 0","description":"","identifier":"TYPE","name":"Type","type":"Choice"},{"constraints":"Minimum: 0.000000\nDefault: 0.000000","description":"","identifier":"EPSILON","name":"Flat Area Threshold","type":"Floating point"},{"constraints":"Minimum: 1\nDefault: 10","description":"","identifier":"SCALE","name":"Scale (Cells)","type":"Integer"},{"constraints":"Available Choices:\n[0] counting cells\n[1] resampling\nDefault: 1","description":"","identifier":"METHOD","name":"Method","type":"Choice"},{"constraints":"Available Choices:\n[0] no distance weighting\n[1] inverse distance to a power\n[2] exponential\n[3] gaussian weighting\nDefault: 3","description":"","identifier":"DW_WEIGHTING","name":"Weighting Function","type":"Choice"},{"constraints":"Minimum: 0.000000\nDefault: 1.000000","description":"","identifier":"DW_IDW_POWER","name":"Inverse Distance Weighting Power","type":"Floating point"},{"constraints":"Default: 1","description":"Calculates weights for distance plus one, avoiding division by zero for zero distances","identifier":"DW_IDW_OFFSET","name":"Inverse Distance Offset","type":"Boolean"},{"constraints":"Minimum: 0.000000\nDefault: 0.700000","description":"","identifier":"DW_BANDWIDTH","name":"Gaussian and Exponential Weighting Bandwidth","type":"Floating point"}]}],"tool_description":"Terrain surface convexity as proposed by Iwahashi & Pike (2007) for subsequent terrain classification.","tool_id":"21","tool_name":"Terrain Surface Convexity","tool_path":"http://geomodeling.njnu.edu.cn/OpenGMS/page/model-item-info/model-item-info.html?NzQxMzZjMWYtYzY4Yy00ZThlLTk5ZWMtYjM5Yjg1Njk2YmI2MjY=","oid":"5b90e7bbd15d75093cb588e4","stateId":"4FD3BC9B-0BF9-4fd8-91E5-A48CE23C6498","mdlId":"5D3EE693-FC42-410a-B78E-6EF5C078AE92"},{"author":"O.Conrad (c) 2012","parameters":[{"inputs":[{"constraints":"","description":"","identifier":"DEM","name":"Elevation","optional":"false","type":"Grid (input)"},{"constraints":"","description":"","identifier":"SLOPE","name":"Slope","optional":"true","type":"Grid (optional input)"},{"constraints":"","description":"","identifier":"CONVEXITY","name":"Convexity","optional":"true","type":"Grid (optional input)"},{"constraints":"","description":"","identifier":"TEXTURE","name":"Texture","optional":"true","type":"Grid (optional input)"}]},{"outputs":[{"constraints":"","description":"","identifier":"LANDFORMS","name":"Landforms","optional":"false","type":"Grid (output)"}]},{"optionals":[{"constraints":"","description":"","identifier":"PARAMETERS_GRID_SYSTEM","name":"Grid system","type":"Grid system"},{"constraints":"Default: 0","description":"","identifier":"CONV_RECALC","name":"Recalculate","type":"Boolean"},{"constraints":"Default: 0","description":"","identifier":"TEXT_RECALC","name":"Recalculate","type":"Boolean"},{"constraints":"Available Choices:\n[0] 8\n[1] 12\n[2] 16\nDefault: 2","description":"","identifier":"TYPE","name":"Number of Classes","type":"Choice"},{"constraints":"Minimum: 1\nDefault: 10","description":"","identifier":"CONV_SCALE","name":"Scale (Cells)","type":"Integer"},{"constraints":"Available Choices:\n[0] four-neighbourhood\n[1] eight-neihbourhood\n[2] eight-neihbourhood (distance based weighting)\nDefault: 0","description":"","identifier":"CONV_KERNEL","name":"Laplacian Filter Kernel","type":"Choice"},{"constraints":"Available Choices:\n[0] convexity\n[1] concavity\nDefault: 0","description":"","identifier":"CONV_TYPE","name":"Type","type":"Choice"},{"constraints":"Minimum: 0.000000\nDefault: 0.000000","description":"","identifier":"CONV_EPSILON","name":"Flat Area Threshold","type":"Floating point"},{"constraints":"Minimum: 10\nDefault: 2","description":"","identifier":"TEXT_SCALE","name":"Scale (Cells)","type":"Integer"},{"constraints":"Minimum: 0.000000\nDefault: 1.000000","description":"maximum difference between original and median filtered elevation (3x3 moving window) that still is recognized flat","identifier":"TEXT_EPSILON","name":"Flat Area Threshold","type":"Floating point"}]}],"tool_description":"Terrain surface classification as proposed by Iwahashi & Pike (2007).","tool_id":"22","tool_name":"Terrain Surface Classification (Iwahashi and Pike)","tool_path":"http://geomodeling.njnu.edu.cn/OpenGMS/page/model-item-info/model-item-info.html?ZDVkZjY2MzQtZDNhZS00MmU5LWIwMzAtNzA0NDQyZTY5YTBhMTk=","oid":"5b90e7bbd15d75093cb588e5","stateId":"BC61708B-5561-435f-A39D-915DB7094E46","mdlId":"C0133494-E05A-4340-8220-6E816882DA3E"},{"author":"O.Conrad (c) 2013","parameters":[{"inputs":[{"constraints":"","description":"","identifier":"DEM","name":"Elevation","optional":"false","type":"Grid (input)"}]},{"outputs":[{"constraints":"","description":"","identifier":"FEATURES","name":"Morphometric Features","optional":"false","type":"Grid (output)"},{"constraints":"","description":"","identifier":"ELEVATION","name":"Generalized Surface","optional":"true","type":"Grid (optional output)"},{"constraints":"","description":"","identifier":"SLOPE","name":"Slope","optional":"true","type":"Grid (optional output)"},{"constraints":"","description":"","identifier":"ASPECT","name":"Aspect","optional":"true","type":"Grid (optional output)"},{"constraints":"","description":"","identifier":"PROFC","name":"Profile Curvature","optional":"true","type":"Grid (optional output)"},{"constraints":"","description":"","identifier":"PLANC","name":"Plan Curvature","optional":"true","type":"Grid (optional output)"},{"constraints":"","description":"","identifier":"LONGC","name":"Longitudinal Curvature","optional":"true","type":"Grid (optional output)"},{"constraints":"","description":"","identifier":"CROSC","name":"Cross-Sectional Curvature","optional":"true","type":"Grid (optional output)"},{"constraints":"","description":"","identifier":"MAXIC","name":"Maximum Curvature","optional":"true","type":"Grid (optional output)"},{"constraints":"","description":"","identifier":"MINIC","name":"Minimum Curvature","optional":"true","type":"Grid (optional output)"}]},{"optionals":[{"constraints":"","description":"","identifier":"PARAMETERS_GRID_SYSTEM","name":"Grid system","type":"Grid system"},{"constraints":"Minimum: 1\nDefault: 5","description":"Size of processing window (= 1 + 2 * radius) given as number of cells","identifier":"SIZE","name":"Scale Radius (Cells)","type":"Integer"},{"constraints":"Default: 1.000000","description":"Slope tolerance that defines a 'flat' surface (degrees)","identifier":"TOL_SLOPE","name":"Slope Tolerance","type":"Floating point"},{"constraints":"Default: 0.000100","description":"Curvature tolerance that defines 'planar' surface","identifier":"TOL_CURVE","name":"Curvature Tolerance","type":"Floating point"},{"constraints":"Minimum: 0.000000\nMaximum: 4.000000\nDefault: 0.000000","description":"Exponent for distance weighting (0.0-4.0)","identifier":"EXPONENT","name":"Distance Weighting Exponent","type":"Floating point"},{"constraints":"Default: 1.000000","description":"Vertical scaling factor","identifier":"ZSCALE","name":"Vertical Scaling","type":"Floating point"},{"constraints":"Default: 0","description":"Constrain model through central window cell","identifier":"CONSTRAIN","name":"Constrain","type":"Boolean"}]}],"tool_description":"Uses a multi-scale approach by fitting quadratic parameters to any size window (via least squares) to derive slope, aspect and curvatures (optional output) for subsequent classification of morphometric features (peaks, ridges, passes, channels, pits and planes). This is the method as proposed and implemented by Jo Wood (1996) in LandSerf and GRASS GIS (r.param.scale). \n\nOptional output is described in the following. Generalised elevation is the smoothed input DEM. Slope is the magnitude of maximum gradient. It is given for steepest slope angle and measured in degrees. Aspect is the direction of maximum gradient. Profile curvature is the curvature intersecting with the plane defined by the Z axis and maximum gradient direction. Positive values describe convex profile curvature, negative values concave profile. Plan curvature is the horizontal curvature, intersecting with the XY plane. Longitudinal curvature is the profile curvature intersecting with the plane defined by the surface normal and maximum gradient direction. Cross-sectional curvature is the tangential curvature intersecting with the plane defined by the surface normal and a tangent to the contour - perpendicular to maximum gradient direction. Minimum curvature is measured in direction perpendicular to the direction of of maximum curvature. The maximum curvature is measured in any direction. \n\nReferences:\n\nWood, J. (1996): The Geomorphological characterisation of Digital Elevation Models. Diss., Department of Geography, University of Leicester, U.K. <a target=\"_blank\" href=\"http://www.soi.city.ac.uk/~jwo/phd/\">online</a>.\n\nWood, J. (2009): Geomorphometry in LandSerf. In: Hengl, T. and Reuter, H.I. [Eds.]: Geomorphometry: Concepts, Software, Applications. Developments in Soil Science, Elsevier, Vol.33, 333-349.\n\n<a target=\"_blank\" href=\"http://www.landserf.org/\">LandSerf Homepage</a>.","tool_id":"23","tool_name":"Morphometric Features","tool_path":"http://geomodeling.njnu.edu.cn/OpenGMS/page/model-item-info/model-item-info.html?OTdmMmZhMTMtMzdlMS00Yzk0LWJjZmItMzZhMDI3NDc4YTQ0YjA=","oid":"5b90e7bbd15d75093cb588e6","stateId":"70F3F6CF-508D-43b2-B594-87B2397CF912","mdlId":"A0D43D97-A0CF-4664-8031-A1C8EBCEE1BE"},{"author":"O.Conrad (c) 2013","parameters":[{"inputs":[{"constraints":"","description":"","identifier":"DEM","name":"Elevation","optional":"false","type":"Grid (input)"}]},{"outputs":[{"constraints":"","description":"","identifier":"VALLEY","name":"Valley Depth","optional":"true","type":"Grid (optional output)"},{"constraints":"","description":"","identifier":"HILL","name":"Hill Height","optional":"true","type":"Grid (optional output)"},{"constraints":"","description":"","identifier":"VALLEY_IDX","name":"Valley Index","optional":"false","type":"Grid (output)"},{"constraints":"","description":"","identifier":"HILL_IDX","name":"Hill Index","optional":"false","type":"Grid (output)"},{"constraints":"","description":"","identifier":"SLOPE_IDX","name":"Hillslope Index","optional":"true","type":"Grid (optional output)"}]},{"optionals":[{"constraints":"","description":"","identifier":"PARAMETERS_GRID_SYSTEM","name":"Grid system","type":"Grid system"},{"constraints":"Minimum: 0.000000\nDefault: 1000.000000","description":"radius given in map units used to fill valleys","identifier":"RADIUS_VALLEY","name":"Valley Radius","type":"Floating point"},{"constraints":"Minimum: 0.000000\nDefault: 1000.000000","description":"radius given in map units used to cut hills","identifier":"RADIUS_HILL","name":"Hill Radius","type":"Floating point"},{"constraints":"Minimum: 0.000000\nDefault: 100.000000","description":"elevation threshold used to identify hills/valleys","identifier":"THRESHOLD","name":"Elevation Threshold","type":"Floating point"},{"constraints":"Available Choices:\n[0] default\n[1] alternative\nDefault: 0","description":"","identifier":"METHOD","name":"Slope Index","type":"Choice"}]}],"tool_description":"Calculating fuzzy valley and ridge class memberships using the Top Hat approach. Based on the AML script 'tophat' by Jochen Schmidt, Landcare Research. \n\nReferences:\nRodriguez, F., Maire, E., Courjault-Rad'e, P., Darrozes, J. (2002): The Black Top Hat function applied to a DEM: a tool to estimate recent incision in a mountainous watershed. (Estib`ere Watershed, Central Pyrenees). Geophysical Research Letters, 29(6), 9-1 - 9-4.\n","tool_id":"24","tool_name":"Valley and Ridge Detection (Top Hat Approach)","tool_path":"http://geomodeling.njnu.edu.cn/OpenGMS/page/model-item-info/model-item-info.html?ODIwZDA3NjAtZWJlMy00ZjVlLWI5ZmItZjk1NzM4ODQwYjg4NmM=","oid":"5b90e7bbd15d75093cb588e7","stateId":"1F3B54CA-B582-4f0b-B710-16D6B5E35538","mdlId":"539CF334-4E7F-44f4-9741-9B70F1F56974"},{"author":"O.Conrad (c) 2013","parameters":[{"inputs":[{"constraints":"","description":"","identifier":"SLOPE","name":"Slope","optional":"false","type":"Grid (input)"},{"constraints":"","description":"","identifier":"MINCURV","name":"Minimum Curvature","optional":"false","type":"Grid (input)"},{"constraints":"","description":"","identifier":"MAXCURV","name":"Maximum Curvature","optional":"false","type":"Grid (input)"},{"constraints":"","description":"","identifier":"PCURV","name":"Profile Curvature","optional":"false","type":"Grid (input)"},{"constraints":"","description":"","identifier":"TCURV","name":"Tangential Curvature","optional":"false","type":"Grid (input)"}]},{"outputs":[{"constraints":"","description":"","identifier":"PLAIN","name":"Plain","optional":"true","type":"Grid (optional output)"},{"constraints":"","description":"","identifier":"PIT","name":"Pit","optional":"true","type":"Grid (optional output)"},{"constraints":"","description":"","identifier":"PEAK","name":"Peak","optional":"true","type":"Grid (optional output)"},{"constraints":"","description":"","identifier":"RIDGE","name":"Ridge","optional":"true","type":"Grid (optional output)"},{"constraints":"","description":"","identifier":"CHANNEL","name":"Channel","optional":"true","type":"Grid (optional output)"},{"constraints":"","description":"","identifier":"SADDLE","name":"Saddle","optional":"true","type":"Grid (optional output)"},{"constraints":"","description":"","identifier":"BSLOPE","name":"Back Slope","optional":"true","type":"Grid (optional output)"},{"constraints":"","description":"","identifier":"FSLOPE","name":"Foot Slope","optional":"true","type":"Grid (optional output)"},{"constraints":"","description":"","identifier":"SSLOPE","name":"Shoulder Slope","optional":"true","type":"Grid (optional output)"},{"constraints":"","description":"","identifier":"HOLLOW","name":"Hollow","optional":"true","type":"Grid (optional output)"},{"constraints":"","description":"","identifier":"FHOLLOW","name":"Foot Hollow","optional":"true","type":"Grid (optional output)"},{"constraints":"","description":"","identifier":"SHOLLOW","name":"Shoulder Hollow","optional":"true","type":"Grid (optional output)"},{"constraints":"","description":"","identifier":"SPUR","name":"Spur","optional":"true","type":"Grid (optional output)"},{"constraints":"","description":"","identifier":"FSPUR","name":"Foot Spur","optional":"true","type":"Grid (optional output)"},{"constraints":"","description":"","identifier":"SSPUR","name":"Shoulder Spur","optional":"true","type":"Grid (optional output)"},{"constraints":"","description":"","identifier":"FORM","name":"Landform","optional":"false","type":"Grid (output)"},{"constraints":"","description":"","identifier":"MEM","name":"Maximum Membership","optional":"false","type":"Grid (output)"},{"constraints":"","description":"","identifier":"ENTROPY","name":"Entropy","optional":"false","type":"Grid (output)"},{"constraints":"","description":"","identifier":"CI","name":"Confusion Index","optional":"false","type":"Grid (output)"}]},{"optionals":[{"constraints":"","description":"","identifier":"PARAMETERS_GRID_SYSTEM","name":"Grid system","type":"Grid system"},{"constraints":"Available Choices:\n[0] degree\n[1] radians\nDefault: 0","description":"","identifier":"SLOPETODEG","name":"Slope Grid Units","type":"Choice"},{"constraints":"","description":"lower and upper thresholds for semantic import model, planar vs. sloped areas","identifier":"T_SLOPE","name":"Slope Thresholds [Degree]","type":"Value range"},{"constraints":"","description":"lower and upper thresholds for semantic import model, straight vs. curved areas","identifier":"T_CURVE","name":"Curvature Thresholds [1 / m]","type":"Value range"}]}],"tool_description":"Algorithm for derivation of form elements according to slope, maximum curvature, minimum curvature, profile curvature, tangential curvature, based on a linear semantic import model for slope and curvature and a fuzzy classification Based on the AML script 'felementf' by Jochen Schmidt, Landcare Research. \n","tool_id":"25","tool_name":"Fuzzy Landform Element Classification","tool_path":"http://geomodeling.njnu.edu.cn/OpenGMS/page/model-item-info/model-item-info.html?M2M3MTQzOGQtM2Q0Ny00YTY4LTg0ZTEtNWE1N2Q4ODAzODBjNzM=","oid":"5b90e7bbd15d75093cb588e8","stateId":"C1284F8D-956A-40d9-9BE3-586CABCFBB28","mdlId":"802A5B8E-F388-4fe8-8DB0-7D3F7F360C19"},{"author":"P.Gandelli, O.Conrad (c) 2015","parameters":[{"inputs":[{"constraints":"","description":"","identifier":"DEM","name":"Elevation","optional":"false","type":"Grid (input)"}]},{"outputs":[{"constraints":"","description":"","identifier":"C_LOCAL","name":"Local Curvature","optional":"false","type":"Grid (output)"},{"constraints":"","description":"","identifier":"C_UP","name":"Upslope Curvature","optional":"false","type":"Grid (output)"},{"constraints":"","description":"","identifier":"C_UP_LOCAL","name":"Local Upslope Curvature","optional":"false","type":"Grid (output)"},{"constraints":"","description":"","identifier":"C_DOWN","name":"Downslope Curvature","optional":"false","type":"Grid (output)"},{"constraints":"","description":"","identifier":"C_DOWN_LOCAL","name":"Local Downslope Curvature","optional":"false","type":"Grid (output)"}]},{"optionals":[{"constraints":"","description":"","identifier":"PARAMETERS_GRID_SYSTEM","name":"Grid system","type":"Grid system"},{"constraints":"Minimum: 0.000000\nMaximum: 1.000000\nDefault: 0.500000","description":"","identifier":"WEIGHTING","name":"Upslope Weighting","type":"Floating point"}]}],"tool_description":"Calculates the local curvature of a cell as sum of the gradients to its neighbour cells. Upslope curvature is the distance weighted average local curvature in a cell's upslope contributing area based on multiple flow direction after Freeman 1994. \nReferences:\n- Freeman, G.T. (1991): Calculating catchment area with divergent flow based on a regular grid.   Computers and Geosciences, 17:413-22\n","tool_id":"26","tool_name":"Upslope and Downslope Curvature","tool_path":"http://geomodeling.njnu.edu.cn/OpenGMS/page/model-item-info/model-item-info.html?YjFjOTQ4ZjQtMjAwYS00YzJjLWEwODMtNDQzY2QwN2IzZjgzMDY=","oid":"5b90e7bbd15d75093cb588e9","stateId":"743BA941-4A9B-482d-9782-798D02278CE9","mdlId":"33207A6B-9779-4fec-9F44-B79080A80CB0"},{"author":"J.Boehner, O.Conrad (c) 2015","parameters":[{"inputs":[{"constraints":"","description":"","identifier":"DEM","name":"Elevation","optional":"false","type":"Grid (input)"}]},{"outputs":[{"constraints":"","description":"","identifier":"EXPOSITION","name":"Wind Exposition","optional":"false","type":"Grid (output)"}]},{"optionals":[{"constraints":"","description":"","identifier":"PARAMETERS_GRID_SYSTEM","name":"Grid system","type":"Grid system"},{"constraints":"Minimum: 0.000000\nDefault: 300.000000","description":"","identifier":"MAXDIST","name":"Search Distance [km]","type":"Floating point"},{"constraints":"Minimum: 1.000000\nMaximum: 45.000000\nDefault: 15.000000","description":"","identifier":"STEP","name":"Angular Step Size (Degree)","type":"Floating point"},{"constraints":"Default: 0","description":"use old version for constant wind direction (no acceleration and averaging option)","identifier":"OLDVER","name":"Old Version","type":"Boolean"},{"constraints":"Minimum: 1.000000\nDefault: 1.500000","description":"","identifier":"ACCEL","name":"Acceleration","type":"Floating point"},{"constraints":"Default: 0","description":"use more averaged elevations when looking at increasing distances","identifier":"PYRAMIDS","name":"Elevation Averaging","type":"Boolean"}]}],"tool_description":"This tool calculates the average 'Wind Effect Index' for all directions using an angular step. Like the 'Wind Effect Index' it is a dimensionless index. Values below 1 indicate wind shadowed areas whereas values above 1 indicate areas exposed to wind.","tool_id":"27","tool_name":"Wind Exposition Index","tool_path":"http://geomodeling.njnu.edu.cn/OpenGMS/page/model-item-info/model-item-info.html?MjQwYTllOTUtOTRiZC00NGQyLWE0YjItOGJjNGQzZTA5NmM4NWU=","oid":"5b90e7bbd15d75093cb588ea","stateId":"E767BAD7-2EED-4576-A10E-760DCE6B3938","mdlId":"3C887F8B-5B39-4467-94EC-13FC6F960D32"},{"author":"O.Conrad (c) 2016","parameters":[{"inputs":[{"constraints":"","description":"","identifier":"DEM","name":"Elevation","optional":"false","type":"Grid (input)"}]},{"outputs":[{"constraints":"","description":"","identifier":"TPI","name":"Topographic Position Index","optional":"false","type":"Grid (output)"}]},{"optionals":[{"constraints":"","description":"","identifier":"PARAMETERS_GRID_SYSTEM","name":"Grid system","type":"Grid system"},{"constraints":"Minimum: 1\nDefault: 1","description":"kernel radius in cells","identifier":"SCALE_MIN","name":"Minimum Scale","type":"Integer"},{"constraints":"Minimum: 1\nDefault: 8","description":"kernel radius in cells","identifier":"SCALE_MAX","name":"Maximum Scale","type":"Integer"},{"constraints":"Minimum: 2\nDefault: 3","description":"","identifier":"SCALE_NUM","name":"Number of Scales","type":"Integer"},{"constraints":"Default: 0","description":"update view for each integration step","identifier":"UPDATE","name":"Update","type":"Boolean"}]}],"tool_description":"Topographic Position Index (TPI) calculation as proposed by Guisan et al. (1999).\n\nThis implementation calculates the TPI for different scales and integrates these into one single grid. The hierarchical integration is achieved by starting with the standardized TPI values of the largest scale, then adding standardized values from smaller scales where the (absolute) values from the smaller scale exceed those from the larger scale. This integration scheme has been proposed by N. Zimmermann.","tool_id":"28","tool_name":"Multi-Scale Topographic Position Index (TPI)","tool_path":"http://geomodeling.njnu.edu.cn/OpenGMS/page/model-item-info/model-item-info.html?YmQwMGNhZDctMTkyYy00MmM2LWJhMWMtOThmNDViZjY3ODRhNDY=","oid":"5b90e7bbd15d75093cb588eb","stateId":"21577F3A-5F65-4f48-A9B5-685F5B5B800F","mdlId":"458A7E3E-F635-4057-B436-E65FA6427A88"}]}