{
  "Version": "1.0",
  "author": "O. Conrad, V. Olaya (c) 2004-06",
  "library_description": "Simple, flow path and swath profiles.",
  "library_name": "ta_profiles",
  "library_name_title": "Ta Profiles",
  "tools": [
    {
      "author": "(c) 2004 by O.Conrad",
      "parameters": [
        {
          "inputs": [
            {
              "constraints": "",
              "description": "",
              "identifier": "DEM",
              "name": "DEM",
              "optional": "false",
              "type": "Grid (input)"
            },
            {
              "constraints": "",
              "description": "Additional values that shall be saved to the output table.",
              "identifier": "VALUES",
              "name": "Values",
              "optional": "true",
              "type": "Grid list (optional input)"
            }
          ]
        },
        {
          "outputs": [
            {
              "constraints": "",
              "description": "",
              "identifier": "POINTS",
              "name": "Profile Points",
              "optional": "false",
              "type": "Shapes (output)"
            },
            {
              "constraints": "",
              "description": "",
              "identifier": "LINE",
              "name": "Profile Line",
              "optional": "false",
              "type": "Shapes (output)"
            }
          ]
        },
        {
          "optionals": [
            {
              "constraints": "",
              "description": "",
              "identifier": "PARAMETERS_GRID_SYSTEM",
              "name": "Grid system",
              "type": "Grid system"
            }
          ]
        }
      ],
      "tool_description": "Create interactively profiles from a grid based DEM\nUse left mouse button clicks into a map window to add profile points.A right mouse button click will finish the profile.",
      "tool_id": "0",
      "tool_name": "Profile"
    },
    {
      "author": "(c) 2004 by O.Conrad",
      "parameters": [
        {
          "inputs": [
            {
              "constraints": "",
              "description": "",
              "identifier": "DEM",
              "name": "DEM",
              "optional": "false",
              "type": "Grid (input)"
            },
            {
              "constraints": "",
              "description": "Additional values that shall be saved to the output table.",
              "identifier": "VALUES",
              "name": "Values",
              "optional": "true",
              "type": "Grid list (optional input)"
            }
          ]
        },
        {
          "outputs": [
            {
              "constraints": "",
              "description": "",
              "identifier": "POINTS",
              "name": "Profile Points",
              "optional": "false",
              "type": "Shapes (output)"
            },
            {
              "constraints": "",
              "description": "",
              "identifier": "LINE",
              "name": "Profile Line",
              "optional": "false",
              "type": "Shapes (output)"
            }
          ]
        },
        {
          "optionals": [
            {
              "constraints": "",
              "description": "",
              "identifier": "PARAMETERS_GRID_SYSTEM",
              "name": "Grid system",
              "type": "Grid system"
            }
          ]
        }
      ],
      "tool_description": "Create interactively flow path profiles from a grid based DEM\nUse a left mouse button click to create a flow profile starting from the clicked point.",
      "tool_id": "1",
      "tool_name": "Flow Path Profile"
    },
    {
      "author": "O.Conrad (c) 2005",
      "parameters": [
        {
          "inputs": [
            {
              "constraints": "",
              "description": "",
              "identifier": "DEM",
              "name": "DEM",
              "optional": "false",
              "type": "Grid (input)"
            },
            {
              "constraints": "",
              "description": "Additional values that shall be saved to the output table.",
              "identifier": "VALUES",
              "name": "Values",
              "optional": "true",
              "type": "Grid list (optional input)"
            }
          ]
        },
        {
          "outputs": [
            {
              "constraints": "",
              "description": "",
              "identifier": "POINTS",
              "name": "Profile Points",
              "optional": "false",
              "type": "Shapes (output)"
            },
            {
              "constraints": "",
              "description": "",
              "identifier": "LINE",
              "name": "Swath Profile",
              "optional": "false",
              "type": "Shapes (output)"
            }
          ]
        },
        {
          "optionals": [
            {
              "constraints": "",
              "description": "",
              "identifier": "PARAMETERS_GRID_SYSTEM",
              "name": "Grid system",
              "type": "Grid system"
            },
            {
              "constraints": "Minimum: 0.000000\nDefault: 100.000000",
              "description": "Swath width measured in map units.",
              "identifier": "WIDTH",
              "name": "Swath Width",
              "type": "Floating point"
            }
          ]
        }
      ],
      "tool_description": "Create interactively swath profiles from a grid based DEM\nUse left mouse button clicks into a map window to add profile points.A right mouse button click will finish the profile.\nGenerated outputs for the swath profile are arithmetic mean, minimum, maximum values and the standard deviation.\n",
      "tool_id": "2",
      "tool_name": "Swath Profile"
    },
    {
      "author": "O.Conrad (c) 2006",
      "parameters": [
        {
          "inputs": [
            {
              "constraints": "",
              "description": "",
              "identifier": "DEM",
              "name": "DEM",
              "optional": "false",
              "type": "Grid (input)"
            },
            {
              "constraints": "",
              "description": "",
              "identifier": "LINES",
              "name": "Lines",
              "optional": "false",
              "type": "Shapes (input)"
            }
          ]
        },
        {
          "outputs": [
            {
              "constraints": "",
              "description": "",
              "identifier": "PROFILES",
              "name": "Cross Profiles",
              "optional": "false",
              "type": "Shapes (output)"
            }
          ]
        },
        {
          "optionals": [
            {
              "constraints": "",
              "description": "",
              "identifier": "PARAMETERS_GRID_SYSTEM",
              "name": "Grid system",
              "type": "Grid system"
            },
            {
              "constraints": "Minimum: 0.000000\nDefault: 10.000000",
              "description": "",
              "identifier": "DIST_LINE",
              "name": "Profile Distance",
              "type": "Floating point"
            },
            {
              "constraints": "Minimum: 0.000000\nDefault: 10.000000",
              "description": "",
              "identifier": "DIST_PROFILE",
              "name": "Profile Length",
              "type": "Floating point"
            },
            {
              "constraints": "Minimum: 3\nDefault: 10",
              "description": "",
              "identifier": "NUM_PROFILE",
              "name": "Profile Samples",
              "type": "Integer"
            }
          ]
        }
      ],
      "tool_description": "Create cross profiles from a grid based DEM for given lines.\n",
      "tool_id": "3",
      "tool_name": "Cross Profiles"
    },
    {
      "author": "O.Conrad (c) 2006",
      "parameters": [
        {
          "inputs": [
            {
              "constraints": "",
              "description": "",
              "identifier": "DEM",
              "name": "DEM",
              "optional": "false",
              "type": "Grid (input)"
            },
            {
              "constraints": "",
              "description": "Additional values that shall be saved to the output table.",
              "identifier": "VALUES",
              "name": "Values",
              "optional": "true",
              "type": "Grid list (optional input)"
            },
            {
              "constraints": "",
              "description": "",
              "identifier": "LINES",
              "name": "Lines",
              "optional": "false",
              "type": "Shapes (input)"
            }
          ]
        },
        {
          "outputs": [
            {
              "constraints": "",
              "description": "",
              "identifier": "PROFILE",
              "name": "Profiles",
              "optional": "true",
              "type": "Shapes (optional output)"
            },
            {
              "constraints": "",
              "description": "",
              "identifier": "PROFILES",
              "name": "Profiles",
              "optional": "true",
              "type": "Shapes list (optional output)"
            }
          ]
        },
        {
          "optionals": [
            {
              "constraints": "",
              "description": "",
              "identifier": "PARAMETERS_GRID_SYSTEM",
              "name": "Grid system",
              "type": "Grid system"
            },
            {
              "constraints": "",
              "description": "Naming for split lines",
              "identifier": "NAME",
              "name": "Name",
              "type": "Table field"
            },
            {
              "constraints": "Default: 0",
              "description": "",
              "identifier": "SPLIT",
              "name": "Each Line as new Profile",
              "type": "Boolean"
            }
          ]
        }
      ],
      "tool_description": "Create profiles from a grid based DEM for each line of a lines layer. ",
      "tool_id": "4",
      "tool_name": "Profiles from Lines"
    },
    {
      "author": "",
      "parameters": [
        {
          "inputs": [
            {
              "constraints": "",
              "description": "",
              "identifier": "GRID",
              "name": "Grid",
              "optional": "false",
              "type": "Grid (input)"
            },
            {
              "constraints": "",
              "description": "",
              "identifier": "TABLE",
              "name": "Input",
              "optional": "false",
              "type": "Table (input)"
            }
          ]
        },
        {
          "outputs": [
            {
              "constraints": "",
              "description": "",
              "identifier": "RESULT",
              "name": "Result",
              "optional": "false",
              "type": "Table (output)"
            }
          ]
        },
        {
          "optionals": [
            {
              "constraints": "",
              "description": "",
              "identifier": "PARAMETERS_GRID_SYSTEM",
              "name": "Grid system",
              "type": "Grid system"
            },
            {
              "constraints": "",
              "description": "",
              "identifier": "X",
              "name": "X",
              "type": "Table field"
            },
            {
              "constraints": "",
              "description": "",
              "identifier": "Y",
              "name": "Y",
              "type": "Table field"
            }
          ]
        }
      ],
      "tool_description": "(c) 2004 by Victor Olaya. Creates a profile from coordinates stored in a table",
      "tool_id": "5",
      "tool_name": "Profile from points"
    }
  ]
}

