{"Version":"1.0","author":"O. Conrad, V. Olaya (c) 2004-06","library_description":"Simple, flow path and swath profiles.","library_name":"ta_profiles","library_name_title":"Ta Profiles","tools":[{"author":"(c) 2004 by O.Conrad","parameters":[{"inputs":[{"constraints":"","description":"","identifier":"DEM","name":"DEM","optional":"false","type":"Grid (input)"},{"constraints":"","description":"Additional values that shall be saved to the output table.","identifier":"VALUES","name":"Values","optional":"true","type":"Grid list (optional input)"}]},{"outputs":[{"constraints":"","description":"","identifier":"POINTS","name":"Profile Points","optional":"false","type":"Shapes (output)"},{"constraints":"","description":"","identifier":"LINE","name":"Profile Line","optional":"false","type":"Shapes (output)"}]},{"optionals":[{"constraints":"","description":"","identifier":"PARAMETERS_GRID_SYSTEM","name":"Grid system","type":"Grid system"}]}],"tool_description":"Create interactively profiles from a grid based DEM\nUse left mouse button clicks into a map window to add profile points.A right mouse button click will finish the profile.","tool_id":"0","tool_name":"Profile","tool_path":"http://geomodeling.njnu.edu.cn/OpenGMS/page/model-item-info/model-item-info.html?ZWNmY2Y5YjQtMjYwNC00MWI4LWE0NjAtNGEwYWIyMDk2MmRhNTg=","oid":"5b90e7bbd15d75093cb588fa","stateId":"1BB835BC-8161-416b-A1CF-A471164C3E50","mdlId":"1B4EA49E-570E-413d-B793-79C61F7A1A52"},{"author":"(c) 2004 by O.Conrad","parameters":[{"inputs":[{"constraints":"","description":"","identifier":"DEM","name":"DEM","optional":"false","type":"Grid (input)"},{"constraints":"","description":"Additional values that shall be saved to the output table.","identifier":"VALUES","name":"Values","optional":"true","type":"Grid list (optional input)"}]},{"outputs":[{"constraints":"","description":"","identifier":"POINTS","name":"Profile Points","optional":"false","type":"Shapes (output)"},{"constraints":"","description":"","identifier":"LINE","name":"Profile Line","optional":"false","type":"Shapes (output)"}]},{"optionals":[{"constraints":"","description":"","identifier":"PARAMETERS_GRID_SYSTEM","name":"Grid system","type":"Grid system"}]}],"tool_description":"Create interactively flow path profiles from a grid based DEM\nUse a left mouse button click to create a flow profile starting from the clicked point.","tool_id":"1","tool_name":"Flow Path Profile","tool_path":"http://geomodeling.njnu.edu.cn/OpenGMS/page/model-item-info/model-item-info.html?MmFlYjhlNDctMTBjMC00N2UyLTg5OGEtNDU0MjA2NTRmODlkODY=","oid":"5b90e7bbd15d75093cb588fb","stateId":"69DB6684-A5F2-4360-80CD-D708D26FCF04","mdlId":"3804A6D1-4138-4867-97BF-9C950D31D5A9"},{"author":"O.Conrad (c) 2005","parameters":[{"inputs":[{"constraints":"","description":"","identifier":"DEM","name":"DEM","optional":"false","type":"Grid (input)"},{"constraints":"","description":"Additional values that shall be saved to the output table.","identifier":"VALUES","name":"Values","optional":"true","type":"Grid list (optional input)"}]},{"outputs":[{"constraints":"","description":"","identifier":"POINTS","name":"Profile Points","optional":"false","type":"Shapes (output)"},{"constraints":"","description":"","identifier":"LINE","name":"Swath Profile","optional":"false","type":"Shapes (output)"}]},{"optionals":[{"constraints":"","description":"","identifier":"PARAMETERS_GRID_SYSTEM","name":"Grid system","type":"Grid system"},{"constraints":"Minimum: 0.000000\nDefault: 100.000000","description":"Swath width measured in map units.","identifier":"WIDTH","name":"Swath Width","type":"Floating point"}]}],"tool_description":"Create interactively swath profiles from a grid based DEM\nUse left mouse button clicks into a map window to add profile points.A right mouse button click will finish the profile.\nGenerated outputs for the swath profile are arithmetic mean, minimum, maximum values and the standard deviation.\n","tool_id":"2","tool_name":"Swath Profile","tool_path":"http://geomodeling.njnu.edu.cn/OpenGMS/page/model-item-info/model-item-info.html?ZmMyM2NhZWMtZWIzYS00MGNkLTkzZDItZWUwNmVkZGQ1N2RiMzE=","oid":"5b90e7bbd15d75093cb588fc","stateId":"C9B27019-D71F-4528-A174-4CE87256E927","mdlId":"2D5CB970-5413-46ba-8F3A-9A8EE0327443"},{"author":"O.Conrad (c) 2006","parameters":[{"inputs":[{"constraints":"","description":"","identifier":"DEM","name":"DEM","optional":"false","type":"Grid (input)"},{"constraints":"","description":"","identifier":"LINES","name":"Lines","optional":"false","type":"Shapes (input)"}]},{"outputs":[{"constraints":"","description":"","identifier":"PROFILES","name":"Cross Profiles","optional":"false","type":"Shapes (output)"}]},{"optionals":[{"constraints":"","description":"","identifier":"PARAMETERS_GRID_SYSTEM","name":"Grid system","type":"Grid system"},{"constraints":"Minimum: 0.000000\nDefault: 10.000000","description":"","identifier":"DIST_LINE","name":"Profile Distance","type":"Floating point"},{"constraints":"Minimum: 0.000000\nDefault: 10.000000","description":"","identifier":"DIST_PROFILE","name":"Profile Length","type":"Floating point"},{"constraints":"Minimum: 3\nDefault: 10","description":"","identifier":"NUM_PROFILE","name":"Profile Samples","type":"Integer"}]}],"tool_description":"Create cross profiles from a grid based DEM for given lines.\n","tool_id":"3","tool_name":"Cross Profiles","tool_path":"http://geomodeling.njnu.edu.cn/OpenGMS/page/model-item-info/model-item-info.html?NGViOTRkMmItNzgwYy00YWY0LTk0OWItYTY3MWJmM2MxMDFlN2Y=","oid":"5b90e7bbd15d75093cb588fd","stateId":"1458C163-0468-457b-83A4-935D8697795E","mdlId":"55E64654-6DFF-4e5d-8939-71FAC27137EA"},{"author":"O.Conrad (c) 2006","parameters":[{"inputs":[{"constraints":"","description":"","identifier":"DEM","name":"DEM","optional":"false","type":"Grid (input)"},{"constraints":"","description":"Additional values that shall be saved to the output table.","identifier":"VALUES","name":"Values","optional":"true","type":"Grid list (optional input)"},{"constraints":"","description":"","identifier":"LINES","name":"Lines","optional":"false","type":"Shapes (input)"}]},{"outputs":[{"constraints":"","description":"","identifier":"PROFILE","name":"Profiles","optional":"true","type":"Shapes (optional output)"},{"constraints":"","description":"","identifier":"PROFILES","name":"Profiles","optional":"true","type":"Shapes list (optional output)"}]},{"optionals":[{"constraints":"","description":"","identifier":"PARAMETERS_GRID_SYSTEM","name":"Grid system","type":"Grid system"},{"constraints":"","description":"Naming for split lines","identifier":"NAME","name":"Name","type":"Table field"},{"constraints":"Default: 0","description":"","identifier":"SPLIT","name":"Each Line as new Profile","type":"Boolean"}]}],"tool_description":"Create profiles from a grid based DEM for each line of a lines layer. ","tool_id":"4","tool_name":"Profiles from Lines","tool_path":"http://geomodeling.njnu.edu.cn/OpenGMS/page/model-item-info/model-item-info.html?MDhjYzkyOTctNTlkMC00YTA4LWI2NjItOTJlYzQ4YjZhMjdlMGQ=","oid":"5b90e7bbd15d75093cb588fe","stateId":"4430B4D3-EC2B-41a1-9ED6-4E9284020EF4","mdlId":"8F099ADC-68E6-4185-93D1-91EDD99931F7"},{"author":"","parameters":[{"inputs":[{"constraints":"","description":"","identifier":"GRID","name":"Grid","optional":"false","type":"Grid (input)"},{"constraints":"","description":"","identifier":"TABLE","name":"Input","optional":"false","type":"Table (input)"}]},{"outputs":[{"constraints":"","description":"","identifier":"RESULT","name":"Result","optional":"false","type":"Table (output)"}]},{"optionals":[{"constraints":"","description":"","identifier":"PARAMETERS_GRID_SYSTEM","name":"Grid system","type":"Grid system"},{"constraints":"","description":"","identifier":"X","name":"X","type":"Table field"},{"constraints":"","description":"","identifier":"Y","name":"Y","type":"Table field"}]}],"tool_description":"(c) 2004 by Victor Olaya. Creates a profile from coordinates stored in a table","tool_id":"5","tool_name":"Profile from points","tool_path":"http://geomodeling.njnu.edu.cn/OpenGMS/page/model-item-info/model-item-info.html?YzI4MWM4OTgtMzMwMy00ZjJiLWJjOGMtNzAyZjE4ZDI2ZWU3NDM=","oid":"5b90e7bbd15d75093cb588ff","stateId":"D0FFCA5A-D394-491e-B180-5362E65677DB","mdlId":"224C2BA0-34D6-4e77-9574-DD3EF67FB5ED"}]}